[2025-05-19T18:14:44.562+0000][0.008s][1668][1771][info] Heap region size: 16M
[2025-05-19T18:14:44.562+0000][0.009s][1668][1771][debug] Minimum heap 8254390272  Initial heap 8254390272  Maximum heap 8254390272
[2025-05-19T18:14:44.563+0000][0.009s][1668][1771][trace] Trying to allocate at address 0x0000000614000000 heap of size 0x1ec000000
[2025-05-19T18:14:44.564+0000][0.010s][1668][1771][debug] Expand the heap. requested expansion amount: 8254390272B expansion amount: 8254390272B
[2025-05-19T18:14:44.564+0000][0.010s][1668][1771][debug] Running G1 PreTouch with 7 workers for 7 work units pre-touching 8254390272B.
[2025-05-19T18:14:50.816+0000][6.263s][1668][1771][debug] Running G1 PreTouch with 1 workers for 1 work units pre-touching 128974848B.
[2025-05-19T18:14:50.970+0000][6.417s][1668][1771][debug] Running G1 PreTouch with 1 workers for 1 work units pre-touching 128974848B.
[2025-05-19T18:14:51.107+0000][6.553s][1668][1771][debug] Running G1 PreTouch with 1 workers for 1 work units pre-touching 16121856B.
[2025-05-19T18:14:51.125+0000][6.572s][1668][1771][debug] Running G1 PreTouch with 1 workers for 1 work units pre-touching 16121856B.
[2025-05-19T18:14:51.193+0000][6.640s][1668][1771][debug] Running G1 PreTouch with 1 workers for 1 work units pre-touching 16121856B.
[2025-05-19T18:14:51.223+0000][6.670s][1668][1771][info ] Using G1
[2025-05-19T18:14:51.223+0000][6.670s][1668][1771][info ] Heap address: 0x0000000614000000, size: 7872 MB, Compressed Oops mode: Zero based, Oop shift amount: 3
[2025-05-19T18:14:51.236+0000][6.682s][1668][1771][trace] Restored java.lang.Object archived mirror 0x00000007bef2fe20
[2025-05-19T18:14:51.236+0000][6.683s][1668][1771][trace] Restored [Ljava.lang.Object; archived mirror 0x00000007bef2fdb0
[2025-05-19T18:14:51.236+0000][6.683s][1668][1771][trace] Restored java.io.Serializable archived mirror 0x00000007bef2faa0
[2025-05-19T18:14:51.236+0000][6.683s][1668][1771][trace] Restored [Ljava.io.Serializable; archived mirror 0x00000007bef2fa30
[2025-05-19T18:14:51.236+0000][6.683s][1668][1771][trace] Restored java.lang.Comparable archived mirror 0x00000007bef2f3c8
[2025-05-19T18:14:51.236+0000][6.683s][1668][1771][trace] Restored [Ljava.lang.Comparable; archived mirror 0x00000007bef2f358
[2025-05-19T18:14:51.236+0000][6.683s][1668][1771][trace] Restored java.lang.CharSequence archived mirror 0x00000007bef2b7d0
[2025-05-19T18:14:51.237+0000][6.683s][1668][1771][trace] Restored [Ljava.lang.CharSequence; archived mirror 0x00000007bef2b760
[2025-05-19T18:14:51.237+0000][6.683s][1668][1771][trace] Restored java.lang.String archived mirror 0x00000007bef2b6d8
[2025-05-19T18:14:51.237+0000][6.683s][1668][1771][trace] Restored [Ljava.lang.String; archived mirror 0x00000007bef2b668
[2025-05-19T18:14:51.237+0000][6.683s][1668][1771][trace] Restored java.lang.reflect.AnnotatedElement archived mirror 0x00000007bef2fc60
[2025-05-19T18:14:51.237+0000][6.683s][1668][1771][trace] Restored [Ljava.lang.reflect.AnnotatedElement; archived mirror 0x00000007bef2fbf0
[2025-05-19T18:14:51.237+0000][6.683s][1668][1771][trace] Restored java.lang.reflect.GenericDeclaration archived mirror 0x00000007bef2fb80
[2025-05-19T18:14:51.237+0000][6.683s][1668][1771][trace] Restored [Ljava.lang.reflect.GenericDeclaration; archived mirror 0x00000007bef2fb10
[2025-05-19T18:14:51.237+0000][6.683s][1668][1771][trace] Restored java.lang.reflect.Type archived mirror 0x00000007bef2fd40
[2025-05-19T18:14:51.237+0000][6.683s][1668][1771][trace] Restored [Ljava.lang.reflect.Type; archived mirror 0x00000007bef2fcd0
[2025-05-19T18:14:51.237+0000][6.683s][1668][1771][trace] Restored java.lang.Class archived mirror 0x00000007bef2f998
[2025-05-19T18:14:51.237+0000][6.684s][1668][1771][trace] Restored [Ljava.lang.Class; archived mirror 0x00000007bef2f928
[2025-05-19T18:14:51.237+0000][6.684s][1668][1771][trace] Restored java.lang.Cloneable archived mirror 0x00000007bef33c20
[2025-05-19T18:14:51.237+0000][6.684s][1668][1771][trace] Restored java.lang.ClassLoader archived mirror 0x00000007bef33ab8
[2025-05-19T18:14:51.237+0000][6.684s][1668][1771][trace] Restored java.lang.System archived mirror 0x00000007bef339a8
[2025-05-19T18:14:51.237+0000][6.684s][1668][1771][trace] Restored java.lang.Throwable archived mirror 0x00000007bef2f798
[2025-05-19T18:14:51.238+0000][6.684s][1668][1771][trace] Restored [Ljava.lang.Throwable; archived mirror 0x00000007bef2f728
[2025-05-19T18:14:51.238+0000][6.684s][1668][1771][trace] Restored java.lang.Error archived mirror 0x00000007bef2f6b0
[2025-05-19T18:14:51.238+0000][6.684s][1668][1771][trace] Restored [Ljava.lang.Error; archived mirror 0x00000007bef2f640
[2025-05-19T18:14:51.238+0000][6.684s][1668][1771][trace] Restored java.lang.ThreadDeath archived mirror 0x00000007bef338d0
[2025-05-19T18:14:51.238+0000][6.684s][1668][1771][trace] Restored java.lang.Exception archived mirror 0x00000007bef33858
[2025-05-19T18:14:51.238+0000][6.684s][1668][1771][trace] Restored java.lang.RuntimeException archived mirror 0x00000007bef337e0
[2025-05-19T18:14:51.238+0000][6.684s][1668][1771][trace] Restored java.lang.SecurityManager archived mirror 0x00000007bef33600
[2025-05-19T18:14:51.238+0000][6.684s][1668][1771][trace] Restored java.security.ProtectionDomain archived mirror 0x00000007bef33548
[2025-05-19T18:14:51.238+0000][6.684s][1668][1771][trace] Restored java.security.AccessControlContext archived mirror 0x00000007bef33488
[2025-05-19T18:14:51.238+0000][6.684s][1668][1771][trace] Restored java.security.SecureClassLoader archived mirror 0x00000007bef33400
[2025-05-19T18:14:51.238+0000][6.684s][1668][1771][trace] Restored java.lang.ReflectiveOperationException archived mirror 0x00000007bef33388
[2025-05-19T18:14:51.238+0000][6.684s][1668][1771][trace] Restored java.lang.ClassNotFoundException archived mirror 0x00000007bef33310
[2025-05-19T18:14:51.238+0000][6.684s][1668][1771][trace] Restored java.lang.LinkageError archived mirror 0x00000007bef33298
[2025-05-19T18:14:51.238+0000][6.684s][1668][1771][trace] Restored java.lang.NoClassDefFoundError archived mirror 0x00000007bef33220
[2025-05-19T18:14:51.238+0000][6.684s][1668][1771][trace] Restored java.lang.ClassCastException archived mirror 0x00000007bef331a8
[2025-05-19T18:14:51.238+0000][6.684s][1668][1771][trace] Restored java.lang.ArrayStoreException archived mirror 0x00000007bef33130
[2025-05-19T18:14:51.238+0000][6.684s][1668][1771][trace] Restored java.lang.VirtualMachineError archived mirror 0x00000007bef2f5c8
[2025-05-19T18:14:51.238+0000][6.684s][1668][1771][trace] Restored [Ljava.lang.VirtualMachineError; archived mirror 0x00000007bef2f558
[2025-05-19T18:14:51.238+0000][6.684s][1668][1771][trace] Restored java.lang.OutOfMemoryError archived mirror 0x00000007bef2f4e0
[2025-05-19T18:14:51.238+0000][6.684s][1668][1771][trace] Restored [Ljava.lang.OutOfMemoryError; archived mirror 0x00000007bef2f470
[2025-05-19T18:14:51.238+0000][6.684s][1668][1771][trace] Restored java.lang.StackOverflowError archived mirror 0x00000007bef330b8
[2025-05-19T18:14:51.238+0000][6.684s][1668][1771][trace] Restored java.lang.IllegalMonitorStateException archived mirror 0x00000007bef33040
[2025-05-19T18:14:51.238+0000][6.684s][1668][1771][trace] Restored java.lang.ref.Reference archived mirror 0x00000007bef26568
[2025-05-19T18:14:51.238+0000][6.684s][1668][1771][trace] Restored [Ljava.lang.ref.Reference; archived mirror 0x00000007bef264f8
[2025-05-19T18:14:51.238+0000][6.684s][1668][1771][trace] Restored java.lang.ref.SoftReference archived mirror 0x00000007bef32fb0
[2025-05-19T18:14:51.238+0000][6.684s][1668][1771][trace] Restored java.lang.ref.WeakReference archived mirror 0x00000007bef26488
[2025-05-19T18:14:51.239+0000][6.685s][1668][1771][trace] Restored [Ljava.lang.ref.WeakReference; archived mirror 0x00000007bef26418
[2025-05-19T18:14:51.239+0000][6.686s][1668][1771][trace] Restored java.lang.ref.FinalReference archived mirror 0x00000007bef32f28
[2025-05-19T18:14:51.239+0000][6.686s][1668][1771][trace] Restored java.lang.ref.PhantomReference archived mirror 0x00000007bef32eb8
[2025-05-19T18:14:51.239+0000][6.686s][1668][1771][trace] Restored java.lang.ref.Finalizer archived mirror 0x00000007bef32e38
[2025-05-19T18:14:51.239+0000][6.686s][1668][1771][trace] Restored java.lang.Runnable archived mirror 0x00000007bef2d868
[2025-05-19T18:14:51.239+0000][6.686s][1668][1771][trace] Restored [Ljava.lang.Runnable; archived mirror 0x00000007bef2d7f8
[2025-05-19T18:14:51.239+0000][6.686s][1668][1771][trace] Restored java.lang.Thread archived mirror 0x00000007bef2d768
[2025-05-19T18:14:51.240+0000][6.686s][1668][1771][trace] Restored [Ljava.lang.Thread; archived mirror 0x00000007bef2d6f8
[2025-05-19T18:14:51.240+0000][6.686s][1668][1771][trace] Restored java.lang.Thread$UncaughtExceptionHandler archived mirror 0x00000007bef2f050
[2025-05-19T18:14:51.240+0000][6.686s][1668][1771][trace] Restored [Ljava.lang.Thread$UncaughtExceptionHandler; archived mirror 0x00000007bef2efe0
[2025-05-19T18:14:51.240+0000][6.686s][1668][1771][trace] Restored java.lang.ThreadGroup archived mirror 0x00000007bef2ef70
[2025-05-19T18:14:51.240+0000][6.686s][1668][1771][trace] Restored [Ljava.lang.ThreadGroup; archived mirror 0x00000007bef2ef00
[2025-05-19T18:14:51.240+0000][6.686s][1668][1771][trace] Restored java.util.Dictionary archived mirror 0x00000007bef32ce8
[2025-05-19T18:14:51.240+0000][6.686s][1668][1771][trace] Restored java.util.Map archived mirror 0x00000007bef32d58
[2025-05-19T18:14:51.240+0000][6.687s][1668][1771][trace] Restored java.util.Hashtable archived mirror 0x00000007bef32c30
[2025-05-19T18:14:51.241+0000][6.687s][1668][1771][trace] Restored java.util.Properties archived mirror 0x00000007bef32b70
[2025-05-19T18:14:51.241+0000][6.687s][1668][1771][trace] Restored java.lang.Module archived mirror 0x00000007bef32a38
[2025-05-19T18:14:51.241+0000][6.687s][1668][1771][trace] Restored java.lang.reflect.AccessibleObject archived mirror 0x00000007bef25618
[2025-05-19T18:14:51.241+0000][6.687s][1668][1771][trace] Restored [Ljava.lang.reflect.AccessibleObject; archived mirror 0x00000007bef255a8
[2025-05-19T18:14:51.241+0000][6.688s][1668][1771][trace] Restored java.lang.reflect.Member archived mirror 0x00000007bef25530
[2025-05-19T18:14:51.242+0000][6.688s][1668][1771][trace] Restored [Ljava.lang.reflect.Member; archived mirror 0x00000007bef254c0
[2025-05-19T18:14:51.242+0000][6.688s][1668][1771][trace] Restored java.lang.reflect.Field archived mirror 0x00000007bef32938
[2025-05-19T18:14:51.242+0000][6.688s][1668][1771][trace] Restored java.lang.reflect.Parameter archived mirror 0x00000007bef328a8
[2025-05-19T18:14:51.242+0000][6.688s][1668][1771][trace] Restored java.lang.reflect.Executable archived mirror 0x00000007bef25450
[2025-05-19T18:14:51.242+0000][6.689s][1668][1771][trace] Restored [Ljava.lang.reflect.Executable; archived mirror 0x00000007bef253e0
[2025-05-19T18:14:51.242+0000][6.689s][1668][1771][trace] Restored java.lang.reflect.Method archived mirror 0x00000007bef327c0
[2025-05-19T18:14:51.242+0000][6.689s][1668][1771][trace] Restored java.lang.reflect.Constructor archived mirror 0x00000007bef25370
[2025-05-19T18:14:51.242+0000][6.689s][1668][1771][trace] Restored [Ljava.lang.reflect.Constructor; archived mirror 0x00000007bef25300
[2025-05-19T18:14:51.242+0000][6.689s][1668][1771][trace] Restored jdk.internal.reflect.MagicAccessorImpl archived mirror 0x00000007bef32728
[2025-05-19T18:14:51.242+0000][6.689s][1668][1771][trace] Restored jdk.internal.reflect.MethodAccessor archived mirror 0x00000007bef326b8
[2025-05-19T18:14:51.242+0000][6.689s][1668][1771][trace] Restored jdk.internal.reflect.MethodAccessorImpl archived mirror 0x00000007bef32648
[2025-05-19T18:14:51.242+0000][6.689s][1668][1771][trace] Restored jdk.internal.reflect.ConstructorAccessor archived mirror 0x00000007bef325d8
[2025-05-19T18:14:51.242+0000][6.689s][1668][1771][trace] Restored jdk.internal.reflect.ConstructorAccessorImpl archived mirror 0x00000007bef32568
[2025-05-19T18:14:51.242+0000][6.689s][1668][1771][trace] Restored jdk.internal.reflect.DelegatingClassLoader archived mirror 0x00000007bef324f8
[2025-05-19T18:14:51.242+0000][6.689s][1668][1771][trace] Restored jdk.internal.reflect.ConstantPool archived mirror 0x00000007bef32470
[2025-05-19T18:14:51.242+0000][6.689s][1668][1771][trace] Restored jdk.internal.reflect.FieldAccessor archived mirror 0x00000007bef32400
[2025-05-19T18:14:51.242+0000][6.689s][1668][1771][trace] Restored jdk.internal.reflect.FieldAccessorImpl archived mirror 0x00000007bef32390
[2025-05-19T18:14:51.242+0000][6.689s][1668][1771][trace] Restored jdk.internal.reflect.UnsafeFieldAccessorImpl archived mirror 0x00000007bef322b0
[2025-05-19T18:14:51.242+0000][6.689s][1668][1771][trace] Restored jdk.internal.reflect.UnsafeStaticFieldAccessorImpl archived mirror 0x00000007bef32228
[2025-05-19T18:14:51.242+0000][6.689s][1668][1771][trace] Restored java.lang.annotation.Annotation archived mirror 0x00000007bef321b8
[2025-05-19T18:14:51.242+0000][6.689s][1668][1771][trace] Restored jdk.internal.reflect.CallerSensitive archived mirror 0x00000007bef32148
[2025-05-19T18:14:51.242+0000][6.689s][1668][1771][trace] Restored java.lang.invoke.MethodHandle archived mirror 0x00000007bef32070
[2025-05-19T18:14:51.242+0000][6.689s][1668][1771][trace] Restored java.lang.invoke.DirectMethodHandle archived mirror 0x00000007bef31f40
[2025-05-19T18:14:51.243+0000][6.689s][1668][1771][trace] Restored java.lang.invoke.VarHandle archived mirror 0x00000007bef31ea0
[2025-05-19T18:14:51.243+0000][6.689s][1668][1771][trace] Restored java.lang.invoke.MemberName archived mirror 0x00000007bef31d48
[2025-05-19T18:14:51.243+0000][6.689s][1668][1771][trace] Restored java.lang.invoke.ResolvedMethodName archived mirror 0x00000007bef31cd8
[2025-05-19T18:14:51.243+0000][6.689s][1668][1771][trace] Restored java.lang.invoke.MethodHandleNatives archived mirror 0x00000007bef31bc0
[2025-05-19T18:14:51.243+0000][6.689s][1668][1771][trace] Restored java.lang.invoke.LambdaForm archived mirror 0x00000007bef31a28
[2025-05-19T18:14:51.243+0000][6.689s][1668][1771][trace] Restored java.lang.invoke.MethodType archived mirror 0x00000007bef31950
[2025-05-19T18:14:51.243+0000][6.690s][1668][1771][trace] Restored java.lang.BootstrapMethodError archived mirror 0x00000007bef318d8
[2025-05-19T18:14:51.243+0000][6.690s][1668][1771][trace] Restored java.lang.invoke.CallSite archived mirror 0x00000007bef31820
[2025-05-19T18:14:51.243+0000][6.690s][1668][1771][trace] Restored java.lang.invoke.MethodHandleNatives$CallSiteContext archived mirror 0x00000007bef317b0
[2025-05-19T18:14:51.243+0000][6.690s][1668][1771][trace] Restored java.lang.invoke.ConstantCallSite archived mirror 0x00000007bef31740
[2025-05-19T18:14:51.243+0000][6.690s][1668][1771][trace] Restored java.lang.invoke.MutableCallSite archived mirror 0x00000007bef316c8
[2025-05-19T18:14:51.243+0000][6.690s][1668][1771][trace] Restored java.lang.invoke.VolatileCallSite archived mirror 0x00000007bef31658
[2025-05-19T18:14:51.243+0000][6.690s][1668][1771][trace] Restored java.lang.AssertionStatusDirectives archived mirror 0x00000007bef315e8
[2025-05-19T18:14:51.243+0000][6.690s][1668][1771][trace] Restored java.lang.Appendable archived mirror 0x00000007bef31578
[2025-05-19T18:14:51.243+0000][6.690s][1668][1771][trace] Restored java.lang.AbstractStringBuilder archived mirror 0x00000007bef314b8
[2025-05-19T18:14:51.243+0000][6.690s][1668][1771][trace] Restored java.lang.StringBuffer archived mirror 0x00000007bef31418
[2025-05-19T18:14:51.243+0000][6.690s][1668][1771][trace] Restored java.lang.StringBuilder archived mirror 0x00000007bef31388
[2025-05-19T18:14:51.244+0000][6.690s][1668][1771][trace] Restored jdk.internal.misc.Unsafe archived mirror 0x00000007bef312a0
[2025-05-19T18:14:51.244+0000][6.690s][1668][1771][trace] Restored jdk.internal.module.Modules archived mirror 0x00000007bef31168
[2025-05-19T18:14:51.244+0000][6.690s][1668][1771][trace] Restored java.lang.AutoCloseable archived mirror 0x00000007bef310f8
[2025-05-19T18:14:51.244+0000][6.690s][1668][1771][trace] Restored java.io.Closeable archived mirror 0x00000007bef31088
[2025-05-19T18:14:51.244+0000][6.690s][1668][1771][trace] Restored java.io.InputStream archived mirror 0x00000007bef30fe8
[2025-05-19T18:14:51.244+0000][6.690s][1668][1771][trace] Restored java.io.ByteArrayInputStream archived mirror 0x00000007bef30f78
[2025-05-19T18:14:51.244+0000][6.690s][1668][1771][trace] Restored java.net.URL archived mirror 0x00000007bef30e58
[2025-05-19T18:14:51.245+0000][6.691s][1668][1771][trace] Restored java.util.jar.Manifest archived mirror 0x00000007bef30dc0
[2025-05-19T18:14:51.245+0000][6.691s][1668][1771][trace] Restored jdk.internal.loader.ClassLoaders archived mirror 0x00000007bef30d20
[2025-05-19T18:14:51.245+0000][6.691s][1668][1771][trace] Restored jdk.internal.loader.BuiltinClassLoader archived mirror 0x00000007bef30c30
[2025-05-19T18:14:51.245+0000][6.691s][1668][1771][trace] Restored jdk.internal.loader.ClassLoaders$AppClassLoader archived mirror 0x00000007bef30ba8
[2025-05-19T18:14:51.245+0000][6.691s][1668][1771][trace] Restored jdk.internal.loader.ClassLoaders$PlatformClassLoader archived mirror 0x00000007bef30b20
[2025-05-19T18:14:51.245+0000][6.691s][1668][1771][trace] Restored java.security.CodeSource archived mirror 0x00000007bef30a60
[2025-05-19T18:14:51.245+0000][6.691s][1668][1771][trace] Restored java.lang.StackTraceElement archived mirror 0x00000007bef2ee80
[2025-05-19T18:14:51.245+0000][6.691s][1668][1771][trace] Restored [Ljava.lang.StackTraceElement; archived mirror 0x00000007bef2ee10
[2025-05-19T18:14:51.245+0000][6.691s][1668][1771][trace] Restored java.nio.Buffer archived mirror 0x00000007bef30958
[2025-05-19T18:14:51.245+0000][6.692s][1668][1771][trace] Restored java.lang.StackWalker archived mirror 0x00000007bef308a8
[2025-05-19T18:14:51.245+0000][6.692s][1668][1771][trace] Restored java.lang.StackStreamFactory$AbstractStackWalker archived mirror 0x00000007bef307f8
[2025-05-19T18:14:51.245+0000][6.692s][1668][1771][trace] Restored java.lang.StackWalker$StackFrame archived mirror 0x00000007bef30788
[2025-05-19T18:14:51.245+0000][6.692s][1668][1771][trace] Restored java.lang.StackFrameInfo archived mirror 0x00000007bef306f8
[2025-05-19T18:14:51.245+0000][6.692s][1668][1771][trace] Restored java.lang.LiveStackFrame archived mirror 0x00000007bef30650
[2025-05-19T18:14:51.245+0000][6.692s][1668][1771][trace] Restored java.lang.LiveStackFrameInfo archived mirror 0x00000007bef305b0
[2025-05-19T18:14:51.245+0000][6.692s][1668][1771][trace] Restored java.util.concurrent.locks.AbstractOwnableSynchronizer archived mirror 0x00000007bef30538
[2025-05-19T18:14:51.245+0000][6.692s][1668][1771][trace] Restored java.lang.Boolean archived mirror 0x00000007bef30490
[2025-05-19T18:14:51.245+0000][6.692s][1668][1771][trace] Restored java.lang.Character archived mirror 0x00000007bef30388
[2025-05-19T18:14:51.246+0000][6.692s][1668][1771][trace] Restored java.lang.Number archived mirror 0x00000007bef2a760
[2025-05-19T18:14:51.246+0000][6.692s][1668][1771][trace] Restored [Ljava.lang.Number; archived mirror 0x00000007bef2a6f0
[2025-05-19T18:14:51.246+0000][6.692s][1668][1771][trace] Restored java.lang.Float archived mirror 0x00000007bef302c0
[2025-05-19T18:14:51.246+0000][6.692s][1668][1771][trace] Restored java.lang.Double archived mirror 0x00000007bef301c8
[2025-05-19T18:14:51.246+0000][6.692s][1668][1771][trace] Restored java.lang.Byte archived mirror 0x00000007bef30110
[2025-05-19T18:14:51.246+0000][6.692s][1668][1771][trace] Restored java.lang.Short archived mirror 0x00000007bef30058
[2025-05-19T18:14:51.246+0000][6.692s][1668][1771][trace] Restored java.lang.Integer archived mirror 0x00000007bef2a650
[2025-05-19T18:14:51.246+0000][6.692s][1668][1771][trace] Restored [Ljava.lang.Integer; archived mirror 0x00000007bef2a5e0
[2025-05-19T18:14:51.246+0000][6.692s][1668][1771][trace] Restored java.lang.Long archived mirror 0x00000007bef2ff18
[2025-05-19T18:14:51.246+0000][6.692s][1668][1771][trace] Restored java.util.Iterator archived mirror 0x00000007bef2fe90
[2025-05-19T18:14:51.247+0000][6.693s][1668][1771][trace] Restored [Z archived mirror 0x00000007bef34158
[2025-05-19T18:14:51.247+0000][6.693s][1668][1771][trace] Restored [C archived mirror 0x00000007bef340e8
[2025-05-19T18:14:51.247+0000][6.693s][1668][1771][trace] Restored [F archived mirror 0x00000007bef34078
[2025-05-19T18:14:51.247+0000][6.693s][1668][1771][trace] Restored [D archived mirror 0x00000007bef34008
[2025-05-19T18:14:51.247+0000][6.693s][1668][1771][trace] Restored [B archived mirror 0x00000007bef33f98
[2025-05-19T18:14:51.247+0000][6.693s][1668][1771][trace] Restored [S archived mirror 0x00000007bef33f28
[2025-05-19T18:14:51.247+0000][6.693s][1668][1771][trace] Restored [I archived mirror 0x00000007bef33eb8
[2025-05-19T18:14:51.247+0000][6.693s][1668][1771][trace] Restored [J archived mirror 0x00000007bef33e48
[2025-05-19T18:14:51.254+0000][6.700s][1668][1771][trace] Restored java.lang.NullPointerException archived mirror 0x00000007bef2f8b0
[2025-05-19T18:14:51.254+0000][6.700s][1668][1771][trace] Restored java.lang.ArithmeticException archived mirror 0x00000007bef2f838
[2025-05-19T18:14:51.267+0000][6.714s][1668][1771][trace] Restored java.io.ObjectStreamField archived mirror 0x00000007bef2f2e8
[2025-05-19T18:14:51.267+0000][6.714s][1668][1771][trace] Restored [Ljava.io.ObjectStreamField; archived mirror 0x00000007bef2f278
[2025-05-19T18:14:51.268+0000][6.714s][1668][1771][trace] Restored java.util.Comparator archived mirror 0x00000007bef2f138
[2025-05-19T18:14:51.268+0000][6.714s][1668][1771][trace] Restored java.lang.String$CaseInsensitiveComparator archived mirror 0x00000007bef2f0c0
[2025-05-19T18:14:51.269+0000][6.715s][1668][1771][trace] Restored java.security.AccessController archived mirror 0x00000007bef2ed70
[2025-05-19T18:14:51.270+0000][6.716s][1668][1771][trace] Restored java.lang.Iterable archived mirror 0x00000007bef2ed00
[2025-05-19T18:14:51.270+0000][6.716s][1668][1771][trace] Restored java.util.Collection archived mirror 0x00000007bef2ec90
[2025-05-19T18:14:51.270+0000][6.716s][1668][1771][trace] Restored java.util.Set archived mirror 0x00000007bef2ec20
[2025-05-19T18:14:51.270+0000][6.717s][1668][1771][trace] Restored java.util.AbstractCollection archived mirror 0x00000007bef2eb88
[2025-05-19T18:14:51.270+0000][6.717s][1668][1771][trace] Restored java.util.ImmutableCollections$AbstractImmutableCollection archived mirror 0x00000007bef2eb18
[2025-05-19T18:14:51.270+0000][6.717s][1668][1771][trace] Restored java.util.ImmutableCollections$AbstractImmutableSet archived mirror 0x00000007bef2eaa8
[2025-05-19T18:14:51.270+0000][6.717s][1668][1771][trace] Restored java.util.ImmutableCollections$Set12 archived mirror 0x00000007bef2ea20
[2025-05-19T18:14:51.271+0000][6.718s][1668][1771][trace] Restored java.util.Objects archived mirror 0x00000007bef2e990
[2025-05-19T18:14:51.272+0000][6.718s][1668][1771][trace] Restored java.security.PrivilegedAction archived mirror 0x00000007bef2e920
[2025-05-19T18:14:51.272+0000][6.718s][1668][1771][trace] Restored jdk.internal.reflect.ReflectionFactory$GetReflectionFactoryAction archived mirror 0x00000007bef2e8b0
[2025-05-19T18:14:51.273+0000][6.719s][1668][1771][trace] Restored java.security.cert.Certificate archived mirror 0x00000007bef2e820
[2025-05-19T18:14:51.273+0000][6.719s][1668][1771][trace] Restored [Ljava.security.cert.Certificate; archived mirror 0x00000007bef2e7b0
[2025-05-19T18:14:51.273+0000][6.719s][1668][1771][trace] Restored java.util.AbstractSet archived mirror 0x00000007bef2e740
[2025-05-19T18:14:51.273+0000][6.719s][1668][1771][trace] Restored java.util.HashSet archived mirror 0x00000007bef2e6a0
[2025-05-19T18:14:51.273+0000][6.720s][1668][1771][trace] Restored java.util.AbstractMap archived mirror 0x00000007bef2e618
[2025-05-19T18:14:51.273+0000][6.720s][1668][1771][trace] Restored java.util.HashMap archived mirror 0x00000007bef2e568
[2025-05-19T18:14:51.274+0000][6.720s][1668][1771][trace] Restored java.util.concurrent.ConcurrentMap archived mirror 0x00000007bef2e4a0
[2025-05-19T18:14:51.275+0000][6.721s][1668][1771][trace] Restored java.util.concurrent.ConcurrentHashMap archived mirror 0x00000007bef2e368
[2025-05-19T18:14:51.276+0000][6.722s][1668][1771][trace] Restored java.lang.Runtime archived mirror 0x00000007bef2e2d0
[2025-05-19T18:14:51.277+0000][6.723s][1668][1771][trace] Restored java.util.concurrent.locks.Lock archived mirror 0x00000007bef2e240
[2025-05-19T18:14:51.277+0000][6.723s][1668][1771][trace] Restored [Ljava.util.concurrent.locks.Lock; archived mirror 0x00000007bef2e1d0
[2025-05-19T18:14:51.277+0000][6.723s][1668][1771][trace] Restored java.util.concurrent.locks.ReentrantLock archived mirror 0x00000007bef2e158
[2025-05-19T18:14:51.277+0000][6.724s][1668][1771][trace] Restored [Ljava.util.concurrent.locks.ReentrantLock; archived mirror 0x00000007bef2e0e8
[2025-05-19T18:14:51.277+0000][6.724s][1668][1771][trace] Restored java.util.concurrent.ConcurrentHashMap$Segment archived mirror 0x00000007bef2e070
[2025-05-19T18:14:51.277+0000][6.724s][1668][1771][trace] Restored [Ljava.util.concurrent.ConcurrentHashMap$Segment; archived mirror 0x00000007bef2e000
[2025-05-19T18:14:51.278+0000][6.724s][1668][1771][trace] Restored java.util.concurrent.ConcurrentHashMap$CounterCell archived mirror 0x00000007bef2df90
[2025-05-19T18:14:51.278+0000][6.724s][1668][1771][trace] Restored java.util.Map$Entry archived mirror 0x00000007bef2de88
[2025-05-19T18:14:51.278+0000][6.725s][1668][1771][trace] Restored [Ljava.util.Map$Entry; archived mirror 0x00000007bef2de18
[2025-05-19T18:14:51.278+0000][6.725s][1668][1771][trace] Restored java.util.concurrent.ConcurrentHashMap$Node archived mirror 0x00000007bef2dda8
[2025-05-19T18:14:51.278+0000][6.725s][1668][1771][trace] Restored [Ljava.util.concurrent.ConcurrentHashMap$Node; archived mirror 0x00000007bef2dd38
[2025-05-19T18:14:51.278+0000][6.725s][1668][1771][trace] Restored java.util.concurrent.locks.LockSupport archived mirror 0x00000007bef2dc88
[2025-05-19T18:14:51.278+0000][6.725s][1668][1771][trace] Restored java.util.concurrent.ConcurrentHashMap$ReservationNode archived mirror 0x00000007bef2dc18
[2025-05-19T18:14:51.278+0000][6.725s][1668][1771][trace] Restored jdk.internal.reflect.ReflectionFactory archived mirror 0x00000007bef2db38
[2025-05-19T18:14:51.279+0000][6.725s][1668][1771][trace] Restored java.lang.ref.Reference$ReferenceHandler archived mirror 0x00000007bef2dac8
[2025-05-19T18:14:51.279+0000][6.725s][1668][1771][trace] Restored jdk.internal.ref.Cleaner archived mirror 0x00000007bef2da50
[2025-05-19T18:14:51.279+0000][6.725s][1668][1771][trace] Restored java.lang.ref.ReferenceQueue archived mirror 0x00000007bef2d9b8
[2025-05-19T18:14:51.279+0000][6.725s][1668][1771][trace] Restored java.lang.ref.ReferenceQueue$Null archived mirror 0x00000007bef2d948
[2025-05-19T18:14:51.279+0000][6.725s][1668][1771][trace] Restored java.lang.ref.ReferenceQueue$Lock archived mirror 0x00000007bef2d8d8
[2025-05-19T18:14:51.280+0000][6.727s][1668][1771][trace] Restored jdk.internal.misc.JavaLangRefAccess archived mirror 0x00000007bef2d688
[2025-05-19T18:14:51.280+0000][6.727s][1668][1771][trace] Restored java.lang.ref.Reference$1 archived mirror 0x00000007bef2d618
[2025-05-19T18:14:51.280+0000][6.727s][1668][1771][trace] Restored jdk.internal.misc.SharedSecrets archived mirror 0x00000007bef2d520
[2025-05-19T18:14:51.281+0000][6.727s][1668][1771][trace] Restored java.lang.ref.Finalizer$FinalizerThread archived mirror 0x00000007bef2d498
[2025-05-19T18:14:51.283+0000][6.730s][1668][1786][trace] Restored jdk.internal.misc.VM archived mirror 0x00000007bef2d310
[2025-05-19T18:14:51.284+0000][6.730s][1668][1771][trace] Restored java.lang.StringLatin1 archived mirror 0x00000007bef2d408
[2025-05-19T18:14:51.285+0000][6.731s][1668][1771][trace] Restored java.util.Properties$EntrySet archived mirror 0x00000007bef2d2a0
[2025-05-19T18:14:51.285+0000][6.732s][1668][1771][trace] Restored java.util.concurrent.ConcurrentHashMap$CollectionView archived mirror 0x00000007bef2d200
[2025-05-19T18:14:51.285+0000][6.732s][1668][1771][trace] Restored java.util.concurrent.ConcurrentHashMap$EntrySetView archived mirror 0x00000007bef2d188
[2025-05-19T18:14:51.285+0000][6.732s][1668][1771][trace] Restored java.util.Collections archived mirror 0x00000007bef2d0d0
[2025-05-19T18:14:51.286+0000][6.732s][1668][1771][trace] Restored java.util.Collections$EmptySet archived mirror 0x00000007bef2d058
[2025-05-19T18:14:51.286+0000][6.732s][1668][1771][trace] Restored java.util.List archived mirror 0x00000007bef2cf78
[2025-05-19T18:14:51.286+0000][6.732s][1668][1771][trace] Restored java.util.AbstractList archived mirror 0x00000007bef2ced8
[2025-05-19T18:14:51.286+0000][6.732s][1668][1771][trace] Restored java.util.RandomAccess archived mirror 0x00000007bef2cfe8
[2025-05-19T18:14:51.286+0000][6.732s][1668][1771][trace] Restored java.util.Collections$EmptyList archived mirror 0x00000007bef2ce48
[2025-05-19T18:14:51.286+0000][6.733s][1668][1771][trace] Restored java.util.Collections$EmptyMap archived mirror 0x00000007bef2cdd0
[2025-05-19T18:14:51.287+0000][6.734s][1668][1771][trace] Restored java.util.Collections$SynchronizedCollection archived mirror 0x00000007bef2cd58
[2025-05-19T18:14:51.287+0000][6.734s][1668][1771][trace] Restored java.util.Collections$SynchronizedSet archived mirror 0x00000007bef2cce0
[2025-05-19T18:14:51.287+0000][6.734s][1668][1771][trace] Restored java.lang.reflect.Array archived mirror 0x00000007bef2cc70
[2025-05-19T18:14:51.288+0000][6.734s][1668][1771][trace] Restored java.util.concurrent.ConcurrentHashMap$Traverser archived mirror 0x00000007bef2cc00
[2025-05-19T18:14:51.288+0000][6.735s][1668][1771][trace] Restored java.util.concurrent.ConcurrentHashMap$BaseIterator archived mirror 0x00000007bef2cb90
[2025-05-19T18:14:51.288+0000][6.735s][1668][1771][trace] Restored java.util.concurrent.ConcurrentHashMap$EntryIterator archived mirror 0x00000007bef2cb20
[2025-05-19T18:14:51.289+0000][6.735s][1668][1771][trace] Restored java.util.concurrent.ConcurrentHashMap$MapEntry archived mirror 0x00000007bef2cab0
[2025-05-19T18:14:51.289+0000][6.735s][1668][1771][trace] Restored java.util.ImmutableCollections$AbstractImmutableMap archived mirror 0x00000007bef2ca40
[2025-05-19T18:14:51.289+0000][6.735s][1668][1771][trace] Restored java.util.ImmutableCollections$MapN archived mirror 0x00000007bef2c9a8
[2025-05-19T18:14:51.289+0000][6.736s][1668][1771][trace] Restored java.lang.Math archived mirror 0x00000007bef2c8d8
[2025-05-19T18:14:51.290+0000][6.736s][1668][1771][trace] Restored java.lang.CharacterData archived mirror 0x00000007bef29e78
[2025-05-19T18:14:51.290+0000][6.736s][1668][1771][trace] Restored java.lang.CharacterDataLatin1 archived mirror 0x00000007bef29df0
[2025-05-19T18:14:51.290+0000][6.736s][1668][1771][trace] Restored jdk.internal.util.StaticProperty archived mirror 0x00000007bef2c828
[2025-05-19T18:14:51.290+0000][6.737s][1668][1771][trace] Restored java.lang.VersionProps archived mirror 0x00000007bef2c6d8
[2025-05-19T18:14:51.291+0000][6.738s][1668][1771][trace] Restored java.io.FileInputStream archived mirror 0x00000007bef2c650
[2025-05-19T18:14:51.291+0000][6.738s][1668][1771][trace] Restored java.io.FileDescriptor archived mirror 0x00000007bef2c5b8
[2025-05-19T18:14:51.291+0000][6.738s][1668][1771][trace] Restored jdk.internal.misc.JavaIOFileDescriptorAccess archived mirror 0x00000007bef2c548
[2025-05-19T18:14:51.291+0000][6.738s][1668][1771][trace] Restored java.io.FileDescriptor$1 archived mirror 0x00000007bef2c4d8
[2025-05-19T18:14:51.292+0000][6.738s][1668][1771][trace] Restored java.io.Flushable archived mirror 0x00000007bef2c468
[2025-05-19T18:14:51.292+0000][6.738s][1668][1771][trace] Restored java.io.OutputStream archived mirror 0x00000007bef2c3f8
[2025-05-19T18:14:51.292+0000][6.738s][1668][1771][trace] Restored java.io.FileOutputStream archived mirror 0x00000007bef2c368
[2025-05-19T18:14:51.292+0000][6.738s][1668][1771][trace] Restored java.io.FilterInputStream archived mirror 0x00000007bef2c2f8
[2025-05-19T18:14:51.292+0000][6.738s][1668][1771][trace] Restored java.io.BufferedInputStream archived mirror 0x00000007bef2c248
[2025-05-19T18:14:51.292+0000][6.738s][1668][1771][trace] Restored java.io.FilterOutputStream archived mirror 0x00000007bef2c1d8
[2025-05-19T18:14:51.292+0000][6.739s][1668][1771][trace] Restored java.io.PrintStream archived mirror 0x00000007bef2c140
[2025-05-19T18:14:51.292+0000][6.739s][1668][1771][trace] Restored java.io.BufferedOutputStream archived mirror 0x00000007bef2c0b8
[2025-05-19T18:14:51.292+0000][6.739s][1668][1771][trace] Restored java.io.Writer archived mirror 0x00000007bef2c028
[2025-05-19T18:14:51.292+0000][6.739s][1668][1771][trace] Restored java.io.OutputStreamWriter archived mirror 0x00000007bef2bf98
[2025-05-19T18:14:51.293+0000][6.739s][1668][1771][trace] Restored java.nio.charset.Charset archived mirror 0x00000007bef2bee0
[2025-05-19T18:14:51.293+0000][6.739s][1668][1771][trace] Restored java.nio.charset.spi.CharsetProvider archived mirror 0x00000007bef2be58
[2025-05-19T18:14:51.293+0000][6.739s][1668][1771][trace] Restored sun.nio.cs.StandardCharsets archived mirror 0x00000007bef2b840
[2025-05-19T18:14:51.293+0000][6.739s][1668][1771][trace] Restored java.lang.ThreadLocal archived mirror 0x00000007bef2b5f0
[2025-05-19T18:14:51.293+0000][6.739s][1668][1771][trace] Restored java.util.concurrent.atomic.AtomicInteger archived mirror 0x00000007bef2b550
[2025-05-19T18:14:51.293+0000][6.739s][1668][1771][trace] Restored sun.security.action.GetPropertyAction archived mirror 0x00000007bef2b4e0
[2025-05-19T18:14:51.293+0000][6.739s][1668][1771][trace] Restored sun.nio.cs.HistoricallyNamedCharset archived mirror 0x00000007bef2b470
[2025-05-19T18:14:51.293+0000][6.739s][1668][1771][trace] Restored sun.nio.cs.Unicode archived mirror 0x00000007bef2b340
[2025-05-19T18:14:51.293+0000][6.739s][1668][1771][trace] Restored sun.nio.cs.UTF_8 archived mirror 0x00000007bef2b2b0
[2025-05-19T18:14:51.293+0000][6.739s][1668][1771][trace] Restored sun.nio.cs.StreamEncoder archived mirror 0x00000007bef2b220
[2025-05-19T18:14:51.293+0000][6.739s][1668][1771][trace] Restored java.nio.charset.CharsetEncoder archived mirror 0x00000007bef2b150
[2025-05-19T18:14:51.293+0000][6.740s][1668][1771][trace] Restored sun.nio.cs.UTF_8$Encoder archived mirror 0x00000007bef2b0e0
[2025-05-19T18:14:51.293+0000][6.740s][1668][1771][trace] Restored java.nio.charset.CodingErrorAction archived mirror 0x00000007bef2b040
[2025-05-19T18:14:51.293+0000][6.740s][1668][1771][trace] Restored java.util.Arrays archived mirror 0x00000007bef2af58
[2025-05-19T18:14:51.294+0000][6.740s][1668][1771][trace] Restored java.nio.ByteBuffer archived mirror 0x00000007bef2aeb8
[2025-05-19T18:14:51.294+0000][6.740s][1668][1771][trace] Restored jdk.internal.misc.JavaNioAccess archived mirror 0x00000007bef2ae48
[2025-05-19T18:14:51.294+0000][6.740s][1668][1771][trace] Restored java.nio.Buffer$1 archived mirror 0x00000007bef2add8
[2025-05-19T18:14:51.294+0000][6.740s][1668][1771][trace] Restored java.nio.HeapByteBuffer archived mirror 0x00000007bef2ad50
[2025-05-19T18:14:51.294+0000][6.740s][1668][1771][trace] Restored java.nio.ByteOrder archived mirror 0x00000007bef2acb8
[2025-05-19T18:14:51.294+0000][6.740s][1668][1771][trace] Restored java.io.BufferedWriter archived mirror 0x00000007bef2ac28
[2025-05-19T18:14:51.294+0000][6.740s][1668][1771][trace] Restored java.lang.Terminator archived mirror 0x00000007bef2ab90
[2025-05-19T18:14:51.294+0000][6.740s][1668][1771][trace] Restored jdk.internal.misc.Signal$Handler archived mirror 0x00000007bef2ab18
[2025-05-19T18:14:51.294+0000][6.740s][1668][1771][trace] Restored java.lang.Terminator$1 archived mirror 0x00000007bef2aaa8
[2025-05-19T18:14:51.294+0000][6.740s][1668][1771][trace] Restored jdk.internal.misc.Signal archived mirror 0x00000007bef2aa00
[2025-05-19T18:14:51.294+0000][6.740s][1668][1771][trace] Restored java.util.Hashtable$Entry archived mirror 0x00000007bef2a978
[2025-05-19T18:14:51.294+0000][6.740s][1668][1771][trace] Restored [Ljava.util.Hashtable$Entry; archived mirror 0x00000007bef2a908
[2025-05-19T18:14:51.294+0000][6.740s][1668][1771][trace] Restored jdk.internal.misc.Signal$NativeHandler archived mirror 0x00000007bef2a878
[2025-05-19T18:14:51.294+0000][6.740s][1668][1771][trace] Restored java.lang.Integer$IntegerCache archived mirror 0x00000007bef2a7d8
[2025-05-19T18:14:51.294+0000][6.740s][1668][1771][trace] Restored jdk.internal.misc.OSEnvironment archived mirror 0x00000007bef2a570
[2025-05-19T18:14:51.294+0000][6.741s][1668][1771][trace] Restored jdk.internal.misc.JavaLangAccess archived mirror 0x00000007bef2a500
[2025-05-19T18:14:51.294+0000][6.741s][1668][1771][trace] Restored java.lang.System$2 archived mirror 0x00000007bef2a478
[2025-05-19T18:14:51.294+0000][6.741s][1668][1771][trace] Restored java.io.File archived mirror 0x00000007bef2a378
[2025-05-19T18:14:51.294+0000][6.741s][1668][1771][trace] Restored java.io.DefaultFileSystem archived mirror 0x00000007bef2a308
[2025-05-19T18:14:51.294+0000][6.741s][1668][1771][trace] Restored java.io.FileSystem archived mirror 0x00000007bef2a250
[2025-05-19T18:14:51.294+0000][6.741s][1668][1771][trace] Restored java.io.UnixFileSystem archived mirror 0x00000007bef2a1b8
[2025-05-19T18:14:51.294+0000][6.741s][1668][1771][trace] Restored java.io.ExpiringCache archived mirror 0x00000007bef2a148
[2025-05-19T18:14:51.294+0000][6.741s][1668][1771][trace] Restored java.util.LinkedHashMap archived mirror 0x00000007bef2a0d0
[2025-05-19T18:14:51.294+0000][6.741s][1668][1771][trace] Restored java.io.ExpiringCache$1 archived mirror 0x00000007bef2a060
[2025-05-19T18:14:51.295+0000][6.741s][1668][1771][trace] Restored java.lang.IllegalArgumentException archived mirror 0x00000007bef29fe8
[2025-05-19T18:14:51.299+0000][6.745s][1668][1771][trace] Restored java.lang.invoke.MethodHandleStatics archived mirror 0x00000007bef29ee8
[2025-05-19T18:14:51.299+0000][6.745s][1668][1771][trace] Restored jdk.internal.module.ModuleBootstrap archived mirror 0x00000007bef29b58
[2025-05-19T18:14:51.299+0000][6.746s][1668][1771][trace] Restored java.lang.module.ModuleDescriptor archived mirror 0x00000007bef28118
[2025-05-19T18:14:51.299+0000][6.746s][1668][1771][trace] Restored [Ljava.lang.module.ModuleDescriptor; archived mirror 0x00000007bef280a8
[2025-05-19T18:14:51.300+0000][6.746s][1668][1771][trace] Restored jdk.internal.misc.JavaLangModuleAccess archived mirror 0x00000007bef29a80
[2025-05-19T18:14:51.300+0000][6.746s][1668][1771][trace] Restored java.lang.module.ModuleDescriptor$1 archived mirror 0x00000007bef29a10
[2025-05-19T18:14:51.300+0000][6.746s][1668][1771][trace] Restored java.util.ImmutableCollections archived mirror 0x00000007bef29998
[2025-05-19T18:14:51.300+0000][6.746s][1668][1771][trace] Restored jdk.internal.module.ModulePatcher archived mirror 0x00000007bef297d8
[2025-05-19T18:14:51.300+0000][6.746s][1668][1771][trace] Restored java.util.ArrayList archived mirror 0x00000007bef279d8
[2025-05-19T18:14:51.300+0000][6.746s][1668][1771][trace] Restored java.util.HashMap$Node archived mirror 0x00000007bef27318
[2025-05-19T18:14:51.301+0000][6.747s][1668][1771][trace] Restored [Ljava.util.HashMap$Node; archived mirror 0x00000007bef272a8
[2025-05-19T18:14:51.302+0000][6.748s][1668][1771][trace] Restored java.util.ImmutableCollections$SetN archived mirror 0x00000007bef29748
[2025-05-19T18:14:51.302+0000][6.748s][1668][1771][trace] Restored jdk.internal.module.ArchivedModuleGraph archived mirror 0x00000007bef296c8
[2025-05-19T18:14:51.302+0000][6.748s][1668][1771][trace] Restored jdk.internal.module.SystemModules archived mirror 0x00000007bef29230
[2025-05-19T18:14:51.302+0000][6.748s][1668][1771][trace] Restored jdk.internal.module.SystemModules$default archived mirror 0x00000007bef28190
[2025-05-19T18:14:51.302+0000][6.749s][1668][1771][trace] Restored java.lang.module.ModuleFinder archived mirror 0x00000007bef26be8
[2025-05-19T18:14:51.302+0000][6.749s][1668][1771][trace] Restored jdk.internal.module.SystemModuleFinders$SystemModuleFinder archived mirror 0x00000007bef26b78
[2025-05-19T18:14:51.302+0000][6.749s][1668][1771][trace] Restored java.lang.module.ModuleReference archived mirror 0x00000007bef26fd0
[2025-05-19T18:14:51.302+0000][6.749s][1668][1771][trace] Restored [Ljava.lang.module.ModuleReference; archived mirror 0x00000007bef26f60
[2025-05-19T18:14:51.302+0000][6.749s][1668][1771][trace] Restored jdk.internal.module.ModuleReferenceImpl archived mirror 0x00000007bef26df0
[2025-05-19T18:14:51.302+0000][6.749s][1668][1771][trace] Restored java.lang.module.ModuleDescriptor$Version archived mirror 0x00000007bef27a88
[2025-05-19T18:14:51.302+0000][6.749s][1668][1771][trace] Restored java.lang.module.ModuleDescriptor$Requires archived mirror 0x00000007bef27f98
[2025-05-19T18:14:51.303+0000][6.749s][1668][1771][trace] Restored [Ljava.lang.module.ModuleDescriptor$Requires; archived mirror 0x00000007bef27f28
[2025-05-19T18:14:51.303+0000][6.749s][1668][1771][trace] Restored java.lang.Enum archived mirror 0x00000007bef27928
[2025-05-19T18:14:51.303+0000][6.749s][1668][1771][trace] Restored [Ljava.lang.Enum; archived mirror 0x00000007bef278b8
[2025-05-19T18:14:51.303+0000][6.749s][1668][1771][trace] Restored java.lang.module.ModuleDescriptor$Requires$Modifier archived mirror 0x00000007bef27718
[2025-05-19T18:14:51.303+0000][6.749s][1668][1771][trace] Restored [Ljava.lang.module.ModuleDescriptor$Requires$Modifier; archived mirror 0x00000007bef276a8
[2025-05-19T18:14:51.303+0000][6.749s][1668][1771][trace] Restored java.lang.module.ModuleDescriptor$Exports archived mirror 0x00000007bef27ea0
[2025-05-19T18:14:51.303+0000][6.749s][1668][1771][trace] Restored [Ljava.lang.module.ModuleDescriptor$Exports; archived mirror 0x00000007bef27e30
[2025-05-19T18:14:51.303+0000][6.749s][1668][1771][trace] Restored java.net.URI archived mirror 0x00000007bef293f0
[2025-05-19T18:14:51.305+0000][6.751s][1668][1771][trace] Restored jdk.internal.misc.JavaNetUriAccess archived mirror 0x00000007bef29380
[2025-05-19T18:14:51.305+0000][6.751s][1668][1771][trace] Restored java.net.URI$1 archived mirror 0x00000007bef29310
[2025-05-19T18:14:51.306+0000][6.752s][1668][1771][trace] Restored java.util.function.Supplier archived mirror 0x00000007bef26ef0
[2025-05-19T18:14:51.306+0000][6.752s][1668][1771][trace] Restored jdk.internal.module.SystemModuleFinders$2 archived mirror 0x00000007bef26e80
[2025-05-19T18:14:51.306+0000][6.752s][1668][1771][trace] Restored jdk.internal.module.ModuleHashes$HashSupplier archived mirror 0x00000007bef26cf8
[2025-05-19T18:14:51.306+0000][6.752s][1668][1771][trace] Restored jdk.internal.module.SystemModuleFinders$3 archived mirror 0x00000007bef26c88
[2025-05-19T18:14:51.306+0000][6.752s][1668][1771][trace] Restored java.lang.module.ModuleDescriptor$Provides archived mirror 0x00000007bef27cb0
[2025-05-19T18:14:51.306+0000][6.752s][1668][1771][trace] Restored [Ljava.lang.module.ModuleDescriptor$Provides; archived mirror 0x00000007bef27c40
[2025-05-19T18:14:51.306+0000][6.752s][1668][1771][trace] Restored java.util.ImmutableCollections$AbstractImmutableList archived mirror 0x00000007bef27ba0
[2025-05-19T18:14:51.306+0000][6.752s][1668][1771][trace] Restored java.util.ImmutableCollections$List12 archived mirror 0x00000007bef27b18
[2025-05-19T18:14:51.306+0000][6.752s][1668][1771][trace] Restored jdk.internal.module.ModuleTarget archived mirror 0x00000007bef275a8
[2025-05-19T18:14:51.306+0000][6.752s][1668][1771][trace] Restored [Ljdk.internal.module.ModuleTarget; archived mirror 0x00000007bef27538
[2025-05-19T18:14:51.306+0000][6.752s][1668][1771][trace] Restored jdk.internal.module.ModuleHashes archived mirror 0x00000007bef27480
[2025-05-19T18:14:51.306+0000][6.752s][1668][1771][trace] Restored [Ljdk.internal.module.ModuleHashes; archived mirror 0x00000007bef27410
[2025-05-19T18:14:51.306+0000][6.752s][1668][1771][trace] Restored java.util.Collections$UnmodifiableMap archived mirror 0x00000007bef27148
[2025-05-19T18:14:51.306+0000][6.752s][1668][1771][trace] Restored java.util.ImmutableCollections$ListN archived mirror 0x00000007bef27618
[2025-05-19T18:14:51.306+0000][6.753s][1668][1771][trace] Restored java.lang.module.ModuleDescriptor$Opens archived mirror 0x00000007bef27da8
[2025-05-19T18:14:51.306+0000][6.753s][1668][1771][trace] Restored [Ljava.lang.module.ModuleDescriptor$Opens; archived mirror 0x00000007bef27d38
[2025-05-19T18:14:51.306+0000][6.753s][1668][1771][trace] Restored java.lang.module.Configuration archived mirror 0x00000007bef24818
[2025-05-19T18:14:51.306+0000][6.753s][1668][1771][trace] Restored java.lang.module.ResolvedModule archived mirror 0x00000007bef24790
[2025-05-19T18:14:51.307+0000][6.753s][1668][1771][trace] Restored [Ljava.lang.module.ResolvedModule; archived mirror 0x00000007bef24720
[2025-05-19T18:14:51.307+0000][6.753s][1668][1771][trace] Restored jdk.internal.module.SystemModuleFinders archived mirror 0x00000007bef29600
[2025-05-19T18:14:51.307+0000][6.753s][1668][1771][trace] Restored jdk.internal.module.SystemModulesMap archived mirror 0x00000007bef292a0
[2025-05-19T18:14:51.307+0000][6.753s][1668][1771][trace] Restored jdk.internal.module.SystemModules$all archived mirror 0x00000007bef20d50
[2025-05-19T18:14:51.307+0000][6.754s][1668][1771][trace] Restored jdk.internal.module.Builder archived mirror 0x00000007bef28028
[2025-05-19T18:14:51.309+0000][6.755s][1668][1771][trace] Restored java.lang.module.ModuleDescriptor$Modifier archived mirror 0x00000007bef27830
[2025-05-19T18:14:51.309+0000][6.755s][1668][1771][trace] Restored [Ljava.lang.module.ModuleDescriptor$Modifier; archived mirror 0x00000007bef277c0
[2025-05-19T18:14:51.314+0000][6.760s][1668][1771][trace] Restored jdk.internal.module.ModuleHashes$Builder archived mirror 0x00000007bef273a0
[2025-05-19T18:14:51.314+0000][6.761s][1668][1771][trace] Restored java.util.LinkedHashMap$Entry archived mirror 0x00000007bef27238
[2025-05-19T18:14:51.314+0000][6.761s][1668][1771][trace] Restored java.util.HashMap$TreeNode archived mirror 0x00000007bef271c0
[2025-05-19T18:14:51.315+0000][6.761s][1668][1771][trace] Restored jdk.internal.module.ModuleResolution archived mirror 0x00000007bef270b0
[2025-05-19T18:14:51.315+0000][6.761s][1668][1771][trace] Restored [Ljdk.internal.module.ModuleResolution; archived mirror 0x00000007bef27040
[2025-05-19T18:14:51.315+0000][6.761s][1668][1771][trace] Restored java.util.KeyValueHolder archived mirror 0x00000007bef26d68
[2025-05-19T18:14:51.317+0000][6.764s][1668][1771][trace] Restored jdk.internal.module.ModuleBootstrap$Counters archived mirror 0x00000007bef26ae0
[2025-05-19T18:14:51.318+0000][6.764s][1668][1771][trace] Restored java.util.Optional archived mirror 0x00000007bef26a48
[2025-05-19T18:14:51.318+0000][6.764s][1668][1771][trace] Restored jdk.internal.loader.BootLoader archived mirror 0x00000007bef269a0
[2025-05-19T18:14:51.318+0000][6.764s][1668][1771][trace] Restored jdk.internal.module.ServicesCatalog archived mirror 0x00000007bef26928
[2025-05-19T18:14:51.318+0000][6.764s][1668][1771][trace] Restored jdk.internal.loader.AbstractClassLoaderValue archived mirror 0x00000007bef268b0
[2025-05-19T18:14:51.318+0000][6.764s][1668][1771][trace] Restored jdk.internal.loader.ClassLoaderValue archived mirror 0x00000007bef26840
[2025-05-19T18:14:51.318+0000][6.764s][1668][1771][trace] Restored jdk.internal.loader.ClassLoaders$BootClassLoader archived mirror 0x00000007bef267d0
[2025-05-19T18:14:51.318+0000][6.764s][1668][1771][trace] Restored jdk.internal.reflect.Reflection archived mirror 0x00000007bef26708
[2025-05-19T18:14:51.318+0000][6.764s][1668][1771][trace] Restored java.lang.ClassLoader$ParallelLoaders archived mirror 0x00000007bef26690
[2025-05-19T18:14:51.318+0000][6.765s][1668][1771][trace] Restored java.util.WeakHashMap archived mirror 0x00000007bef265f8
[2025-05-19T18:14:51.318+0000][6.765s][1668][1771][trace] Restored java.util.WeakHashMap$Entry archived mirror 0x00000007bef263a8
[2025-05-19T18:14:51.318+0000][6.765s][1668][1771][trace] Restored [Ljava.util.WeakHashMap$Entry; archived mirror 0x00000007bef26338
[2025-05-19T18:14:51.318+0000][6.765s][1668][1771][trace] Restored java.util.Collections$SetFromMap archived mirror 0x00000007bef262a8
[2025-05-19T18:14:51.318+0000][6.765s][1668][1771][trace] Restored java.util.WeakHashMap$KeySet archived mirror 0x00000007bef26238
[2025-05-19T18:14:51.319+0000][6.765s][1668][1771][trace] Restored java.util.Vector archived mirror 0x00000007bef26160
[2025-05-19T18:14:51.319+0000][6.766s][1668][1771][trace] Restored jdk.internal.misc.JavaSecurityAccess archived mirror 0x00000007bef260f0
[2025-05-19T18:14:51.319+0000][6.766s][1668][1771][trace] Restored java.security.ProtectionDomain$JavaSecurityAccessImpl archived mirror 0x00000007bef26080
[2025-05-19T18:14:51.319+0000][6.766s][1668][1771][trace] Restored java.security.ProtectionDomain$Key archived mirror 0x00000007bef26010
[2025-05-19T18:14:51.319+0000][6.766s][1668][1771][trace] Restored java.security.Principal archived mirror 0x00000007bef25fa0
[2025-05-19T18:14:51.319+0000][6.766s][1668][1771][trace] Restored [Ljava.security.Principal; archived mirror 0x00000007bef25f30
[2025-05-19T18:14:51.320+0000][6.766s][1668][1771][trace] Restored jdk.internal.loader.URLClassPath archived mirror 0x00000007bef25e58
[2025-05-19T18:14:51.320+0000][6.766s][1668][1771][trace] Restored java.net.URLStreamHandlerFactory archived mirror 0x00000007bef25de8
[2025-05-19T18:14:51.320+0000][6.766s][1668][1771][trace] Restored java.net.URL$DefaultFactory archived mirror 0x00000007bef25d50
[2025-05-19T18:14:51.320+0000][6.766s][1668][1771][trace] Restored jdk.internal.misc.JavaNetURLAccess archived mirror 0x00000007bef25ce0
[2025-05-19T18:14:51.320+0000][6.766s][1668][1771][trace] Restored java.net.URL$3 archived mirror 0x00000007bef25c70
[2025-05-19T18:14:51.320+0000][6.766s][1668][1771][trace] Restored java.io.File$PathStatus archived mirror 0x00000007bef25bd8
[2025-05-19T18:14:51.320+0000][6.766s][1668][1771][trace] Restored [Ljava.io.File$PathStatus; archived mirror 0x00000007bef25b68
[2025-05-19T18:14:51.320+0000][6.766s][1668][1771][trace] Restored java.io.ExpiringCache$Entry archived mirror 0x00000007bef25af8
[2025-05-19T18:14:51.320+0000][6.766s][1668][1771][trace] Restored sun.net.www.ParseUtil archived mirror 0x00000007bef25908
[2025-05-19T18:14:51.320+0000][6.767s][1668][1771][trace] Restored java.net.URLStreamHandler archived mirror 0x00000007bef25850
[2025-05-19T18:14:51.320+0000][6.767s][1668][1771][trace] Restored sun.net.www.protocol.file.Handler archived mirror 0x00000007bef257b8
[2025-05-19T18:14:51.320+0000][6.767s][1668][1771][trace] Restored java.lang.Class$ReflectionData archived mirror 0x00000007bef25740
[2025-05-19T18:14:51.320+0000][6.767s][1668][1771][trace] Restored java.lang.Class$Atomic archived mirror 0x00000007bef25690
[2025-05-19T18:14:51.321+0000][6.767s][1668][1771][trace] Restored java.lang.reflect.Modifier archived mirror 0x00000007bef251e0
[2025-05-19T18:14:51.321+0000][6.767s][1668][1771][trace] Restored jdk.internal.reflect.LangReflectAccess archived mirror 0x00000007bef25170
[2025-05-19T18:14:51.321+0000][6.767s][1668][1771][trace] Restored java.lang.reflect.ReflectAccess archived mirror 0x00000007bef25100
[2025-05-19T18:14:51.321+0000][6.767s][1668][1771][trace] Restored java.lang.Class$1 archived mirror 0x00000007bef25090
[2025-05-19T18:14:51.321+0000][6.767s][1668][1771][trace] Restored jdk.internal.reflect.NativeConstructorAccessorImpl archived mirror 0x00000007bef25020
[2025-05-19T18:14:51.321+0000][6.767s][1668][1771][trace] Restored jdk.internal.reflect.DelegatingConstructorAccessorImpl archived mirror 0x00000007bef24fb0
[2025-05-19T18:14:51.321+0000][6.767s][1668][1771][trace] Restored sun.net.util.IPAddressUtil archived mirror 0x00000007bef24dd8
[2025-05-19T18:14:51.331+0000][6.778s][1668][1771][trace] Restored java.util.Queue archived mirror 0x00000007bef24d28
[2025-05-19T18:14:51.331+0000][6.778s][1668][1771][trace] Restored java.util.Deque archived mirror 0x00000007bef24c88
[2025-05-19T18:14:51.332+0000][6.778s][1668][1771][trace] Restored java.util.ArrayDeque archived mirror 0x00000007bef24bb8
[2025-05-19T18:14:51.332+0000][6.778s][1668][1771][trace] Restored jdk.internal.util.Preconditions archived mirror 0x00000007bef24b10
[2025-05-19T18:14:51.332+0000][6.778s][1668][1771][trace] Restored sun.net.www.protocol.jar.Handler archived mirror 0x00000007bef24a58
[2025-05-19T18:14:51.332+0000][6.779s][1668][1771][trace] Restored jdk.internal.loader.BuiltinClassLoader$LoadedModule archived mirror 0x00000007bef249e8
[2025-05-19T18:14:51.332+0000][6.779s][1668][1771][trace] Restored sun.net.www.protocol.jrt.Handler archived mirror 0x00000007bef24978
[2025-05-19T18:14:51.332+0000][6.779s][1668][1771][trace] Restored java.util.ImmutableCollections$SetN$SetNIterator archived mirror 0x00000007bef24908
[2025-05-19T18:14:51.335+0000][6.781s][1668][1771][trace] Restored java.util.HashMap$KeySet archived mirror 0x00000007bef23ca0
[2025-05-19T18:14:51.335+0000][6.782s][1668][1771][trace] Restored java.util.HashMap$HashIterator archived mirror 0x00000007bef23c30
[2025-05-19T18:14:51.335+0000][6.782s][1668][1771][trace] Restored java.util.HashMap$KeyIterator archived mirror 0x00000007bef23bc0
[2025-05-19T18:14:51.339+0000][6.785s][1668][1771][trace] Restored java.util.Spliterators archived mirror 0x00000007bef10da8
[2025-05-19T18:14:51.340+0000][6.787s][1668][1771][trace] Restored java.util.Spliterators$EmptySpliterator archived mirror 0x00000007bef10d38
[2025-05-19T18:14:51.340+0000][6.787s][1668][1771][trace] Restored java.util.Spliterator archived mirror 0x00000007bef12760
[2025-05-19T18:14:51.340+0000][6.787s][1668][1771][trace] Restored java.util.Spliterators$EmptySpliterator$OfRef archived mirror 0x00000007bef10cc8
[2025-05-19T18:14:51.340+0000][6.787s][1668][1771][trace] Restored java.util.Spliterator$OfPrimitive archived mirror 0x00000007bef10c38
[2025-05-19T18:14:51.340+0000][6.787s][1668][1771][trace] Restored java.util.Spliterator$OfInt archived mirror 0x00000007bef10b88
[2025-05-19T18:14:51.340+0000][6.787s][1668][1771][trace] Restored java.util.Spliterators$EmptySpliterator$OfInt archived mirror 0x00000007bef10b18
[2025-05-19T18:14:51.340+0000][6.787s][1668][1771][trace] Restored java.util.Spliterator$OfLong archived mirror 0x00000007bef10a68
[2025-05-19T18:14:51.340+0000][6.787s][1668][1771][trace] Restored java.util.Spliterators$EmptySpliterator$OfLong archived mirror 0x00000007bef109f8
[2025-05-19T18:14:51.341+0000][6.787s][1668][1771][trace] Restored java.util.Spliterator$OfDouble archived mirror 0x00000007bef10948
[2025-05-19T18:14:51.341+0000][6.787s][1668][1771][trace] Restored java.util.Spliterators$EmptySpliterator$OfDouble archived mirror 0x00000007bef108d8
[2025-05-19T18:14:51.343+0000][6.789s][1668][1771][trace] Restored java.util.stream.StreamSupport archived mirror 0x00000007bef12680
[2025-05-19T18:14:51.343+0000][6.790s][1668][1771][trace] Restored java.util.stream.PipelineHelper archived mirror 0x00000007bef124e0
[2025-05-19T18:14:51.343+0000][6.790s][1668][1771][trace] Restored java.util.stream.BaseStream archived mirror 0x00000007bef12610
[2025-05-19T18:14:51.343+0000][6.790s][1668][1771][trace] Restored java.util.stream.AbstractPipeline archived mirror 0x00000007bef12408
[2025-05-19T18:14:51.343+0000][6.790s][1668][1771][trace] Restored java.util.stream.Stream archived mirror 0x00000007bef12550
[2025-05-19T18:14:51.343+0000][6.790s][1668][1771][trace] Restored java.util.stream.ReferencePipeline archived mirror 0x00000007bef12360
[2025-05-19T18:14:51.343+0000][6.790s][1668][1771][trace] Restored java.util.stream.ReferencePipeline$Head archived mirror 0x00000007bef122f0
[2025-05-19T18:14:51.344+0000][6.790s][1668][1771][trace] Restored java.util.stream.StreamOpFlag archived mirror 0x00000007bef121e8
[2025-05-19T18:14:51.344+0000][6.790s][1668][1771][trace] Restored java.util.stream.StreamOpFlag$Type archived mirror 0x00000007bef12138
[2025-05-19T18:14:51.344+0000][6.790s][1668][1771][trace] Restored java.util.stream.StreamOpFlag$MaskBuilder archived mirror 0x00000007bef120c8
[2025-05-19T18:14:51.344+0000][6.790s][1668][1771][trace] Restored java.util.EnumMap archived mirror 0x00000007bef12030
[2025-05-19T18:14:51.344+0000][6.790s][1668][1771][trace] Restored java.util.EnumMap$1 archived mirror 0x00000007bef11fa8
[2025-05-19T18:14:51.344+0000][6.790s][1668][1771][trace] Restored java.lang.PublicMethods$MethodList archived mirror 0x00000007bef19330
[2025-05-19T18:14:51.345+0000][6.791s][1668][1771][trace] Restored java.lang.PublicMethods$Key archived mirror 0x00000007bef192b8
[2025-05-19T18:14:51.345+0000][6.791s][1668][1771][trace] Restored java.lang.Class$3 archived mirror 0x00000007bef11f38
[2025-05-19T18:14:51.345+0000][6.791s][1668][1771][trace] Restored java.util.HashMap$EntrySet archived mirror 0x00000007bef237f8
[2025-05-19T18:14:51.345+0000][6.791s][1668][1771][trace] Restored java.util.HashMap$EntryIterator archived mirror 0x00000007bef23788
[2025-05-19T18:14:51.345+0000][6.791s][1668][1771][trace] Restored sun.reflect.annotation.AnnotationParser archived mirror 0x00000007bef11e48
[2025-05-19T18:14:51.345+0000][6.791s][1668][1771][trace] Restored jdk.internal.reflect.NativeMethodAccessorImpl archived mirror 0x00000007bef11dd8
[2025-05-19T18:14:51.345+0000][6.791s][1668][1771][trace] Restored jdk.internal.reflect.DelegatingMethodAccessorImpl archived mirror 0x00000007bef11d68
[2025-05-19T18:14:51.345+0000][6.792s][1668][1771][trace] Restored java.lang.invoke.LambdaMetafactory archived mirror 0x00000007bef12e10
[2025-05-19T18:14:51.346+0000][6.793s][1668][1771][trace] Restored java.lang.invoke.MethodHandles$Lookup archived mirror 0x00000007bef1c3c0
[2025-05-19T18:14:51.347+0000][6.793s][1668][1771][trace] Restored java.lang.invoke.MethodType$ConcurrentWeakInternSet archived mirror 0x00000007bef1b888
[2025-05-19T18:14:51.347+0000][6.793s][1668][1771][trace] Restored java.lang.invoke.MethodType$ConcurrentWeakInternSet$WeakEntry archived mirror 0x00000007bef1b818
[2025-05-19T18:14:51.347+0000][6.793s][1668][1771][trace] Restored java.lang.Void archived mirror 0x00000007bef1bb00
[2025-05-19T18:14:51.347+0000][6.793s][1668][1771][trace] Restored java.lang.invoke.MethodTypeForm archived mirror 0x00000007bef1b700
[2025-05-19T18:14:51.347+0000][6.794s][1668][1771][trace] Restored java.lang.invoke.MethodHandles archived mirror 0x00000007bef1c800
[2025-05-19T18:14:51.347+0000][6.794s][1668][1771][trace] Restored java.lang.invoke.MemberName$Factory archived mirror 0x00000007bef1c768
[2025-05-19T18:14:51.348+0000][6.795s][1668][1771][trace] Restored java.security.Guard archived mirror 0x00000007bef1c6f8
[2025-05-19T18:14:51.348+0000][6.795s][1668][1771][trace] Restored java.security.Permission archived mirror 0x00000007bef1c660
[2025-05-19T18:14:51.348+0000][6.795s][1668][1771][trace] Restored java.security.BasicPermission archived mirror 0x00000007bef1c5c0
[2025-05-19T18:14:51.349+0000][6.795s][1668][1771][trace] Restored java.lang.reflect.ReflectPermission archived mirror 0x00000007bef1c548
[2025-05-19T18:14:51.349+0000][6.795s][1668][1771][trace] Restored sun.invoke.util.VerifyAccess archived mirror 0x00000007bef1c318
[2025-05-19T18:14:51.349+0000][6.795s][1668][1771][trace] Restored sun.invoke.util.Wrapper archived mirror 0x00000007bef1b5a0
[2025-05-19T18:14:51.349+0000][6.796s][1668][1771][trace] Restored sun.invoke.util.Wrapper$Format archived mirror 0x00000007bef1b4f0
[2025-05-19T18:14:51.349+0000][6.796s][1668][1771][trace] Restored java.lang.invoke.LambdaForm$NamedFunction archived mirror 0x00000007bef16cc0
[2025-05-19T18:14:51.350+0000][6.796s][1668][1771][trace] Restored java.lang.invoke.DirectMethodHandle$Holder archived mirror 0x00000007bef16c38
[2025-05-19T18:14:51.350+0000][6.797s][1668][1771][trace] Restored sun.invoke.util.ValueConversions archived mirror 0x00000007bef16b58
[2025-05-19T18:14:51.351+0000][6.797s][1668][1771][trace] Restored java.lang.invoke.MethodHandleImpl archived mirror 0x00000007bef16968
[2025-05-19T18:14:51.351+0000][6.797s][1668][1771][trace] Restored java.lang.invoke.Invokers archived mirror 0x00000007bef16878
[2025-05-19T18:14:51.351+0000][6.797s][1668][1771][trace] Restored java.lang.invoke.LambdaForm$Kind archived mirror 0x00000007bef163e8
[2025-05-19T18:14:51.351+0000][6.798s][1668][1771][trace] Restored java.lang.NoSuchMethodException archived mirror 0x00000007bef16370
[2025-05-19T18:14:51.352+0000][6.799s][1668][1771][trace] Restored java.lang.invoke.LambdaForm$BasicType archived mirror 0x00000007bef16288
[2025-05-19T18:14:51.355+0000][6.801s][1668][1771][trace] Restored java.lang.invoke.LambdaForm$Name archived mirror 0x00000007bef161b8
[2025-05-19T18:14:51.356+0000][6.802s][1668][1771][trace] Restored java.lang.invoke.LambdaForm$Holder archived mirror 0x00000007bef16130
[2025-05-19T18:14:51.356+0000][6.803s][1668][1771][trace] Restored java.lang.invoke.MethodHandleImpl$Intrinsic archived mirror 0x00000007bef16050
[2025-05-19T18:14:51.356+0000][6.803s][1668][1771][trace] Restored java.lang.invoke.InvokerBytecodeGenerator archived mirror 0x00000007bef15e00
[2025-05-19T18:14:51.357+0000][6.803s][1668][1771][trace] Restored java.lang.invoke.InvokerBytecodeGenerator$2 archived mirror 0x00000007bef15d80
[2025-05-19T18:14:51.363+0000][6.809s][1668][1771][trace] Restored java.util.function.Predicate archived mirror 0x00000007bef13180
[2025-05-19T18:14:51.363+0000][6.810s][1668][1771][trace] Restored java.lang.invoke.BootstrapMethodInvoker archived mirror 0x00000007bef148a0
[2025-05-19T18:14:51.363+0000][6.810s][1668][1771][trace] Restored java.lang.invoke.Invokers$Holder archived mirror 0x00000007bef14ae8
[2025-05-19T18:14:51.364+0000][6.810s][1668][1771][trace] Restored jdk.internal.misc.JavaLangInvokeAccess archived mirror 0x00000007bef15220
[2025-05-19T18:14:51.364+0000][6.810s][1668][1771][trace] Restored java.lang.invoke.MethodHandleImpl$1 archived mirror 0x00000007bef151b0
[2025-05-19T18:14:51.364+0000][6.810s][1668][1771][trace] Restored java.lang.invoke.AbstractValidatingLambdaMetafactory archived mirror 0x00000007bef12d50
[2025-05-19T18:14:51.364+0000][6.811s][1668][1771][trace] Restored java.lang.invoke.InnerClassLambdaMetafactory archived mirror 0x00000007bef12bf0
[2025-05-19T18:14:51.366+0000][6.812s][1668][1771][trace] Restored jdk.internal.org.objectweb.asm.Type archived mirror 0x00000007bef15760
[2025-05-19T18:14:51.367+0000][6.813s][1668][1771][trace] Restored sun.security.action.GetBooleanAction archived mirror 0x00000007bef17b98
[2025-05-19T18:14:51.367+0000][6.813s][1668][1771][trace] Restored java.lang.invoke.MethodHandleInfo archived mirror 0x00000007bef12b40
[2025-05-19T18:14:51.367+0000][6.813s][1668][1771][trace] Restored java.lang.invoke.InfoFromMemberName archived mirror 0x00000007bef12ab0
[2025-05-19T18:14:51.367+0000][6.813s][1668][1771][trace] Restored sun.invoke.util.BytecodeDescriptor archived mirror 0x00000007bef15a08
[2025-05-19T18:14:51.367+0000][6.813s][1668][1771][trace] Restored jdk.internal.org.objectweb.asm.ClassVisitor archived mirror 0x00000007bef15d10
[2025-05-19T18:14:51.367+0000][6.813s][1668][1771][trace] Restored jdk.internal.org.objectweb.asm.ClassWriter archived mirror 0x00000007bef15b88
[2025-05-19T18:14:51.367+0000][6.813s][1668][1771][trace] Restored jdk.internal.org.objectweb.asm.ByteVector archived mirror 0x00000007bef15b18
[2025-05-19T18:14:51.367+0000][6.813s][1668][1771][trace] Restored jdk.internal.org.objectweb.asm.Item archived mirror 0x00000007bef15aa8
[2025-05-19T18:14:51.367+0000][6.814s][1668][1771][trace] Restored jdk.internal.org.objectweb.asm.MethodVisitor archived mirror 0x00000007bef15980
[2025-05-19T18:14:51.367+0000][6.814s][1668][1771][trace] Restored jdk.internal.org.objectweb.asm.MethodWriter archived mirror 0x00000007bef15868
[2025-05-19T18:14:51.367+0000][6.814s][1668][1771][trace] Restored jdk.internal.org.objectweb.asm.Label archived mirror 0x00000007bef156a8
[2025-05-19T18:14:51.367+0000][6.814s][1668][1771][trace] Restored jdk.internal.org.objectweb.asm.Frame archived mirror 0x00000007bef155a0
[2025-05-19T18:14:51.368+0000][6.814s][1668][1771][trace] Restored jdk.internal.org.objectweb.asm.AnnotationVisitor archived mirror 0x00000007bef15530
[2025-05-19T18:14:51.368+0000][6.814s][1668][1771][trace] Restored jdk.internal.org.objectweb.asm.AnnotationWriter archived mirror 0x00000007bef154a8
[2025-05-19T18:14:51.368+0000][6.814s][1668][1771][trace] Restored java.lang.invoke.TypeConvertingMethodAdapter archived mirror 0x00000007bef129e8
[2025-05-19T18:14:51.368+0000][6.814s][1668][1771][trace] Restored java.lang.invoke.InnerClassLambdaMetafactory$ForwardingMethodGenerator archived mirror 0x00000007bef12960
[2025-05-19T18:14:51.368+0000][6.815s][1668][1771][trace] Restored java.lang.invoke.InnerClassLambdaMetafactory$1 archived mirror 0x00000007bef128f0
[2025-05-19T18:14:51.369+0000][6.815s][1668][1771][trace] Restored java.lang.invoke.BoundMethodHandle archived mirror 0x00000007bef14ca0
[2025-05-19T18:14:51.369+0000][6.815s][1668][1771][trace] Restored java.lang.invoke.ClassSpecializer archived mirror 0x00000007bef13e70
[2025-05-19T18:14:51.369+0000][6.815s][1668][1771][trace] Restored java.lang.invoke.BoundMethodHandle$Specializer archived mirror 0x00000007bef13db0
[2025-05-19T18:14:51.369+0000][6.815s][1668][1771][trace] Restored java.util.function.Function archived mirror 0x00000007bef242f8
[2025-05-19T18:14:51.369+0000][6.815s][1668][1771][trace] Restored java.lang.invoke.ClassSpecializer$1 archived mirror 0x00000007bef13d40
[2025-05-19T18:14:51.369+0000][6.815s][1668][1771][trace] Restored java.lang.invoke.ClassSpecializer$SpeciesData archived mirror 0x00000007bef13c98
[2025-05-19T18:14:51.369+0000][6.815s][1668][1771][trace] Restored java.lang.invoke.BoundMethodHandle$SpeciesData archived mirror 0x00000007bef13c08
[2025-05-19T18:14:51.369+0000][6.816s][1668][1771][trace] Restored java.util.ImmutableCollections$SubList archived mirror 0x00000007bef13b98
[2025-05-19T18:14:51.369+0000][6.816s][1668][1771][trace] Restored java.lang.invoke.ClassSpecializer$Factory archived mirror 0x00000007bef13ab8
[2025-05-19T18:14:51.369+0000][6.816s][1668][1771][trace] Restored java.lang.invoke.BoundMethodHandle$Specializer$Factory archived mirror 0x00000007bef13a30
[2025-05-19T18:14:51.370+0000][6.816s][1668][1771][trace] Restored java.lang.invoke.SimpleMethodHandle archived mirror 0x00000007bef14bf0
[2025-05-19T18:14:51.370+0000][6.816s][1668][1771][trace] Restored java.util.ListIterator archived mirror 0x00000007bef24088
[2025-05-19T18:14:51.370+0000][6.816s][1668][1771][trace] Restored java.util.ImmutableCollections$ListItr archived mirror 0x00000007bef24018
[2025-05-19T18:14:51.370+0000][6.816s][1668][1771][trace] Restored java.lang.NoSuchFieldException archived mirror 0x00000007bef1c2a0
[2025-05-19T18:14:51.370+0000][6.817s][1668][1771][trace] Restored java.lang.invoke.BoundMethodHandle$Species_L archived mirror 0x00000007bef13980
[2025-05-19T18:14:51.370+0000][6.817s][1668][1771][trace] Restored sun.invoke.util.VerifyType archived mirror 0x00000007bef153a8
[2025-05-19T18:14:51.370+0000][6.817s][1668][1771][trace] Restored sun.invoke.empty.Empty archived mirror 0x00000007bef15338
[2025-05-19T18:14:51.371+0000][6.817s][1668][1771][trace] Restored java.lang.invoke.DirectMethodHandle$1 archived mirror 0x00000007bef13908
[2025-05-19T18:14:51.371+0000][6.817s][1668][1771][trace] Restored java.lang.invoke.DirectMethodHandle$Accessor archived mirror 0x00000007bef13898
[2025-05-19T18:14:51.371+0000][6.817s][1668][1771][trace] Restored sun.invoke.util.Wrapper$1 archived mirror 0x00000007bef12878
[2025-05-19T18:14:51.371+0000][6.818s][1668][1771][trace] Restored java.lang.invoke.DelegatingMethodHandle archived mirror 0x00000007bef15118
[2025-05-19T18:14:51.371+0000][6.818s][1668][1771][trace] Restored java.lang.invoke.MethodHandleImpl$IntrinsicMethodHandle archived mirror 0x00000007bef127f0
[2025-05-19T18:14:51.371+0000][6.818s][1668][1771][trace] Restored java.lang.invoke.DelegatingMethodHandle$Holder archived mirror 0x00000007bef14db8
[2025-05-19T18:14:51.371+0000][6.818s][1668][1771][trace] Restored java.lang.invoke.LambdaFormEditor archived mirror 0x00000007bef137a8
[2025-05-19T18:14:51.372+0000][6.818s][1668][1771][trace] Restored java.lang.invoke.LambdaFormEditor$Transform archived mirror 0x00000007bef136e8
[2025-05-19T18:14:51.372+0000][6.818s][1668][1771][trace] Restored java.lang.invoke.LambdaFormBuffer archived mirror 0x00000007bef13648
[2025-05-19T18:14:51.372+0000][6.819s][1668][1771][trace] Restored java.lang.invoke.InvokerBytecodeGenerator$CpPatch archived mirror 0x00000007bef15420
[2025-05-19T18:14:51.373+0000][6.820s][1668][1771][trace] Restored java.util.ArrayList$Itr archived mirror 0x00000007bef23fa8
[2025-05-19T18:14:51.374+0000][6.820s][1668][1771][trace] Restored jdk.internal.ref.CleanerFactory archived mirror 0x00000007bef1f570
[2025-05-19T18:14:51.375+0000][6.821s][1668][1771][trace] Restored java.util.concurrent.ThreadFactory archived mirror 0x00000007bef1f500
[2025-05-19T18:14:51.375+0000][6.821s][1668][1771][trace] Restored jdk.internal.ref.CleanerFactory$1 archived mirror 0x00000007bef1f478
[2025-05-19T18:14:51.375+0000][6.821s][1668][1771][trace] Restored java.lang.ref.Cleaner archived mirror 0x00000007bef1f3e8
[2025-05-19T18:14:51.375+0000][6.821s][1668][1771][trace] Restored java.lang.ref.Cleaner$1 archived mirror 0x00000007bef1f378
[2025-05-19T18:14:51.375+0000][6.821s][1668][1771][trace] Restored jdk.internal.ref.CleanerImpl archived mirror 0x00000007bef1f2e8
[2025-05-19T18:14:51.375+0000][6.821s][1668][1771][trace] Restored java.lang.ref.Cleaner$Cleanable archived mirror 0x00000007bef1f278
[2025-05-19T18:14:51.375+0000][6.821s][1668][1771][trace] Restored jdk.internal.ref.PhantomCleanable archived mirror 0x00000007bef1f1f0
[2025-05-19T18:14:51.375+0000][6.821s][1668][1771][trace] Restored jdk.internal.ref.CleanerImpl$PhantomCleanableRef archived mirror 0x00000007bef1f168
[2025-05-19T18:14:51.375+0000][6.821s][1668][1771][trace] Restored jdk.internal.ref.WeakCleanable archived mirror 0x00000007bef1f0e0
[2025-05-19T18:14:51.375+0000][6.821s][1668][1771][trace] Restored jdk.internal.ref.CleanerImpl$WeakCleanableRef archived mirror 0x00000007bef1f058
[2025-05-19T18:14:51.375+0000][6.821s][1668][1771][trace] Restored jdk.internal.ref.SoftCleanable archived mirror 0x00000007bef1efd0
[2025-05-19T18:14:51.375+0000][6.821s][1668][1771][trace] Restored jdk.internal.ref.CleanerImpl$SoftCleanableRef archived mirror 0x00000007bef1ef48
[2025-05-19T18:14:51.375+0000][6.821s][1668][1771][trace] Restored jdk.internal.ref.CleanerImpl$CleanerCleanable archived mirror 0x00000007bef1eed8
[2025-05-19T18:14:51.375+0000][6.821s][1668][1771][trace] Restored jdk.internal.misc.InnocuousThread archived mirror 0x00000007bef1ee00
[2025-05-19T18:14:51.377+0000][6.823s][1668][1771][trace] Restored java.util.stream.ReferencePipeline$StatelessOp archived mirror 0x00000007bef11cf0
[2025-05-19T18:14:51.377+0000][6.823s][1668][1771][trace] Restored java.util.stream.ReferencePipeline$2 archived mirror 0x00000007bef00fd0
[2025-05-19T18:14:51.377+0000][6.823s][1668][1771][trace] Restored java.util.stream.StreamShape archived mirror 0x00000007bef11bd8
[2025-05-19T18:14:51.378+0000][6.824s][1668][1771][trace] Restored java.util.stream.ReferencePipeline$3 archived mirror 0x00000007bef11c80
[2025-05-19T18:14:51.379+0000][6.825s][1668][1771][trace] Restored jdk.internal.org.objectweb.asm.FieldVisitor archived mirror 0x00000007bef135d8
[2025-05-19T18:14:51.379+0000][6.825s][1668][1771][trace] Restored jdk.internal.org.objectweb.asm.FieldWriter archived mirror 0x00000007bef13538
[2025-05-19T18:14:51.381+0000][6.828s][1668][1771][trace] Restored java.util.stream.Collectors archived mirror 0x00000007bef0dc08
[2025-05-19T18:14:51.382+0000][6.828s][1668][1771][trace] Restored java.util.stream.Collector$Characteristics archived mirror 0x00000007bef0db68
[2025-05-19T18:14:51.382+0000][6.829s][1668][1771][trace] Restored java.util.EnumSet archived mirror 0x00000007bef0dac8
[2025-05-19T18:14:51.383+0000][6.829s][1668][1771][trace] Restored java.util.RegularEnumSet archived mirror 0x00000007bef0da38
[2025-05-19T18:14:51.383+0000][6.829s][1668][1771][trace] Restored java.util.Collections$UnmodifiableCollection archived mirror 0x00000007bef23f30
[2025-05-19T18:14:51.383+0000][6.829s][1668][1771][trace] Restored java.util.Collections$UnmodifiableSet archived mirror 0x00000007bef23eb8
[2025-05-19T18:14:51.383+0000][6.829s][1668][1771][trace] Restored java.util.stream.Collector archived mirror 0x00000007bef0d9c8
[2025-05-19T18:14:51.383+0000][6.829s][1668][1771][trace] Restored java.util.stream.Collectors$CollectorImpl archived mirror 0x00000007bef0d958
[2025-05-19T18:14:51.383+0000][6.830s][1668][1771][trace] Restored java.lang.invoke.DirectMethodHandle$Constructor archived mirror 0x00000007bef11690
[2025-05-19T18:14:51.385+0000][6.832s][1668][1771][trace] Restored java.util.function.BiConsumer archived mirror 0x00000007bef0d828
[2025-05-19T18:14:51.386+0000][6.832s][1668][1771][trace] Restored java.util.function.BiFunction archived mirror 0x00000007bef1c020
[2025-05-19T18:14:51.386+0000][6.832s][1668][1771][trace] Restored java.util.function.BinaryOperator archived mirror 0x00000007bef0d780
[2025-05-19T18:14:51.387+0000][6.834s][1668][1771][trace] Restored java.util.stream.ReduceOps archived mirror 0x00000007bef0d710
[2025-05-19T18:14:51.388+0000][6.834s][1668][1771][trace] Restored java.util.stream.TerminalOp archived mirror 0x00000007bef11778
[2025-05-19T18:14:51.388+0000][6.834s][1668][1771][trace] Restored java.util.stream.ReduceOps$ReduceOp archived mirror 0x00000007bef0d6a0
[2025-05-19T18:14:51.388+0000][6.834s][1668][1771][trace] Restored java.util.stream.ReduceOps$3 archived mirror 0x00000007bef0d630
[2025-05-19T18:14:51.388+0000][6.834s][1668][1771][trace] Restored java.util.stream.ReduceOps$Box archived mirror 0x00000007bef0c7e8
[2025-05-19T18:14:51.388+0000][6.835s][1668][1771][trace] Restored java.util.function.Consumer archived mirror 0x00000007bef11a60
[2025-05-19T18:14:51.388+0000][6.835s][1668][1771][trace] Restored java.util.stream.Sink archived mirror 0x00000007bef119d8
[2025-05-19T18:14:51.388+0000][6.835s][1668][1771][trace] Restored java.util.stream.TerminalSink archived mirror 0x00000007bef11950
[2025-05-19T18:14:51.388+0000][6.835s][1668][1771][trace] Restored java.util.stream.ReduceOps$AccumulatingSink archived mirror 0x00000007bef0c858
[2025-05-19T18:14:51.388+0000][6.835s][1668][1771][trace] Restored java.util.stream.ReduceOps$3ReducingSink archived mirror 0x00000007bef0c778
[2025-05-19T18:14:51.388+0000][6.835s][1668][1771][trace] Restored java.util.stream.Sink$ChainedReference archived mirror 0x00000007bef11608
[2025-05-19T18:14:51.388+0000][6.835s][1668][1771][trace] Restored java.util.stream.ReferencePipeline$3$1 archived mirror 0x00000007bef11528
[2025-05-19T18:14:51.388+0000][6.835s][1668][1771][trace] Restored java.util.stream.ReferencePipeline$2$1 archived mirror 0x00000007bef00f60
[2025-05-19T18:14:51.389+0000][6.835s][1668][1771][trace] Restored java.util.stream.FindOps archived mirror 0x00000007bef11af8
[2025-05-19T18:14:51.389+0000][6.835s][1668][1771][trace] Restored java.util.stream.FindOps$FindSink archived mirror 0x00000007bef118c8
[2025-05-19T18:14:51.389+0000][6.835s][1668][1771][trace] Restored java.util.stream.FindOps$FindSink$OfRef archived mirror 0x00000007bef11800
[2025-05-19T18:14:51.389+0000][6.835s][1668][1771][trace] Restored java.util.stream.FindOps$FindOp archived mirror 0x00000007bef11708
[2025-05-19T18:14:51.391+0000][6.837s][1668][1771][trace] Restored java.util.ImmutableCollections$Set12$1 archived mirror 0x00000007bef244f0
[2025-05-19T18:14:51.393+0000][6.839s][1668][1771][trace] Restored java.nio.file.Watchable archived mirror 0x00000007bef1e688
[2025-05-19T18:14:51.393+0000][6.839s][1668][1771][trace] Restored java.nio.file.Path archived mirror 0x00000007bef1e5f0
[2025-05-19T18:14:51.394+0000][6.841s][1668][1771][trace] Restored java.lang.ModuleLayer archived mirror 0x00000007bef240f8
[2025-05-19T18:14:51.395+0000][6.841s][1668][1771][trace] Restored java.util.HashMap$Values archived mirror 0x00000007bef23948
[2025-05-19T18:14:51.395+0000][6.841s][1668][1771][trace] Restored java.util.HashMap$ValueIterator archived mirror 0x00000007bef238d8
[2025-05-19T18:14:51.397+0000][6.843s][1668][1771][trace] Restored java.util.Collections$UnmodifiableCollection$1 archived mirror 0x00000007bef23e48
[2025-05-19T18:14:51.407+0000][6.854s][1668][1771][trace] Restored jdk.internal.module.ModuleLoaderMap archived mirror 0x00000007bef243a8
[2025-05-19T18:14:51.408+0000][6.854s][1668][1771][trace] Restored jdk.internal.module.ModuleLoaderMap$Mapper archived mirror 0x00000007bef24288
[2025-05-19T18:14:51.409+0000][6.855s][1668][1771][trace] Restored java.util.concurrent.ConcurrentHashMap$ForwardingNode archived mirror 0x00000007bef24218
[2025-05-19T18:14:51.420+0000][6.866s][1668][1771][trace] Restored jdk.internal.module.ServicesCatalog$ServiceProvider archived mirror 0x00000007bef23d10
[2025-05-19T18:14:51.420+0000][6.867s][1668][1771][trace] Restored java.util.concurrent.CopyOnWriteArrayList archived mirror 0x00000007bef23d80
[2025-05-19T18:14:51.421+0000][6.868s][1668][1771][trace] Restored java.lang.ModuleLayer$Controller archived mirror 0x00000007bef23b38
[2025-05-19T18:14:51.423+0000][6.869s][1668][1771][trace] Restored java.util.ArrayList$SubList archived mirror 0x00000007bef0c6f0
[2025-05-19T18:14:51.426+0000][6.873s][1668][1771][trace] Restored jdk.internal.module.IllegalAccessLogger archived mirror 0x00000007bef23650
[2025-05-19T18:14:51.427+0000][6.873s][1668][1771][trace] Restored jdk.internal.module.IllegalAccessLogger$Mode archived mirror 0x00000007bef23a98
[2025-05-19T18:14:51.427+0000][6.873s][1668][1771][trace] Restored [Ljdk.internal.module.IllegalAccessLogger$Mode; archived mirror 0x00000007bef23a28
[2025-05-19T18:14:51.427+0000][6.873s][1668][1771][trace] Restored jdk.internal.module.IllegalAccessLogger$Builder archived mirror 0x00000007bef239b8
[2025-05-19T18:14:51.427+0000][6.874s][1668][1771][trace] Restored jdk.internal.module.ModuleBootstrap$2 archived mirror 0x00000007bef23868
[2025-05-19T18:14:51.444+0000][6.890s][1668][1771][trace] Restored java.lang.ClassLoader$2 archived mirror 0x00000007bef1e340
[2025-05-19T18:14:51.444+0000][6.890s][1668][1771][trace] Restored java.lang.ClassLoader$NativeLibrary archived mirror 0x00000007bef1e2a0
[2025-05-19T18:14:51.444+0000][6.890s][1668][1771][trace] Restored java.lang.ClassLoaderHelper archived mirror 0x00000007bef1e228
[2025-05-19T18:14:51.444+0000][6.891s][1668][1771][trace] Restored java.util.ArrayDeque$DeqIterator archived mirror 0x00000007bef1e1b8
[2025-05-19T18:14:51.446+0000][6.893s][1668][1771][trace] Restored sun.net.util.URLUtil archived mirror 0x00000007bef208b0
[2025-05-19T18:14:51.447+0000][6.893s][1668][1771][trace] Restored java.util.Locale archived mirror 0x00000007bef20628
[2025-05-19T18:14:51.447+0000][6.893s][1668][1771][trace] Restored sun.util.locale.LocaleObjectCache archived mirror 0x00000007bef205b8
[2025-05-19T18:14:51.447+0000][6.893s][1668][1771][trace] Restored java.util.Locale$Cache archived mirror 0x00000007bef20548
[2025-05-19T18:14:51.447+0000][6.894s][1668][1771][trace] Restored sun.util.locale.BaseLocale archived mirror 0x00000007bef20488
[2025-05-19T18:14:51.447+0000][6.894s][1668][1771][trace] Restored sun.util.locale.BaseLocale$Cache archived mirror 0x00000007bef20418
[2025-05-19T18:14:51.447+0000][6.894s][1668][1771][trace] Restored sun.util.locale.BaseLocale$Key archived mirror 0x00000007bef20388
[2025-05-19T18:14:51.447+0000][6.894s][1668][1771][trace] Restored sun.util.locale.LocaleObjectCache$CacheEntry archived mirror 0x00000007bef20318
[2025-05-19T18:14:51.447+0000][6.894s][1668][1771][trace] Restored sun.util.locale.LocaleUtils archived mirror 0x00000007bef202a8
[2025-05-19T18:14:51.448+0000][6.894s][1668][1771][trace] Restored sun.util.locale.InternalLocaleBuilder archived mirror 0x00000007bef201a0
[2025-05-19T18:14:51.448+0000][6.894s][1668][1771][trace] Restored sun.util.locale.InternalLocaleBuilder$CaseInsensitiveChar archived mirror 0x00000007bef20130
[2025-05-19T18:14:51.448+0000][6.894s][1668][1771][trace] Restored java.security.PrivilegedExceptionAction archived mirror 0x00000007bef200c0
[2025-05-19T18:14:51.448+0000][6.894s][1668][1771][trace] Restored jdk.internal.loader.URLClassPath$3 archived mirror 0x00000007bef20030
[2025-05-19T18:14:51.448+0000][6.894s][1668][1771][trace] Restored java.util.concurrent.ConcurrentHashMap$ValuesView archived mirror 0x00000007bef1e140
[2025-05-19T18:14:51.448+0000][6.894s][1668][1771][trace] Restored java.util.Enumeration archived mirror 0x00000007bef1e0d0
[2025-05-19T18:14:51.448+0000][6.895s][1668][1771][trace] Restored java.util.concurrent.ConcurrentHashMap$ValueIterator archived mirror 0x00000007bef1e060
[2025-05-19T18:14:51.449+0000][6.895s][1668][1771][trace] Restored jdk.internal.loader.URLClassPath$Loader archived mirror 0x00000007bef1ffa8
[2025-05-19T18:14:51.450+0000][6.896s][1668][1771][trace] Restored jdk.internal.loader.URLClassPath$JarLoader archived mirror 0x00000007bef1fef0
[2025-05-19T18:14:51.450+0000][6.896s][1668][1771][trace] Restored java.util.zip.ZipConstants archived mirror 0x00000007bef1fdd0
[2025-05-19T18:14:51.450+0000][6.896s][1668][1771][trace] Restored java.util.zip.ZipFile archived mirror 0x00000007bef1fca8
[2025-05-19T18:14:51.450+0000][6.896s][1668][1771][trace] Restored jdk.internal.misc.JavaUtilZipFileAccess archived mirror 0x00000007bef1fc38
[2025-05-19T18:14:51.450+0000][6.896s][1668][1771][trace] Restored java.util.zip.ZipFile$1 archived mirror 0x00000007bef1fbc8
[2025-05-19T18:14:51.450+0000][6.896s][1668][1771][trace] Restored jdk.internal.loader.URLClassPath$JarLoader$1 archived mirror 0x00000007bef1fb40
[2025-05-19T18:14:51.450+0000][6.896s][1668][1771][trace] Restored jdk.internal.loader.FileURLMapper archived mirror 0x00000007bef1fab8
[2025-05-19T18:14:51.450+0000][6.896s][1668][1771][trace] Restored java.util.jar.JarFile archived mirror 0x00000007bef1f928
[2025-05-19T18:14:51.450+0000][6.897s][1668][1771][trace] Restored jdk.internal.misc.JavaUtilJarAccess archived mirror 0x00000007bef1f8b8
[2025-05-19T18:14:51.450+0000][6.897s][1668][1771][trace] Restored java.util.jar.JavaUtilJarAccessImpl archived mirror 0x00000007bef1f848
[2025-05-19T18:14:51.450+0000][6.897s][1668][1771][trace] Restored java.lang.Runtime$Version archived mirror 0x00000007bef1f758
[2025-05-19T18:14:51.451+0000][6.897s][1668][1771][trace] Restored java.util.zip.ZipCoder archived mirror 0x00000007bef1f6e0
[2025-05-19T18:14:51.451+0000][6.897s][1668][1771][trace] Restored java.util.zip.ZipCoder$UTF8 archived mirror 0x00000007bef1f670
[2025-05-19T18:14:51.451+0000][6.897s][1668][1771][trace] Restored java.util.zip.ZipFile$CleanableResource archived mirror 0x00000007bef1f5e8
[2025-05-19T18:14:51.451+0000][6.897s][1668][1771][trace] Restored java.util.zip.ZipFile$Source archived mirror 0x00000007bef1ed18
[2025-05-19T18:14:51.451+0000][6.897s][1668][1771][trace] Restored sun.nio.fs.DefaultFileSystemProvider archived mirror 0x00000007bef1eca0
[2025-05-19T18:14:51.451+0000][6.897s][1668][1771][trace] Restored java.nio.file.spi.FileSystemProvider archived mirror 0x00000007bef1ebf8
[2025-05-19T18:14:51.451+0000][6.897s][1668][1771][trace] Restored sun.nio.fs.AbstractFileSystemProvider archived mirror 0x00000007bef1eb60
[2025-05-19T18:14:51.451+0000][6.897s][1668][1771][trace] Restored sun.nio.fs.UnixFileSystemProvider archived mirror 0x00000007bef1ea88
[2025-05-19T18:14:51.451+0000][6.897s][1668][1771][trace] Restored sun.nio.fs.LinuxFileSystemProvider archived mirror 0x00000007bef1e9f8
[2025-05-19T18:14:51.451+0000][6.897s][1668][1771][trace] Restored java.nio.file.OpenOption archived mirror 0x00000007bef1e988
[2025-05-19T18:14:51.451+0000][6.897s][1668][1771][trace] Restored java.nio.file.StandardOpenOption archived mirror 0x00000007bef1e8b0
[2025-05-19T18:14:51.451+0000][6.897s][1668][1771][trace] Restored java.nio.file.FileSystem archived mirror 0x00000007bef1e840
[2025-05-19T18:14:51.451+0000][6.897s][1668][1771][trace] Restored sun.nio.fs.UnixFileSystem archived mirror 0x00000007bef1e780
[2025-05-19T18:14:51.451+0000][6.897s][1668][1771][trace] Restored sun.nio.fs.LinuxFileSystem archived mirror 0x00000007bef1e6f8
[2025-05-19T18:14:51.451+0000][6.897s][1668][1771][trace] Restored sun.nio.fs.UnixPath archived mirror 0x00000007bef1e548
[2025-05-19T18:14:51.451+0000][6.898s][1668][1771][trace] Restored sun.nio.fs.Util archived mirror 0x00000007bef1e4b8
[2025-05-19T18:14:51.451+0000][6.898s][1668][1771][trace] Restored java.lang.StringCoding archived mirror 0x00000007bef229b8
[2025-05-19T18:14:51.452+0000][6.898s][1668][1771][trace] Restored sun.nio.cs.ISO_8859_1 archived mirror 0x00000007bef22d30
[2025-05-19T18:14:51.452+0000][6.898s][1668][1771][trace] Restored sun.nio.cs.US_ASCII archived mirror 0x00000007bef22ca0
[2025-05-19T18:14:51.452+0000][6.898s][1668][1771][trace] Restored java.lang.StringCoding$1 archived mirror 0x00000007bef22948
[2025-05-19T18:14:51.452+0000][6.898s][1668][1771][trace] Restored sun.nio.fs.UnixNativeDispatcher archived mirror 0x00000007bef1e438
[2025-05-19T18:14:51.452+0000][6.898s][1668][1771][trace] Restored sun.nio.fs.UnixNativeDispatcher$1 archived mirror 0x00000007bef1e3b0
[2025-05-19T18:14:51.455+0000][6.902s][1668][1771][trace] Restored java.nio.file.attribute.BasicFileAttributes archived mirror 0x00000007bef1dff0
[2025-05-19T18:14:51.455+0000][6.902s][1668][1771][trace] Restored java.nio.file.attribute.PosixFileAttributes archived mirror 0x00000007bef1df80
[2025-05-19T18:14:51.455+0000][6.902s][1668][1771][trace] Restored sun.nio.fs.UnixFileAttributes archived mirror 0x00000007bef1df10
[2025-05-19T18:14:51.455+0000][6.902s][1668][1771][trace] Restored sun.nio.fs.UnixFileStoreAttributes archived mirror 0x00000007bef1dea0
[2025-05-19T18:14:51.455+0000][6.902s][1668][1771][trace] Restored sun.nio.fs.UnixMountEntry archived mirror 0x00000007bef1de18
[2025-05-19T18:14:51.455+0000][6.902s][1668][1771][trace] Restored java.lang.ThreadLocal$ThreadLocalMap archived mirror 0x00000007bef228d0
[2025-05-19T18:14:51.455+0000][6.902s][1668][1771][trace] Restored java.lang.ThreadLocal$ThreadLocalMap$Entry archived mirror 0x00000007bef22860
[2025-05-19T18:14:51.455+0000][6.902s][1668][1771][trace] Restored jdk.internal.misc.TerminatingThreadLocal archived mirror 0x00000007bef227e8
[2025-05-19T18:14:51.456+0000][6.902s][1668][1771][trace] Restored java.lang.Readable archived mirror 0x00000007bef1dda8
[2025-05-19T18:14:51.456+0000][6.902s][1668][1771][trace] Restored java.nio.CharBuffer archived mirror 0x00000007bef1dd00
[2025-05-19T18:14:51.456+0000][6.902s][1668][1771][trace] Restored java.nio.HeapCharBuffer archived mirror 0x00000007bef1dc78
[2025-05-19T18:14:51.456+0000][6.902s][1668][1771][trace] Restored java.nio.charset.CoderResult archived mirror 0x00000007bef22510
[2025-05-19T18:14:51.456+0000][6.902s][1668][1771][trace] Restored java.util.zip.ZipFile$Source$Key archived mirror 0x00000007bef1dc08
[2025-05-19T18:14:51.456+0000][6.902s][1668][1771][trace] Restored java.nio.file.CopyOption archived mirror 0x00000007bef1db98
[2025-05-19T18:14:51.456+0000][6.902s][1668][1771][trace] Restored java.nio.file.LinkOption archived mirror 0x00000007bef1db08
[2025-05-19T18:14:51.456+0000][6.902s][1668][1771][trace] Restored java.nio.file.Files archived mirror 0x00000007bef1d9f0
[2025-05-19T18:14:51.456+0000][6.902s][1668][1771][trace] Restored java.nio.file.attribute.DosFileAttributes archived mirror 0x00000007bef1d980
[2025-05-19T18:14:51.456+0000][6.902s][1668][1771][trace] Restored java.nio.file.attribute.AttributeView archived mirror 0x00000007bef1d910
[2025-05-19T18:14:51.456+0000][6.902s][1668][1771][trace] Restored java.nio.file.attribute.FileAttributeView archived mirror 0x00000007bef1d8a0
[2025-05-19T18:14:51.456+0000][6.902s][1668][1771][trace] Restored java.nio.file.attribute.BasicFileAttributeView archived mirror 0x00000007bef1d830
[2025-05-19T18:14:51.456+0000][6.902s][1668][1771][trace] Restored java.nio.file.attribute.DosFileAttributeView archived mirror 0x00000007bef1d7a8
[2025-05-19T18:14:51.456+0000][6.902s][1668][1771][trace] Restored java.nio.file.attribute.UserDefinedFileAttributeView archived mirror 0x00000007bef1d738
[2025-05-19T18:14:51.456+0000][6.902s][1668][1771][trace] Restored sun.nio.fs.UnixFileAttributeViews archived mirror 0x00000007bef1d6c8
[2025-05-19T18:14:51.456+0000][6.902s][1668][1771][trace] Restored sun.nio.fs.DynamicFileAttributeView archived mirror 0x00000007bef1d658
[2025-05-19T18:14:51.456+0000][6.902s][1668][1771][trace] Restored sun.nio.fs.AbstractBasicFileAttributeView archived mirror 0x00000007bef1d578
[2025-05-19T18:14:51.456+0000][6.902s][1668][1771][trace] Restored sun.nio.fs.UnixFileAttributeViews$Basic archived mirror 0x00000007bef1d508
[2025-05-19T18:14:51.456+0000][6.902s][1668][1771][trace] Restored sun.nio.fs.NativeBuffers archived mirror 0x00000007bef1d488
[2025-05-19T18:14:51.456+0000][6.902s][1668][1771][trace] Restored sun.nio.fs.NativeBuffers$1 archived mirror 0x00000007bef1d418
[2025-05-19T18:14:51.456+0000][6.902s][1668][1771][trace] Restored jdk.internal.misc.TerminatingThreadLocal$1 archived mirror 0x00000007bef1d3a8
[2025-05-19T18:14:51.456+0000][6.903s][1668][1771][trace] Restored java.util.IdentityHashMap archived mirror 0x00000007bef1d2f8
[2025-05-19T18:14:51.456+0000][6.903s][1668][1771][trace] Restored java.util.IdentityHashMap$KeySet archived mirror 0x00000007bef1d288
[2025-05-19T18:14:51.456+0000][6.903s][1668][1771][trace] Restored sun.nio.fs.NativeBuffer archived mirror 0x00000007bef1d210
[2025-05-19T18:14:51.456+0000][6.903s][1668][1771][trace] Restored sun.nio.fs.NativeBuffer$Deallocator archived mirror 0x00000007bef1d1a0
[2025-05-19T18:14:51.456+0000][6.903s][1668][1771][trace] Restored sun.nio.fs.UnixFileAttributes$UnixAsBasicFileAttributes archived mirror 0x00000007bef1d130
[2025-05-19T18:14:51.457+0000][6.903s][1668][1771][trace] Restored java.util.concurrent.TimeUnit archived mirror 0x00000007bef1d030
[2025-05-19T18:14:51.457+0000][6.903s][1668][1771][trace] Restored java.nio.file.attribute.FileTime archived mirror 0x00000007bef1cf28
[2025-05-19T18:14:51.457+0000][6.903s][1668][1771][trace] Restored java.io.DataOutput archived mirror 0x00000007bef1ceb8
[2025-05-19T18:14:51.457+0000][6.903s][1668][1771][trace] Restored java.io.DataInput archived mirror 0x00000007bef1ce48
[2025-05-19T18:14:51.457+0000][6.903s][1668][1771][trace] Restored java.io.RandomAccessFile archived mirror 0x00000007bef1cd90
[2025-05-19T18:14:51.457+0000][6.903s][1668][1771][trace] Restored jdk.internal.misc.JavaIORandomAccessFileAccess archived mirror 0x00000007bef1cd20
[2025-05-19T18:14:51.457+0000][6.903s][1668][1771][trace] Restored java.io.RandomAccessFile$2 archived mirror 0x00000007bef1ccb0
[2025-05-19T18:14:51.457+0000][6.903s][1668][1771][trace] Restored java.util.concurrent.atomic.AtomicBoolean archived mirror 0x00000007bef1cba0
[2025-05-19T18:14:51.457+0000][6.903s][1668][1771][trace] Restored java.lang.invoke.VarHandles archived mirror 0x00000007bef1c218
[2025-05-19T18:14:51.457+0000][6.903s][1668][1771][trace] Restored java.lang.invoke.VarHandleInts$FieldInstanceReadOnly archived mirror 0x00000007bef1c1a0
[2025-05-19T18:14:51.457+0000][6.903s][1668][1771][trace] Restored java.lang.invoke.VarHandleInts$FieldInstanceReadWrite archived mirror 0x00000007bef1c128
[2025-05-19T18:14:51.457+0000][6.903s][1668][1771][trace] Restored java.lang.invoke.VarHandle$1 archived mirror 0x00000007bef1c0b8
[2025-05-19T18:14:51.457+0000][6.903s][1668][1771][trace] Restored jdk.internal.util.Preconditions$1 archived mirror 0x00000007bef1bfb0
[2025-05-19T18:14:51.457+0000][6.903s][1668][1771][trace] Restored java.lang.invoke.VarHandleGuards archived mirror 0x00000007bef1bcb8
[2025-05-19T18:14:51.457+0000][6.904s][1668][1771][trace] Restored java.lang.invoke.VarForm archived mirror 0x00000007bef1bc40
[2025-05-19T18:14:51.457+0000][6.904s][1668][1771][trace] Restored java.lang.invoke.VarHandle$AccessType archived mirror 0x00000007bef1bb90
[2025-05-19T18:14:51.457+0000][6.904s][1668][1771][trace] Restored java.lang.invoke.VarHandle$AccessMode archived mirror 0x00000007bef1b8f8
[2025-05-19T18:14:51.458+0000][6.904s][1668][1771][trace] Restored java.io.FileCleanable archived mirror 0x00000007bef1b460
[2025-05-19T18:14:51.458+0000][6.904s][1668][1771][trace] Restored java.util.zip.ZipFile$Source$End archived mirror 0x00000007bef1b3f0
[2025-05-19T18:14:51.459+0000][6.905s][1668][1771][trace] Restored java.util.zip.ZipUtils archived mirror 0x00000007bef1b300
[2025-05-19T18:14:51.462+0000][6.908s][1668][1771][trace] Restored jdk.internal.perf.PerfCounter archived mirror 0x00000007bef1b260
[2025-05-19T18:14:51.462+0000][6.908s][1668][1771][trace] Restored jdk.internal.perf.Perf$GetPerfAction archived mirror 0x00000007bef1b1f0
[2025-05-19T18:14:51.462+0000][6.908s][1668][1771][trace] Restored jdk.internal.perf.Perf archived mirror 0x00000007bef1b150
[2025-05-19T18:14:51.462+0000][6.908s][1668][1771][trace] Restored jdk.internal.perf.PerfCounter$CoreCounters archived mirror 0x00000007bef1b0a0
[2025-05-19T18:14:51.462+0000][6.908s][1668][1771][trace] Restored sun.nio.ch.DirectBuffer archived mirror 0x00000007bef1b030
[2025-05-19T18:14:51.462+0000][6.908s][1668][1771][trace] Restored java.nio.MappedByteBuffer archived mirror 0x00000007bef1afb8
[2025-05-19T18:14:51.462+0000][6.909s][1668][1771][trace] Restored java.nio.DirectByteBuffer archived mirror 0x00000007bef1af38
[2025-05-19T18:14:51.462+0000][6.909s][1668][1771][trace] Restored java.nio.Bits archived mirror 0x00000007bef1ae78
[2025-05-19T18:14:51.463+0000][6.909s][1668][1771][trace] Restored java.util.concurrent.atomic.AtomicLong archived mirror 0x00000007bef1add0
[2025-05-19T18:14:51.463+0000][6.909s][1668][1771][trace] Restored jdk.internal.misc.JavaNioAccess$BufferPool archived mirror 0x00000007bef1ad60
[2025-05-19T18:14:51.463+0000][6.909s][1668][1771][trace] Restored java.nio.Bits$1 archived mirror 0x00000007bef1acd8
[2025-05-19T18:14:51.463+0000][6.909s][1668][1771][trace] Restored java.nio.LongBuffer archived mirror 0x00000007bef1ac48
[2025-05-19T18:14:51.463+0000][6.909s][1668][1771][trace] Restored java.nio.DirectLongBufferU archived mirror 0x00000007bef1abc8
[2025-05-19T18:14:51.463+0000][6.909s][1668][1771][trace] Restored jdk.internal.util.jar.JarIndex archived mirror 0x00000007bef1ab18
[2025-05-19T18:14:51.463+0000][6.909s][1668][1771][trace] Restored java.util.jar.JarFile$1 archived mirror 0x00000007bef1aaa8
[2025-05-19T18:14:51.463+0000][6.910s][1668][1771][trace] Restored java.util.zip.ZipEntry archived mirror 0x00000007bef1a9e0
[2025-05-19T18:14:51.463+0000][6.910s][1668][1771][trace] Restored java.util.jar.JarEntry archived mirror 0x00000007bef1a970
[2025-05-19T18:14:51.463+0000][6.910s][1668][1771][trace] Restored java.util.jar.JarFile$JarFileEntry archived mirror 0x00000007bef1a900
[2025-05-19T18:14:51.463+0000][6.910s][1668][1771][trace] Restored java.util.zip.ZipFile$ZipFileInputStream archived mirror 0x00000007bef1a878
[2025-05-19T18:14:51.464+0000][6.910s][1668][1771][trace] Restored java.util.zip.InflaterInputStream archived mirror 0x00000007bef1a7e0
[2025-05-19T18:14:51.464+0000][6.910s][1668][1771][trace] Restored java.util.zip.ZipFile$ZipFileInflaterInputStream archived mirror 0x00000007bef1a758
[2025-05-19T18:14:51.464+0000][6.911s][1668][1771][trace] Restored java.util.zip.Inflater archived mirror 0x00000007bef1a6c8
[2025-05-19T18:14:51.465+0000][6.911s][1668][1771][trace] Restored java.util.zip.Inflater$InflaterZStreamRef archived mirror 0x00000007bef1a640
[2025-05-19T18:14:51.465+0000][6.911s][1668][1771][trace] Restored java.util.zip.ZipFile$InflaterCleanupAction archived mirror 0x00000007bef1a5d0
[2025-05-19T18:14:51.465+0000][6.911s][1668][1771][trace] Restored sun.security.util.SignatureFileVerifier archived mirror 0x00000007bef1a460
[2025-05-19T18:14:51.465+0000][6.911s][1668][1771][trace] Restored sun.security.util.Debug archived mirror 0x00000007bef1a2b8
[2025-05-19T18:14:51.465+0000][6.911s][1668][1771][trace] Restored sun.security.action.GetIntegerAction archived mirror 0x00000007bef1a248
[2025-05-19T18:14:51.490+0000][6.937s][1668][1771][trace] Restored java.util.jar.Attributes archived mirror 0x00000007bef1a090
[2025-05-19T18:14:51.491+0000][6.937s][1668][1771][trace] Restored java.util.jar.Manifest$FastInputStream archived mirror 0x00000007bef1a020
[2025-05-19T18:14:51.491+0000][6.937s][1668][1771][trace] Restored java.io.ByteArrayOutputStream archived mirror 0x00000007bef19f90
[2025-05-19T18:14:51.491+0000][6.937s][1668][1771][trace] Restored java.lang.StringCoding$Result archived mirror 0x00000007bef22778
[2025-05-19T18:14:51.491+0000][6.937s][1668][1771][trace] Restored java.util.jar.Attributes$Name archived mirror 0x00000007bef19e18
[2025-05-19T18:14:51.508+0000][6.955s][1668][1771][trace] Restored java.util.StringTokenizer archived mirror 0x00000007bef07050
[2025-05-19T18:14:51.568+0000][7.014s][1668][1771][trace] Restored jdk.internal.loader.Resource archived mirror 0x00000007bef1a1c0
[2025-05-19T18:14:51.568+0000][7.014s][1668][1771][trace] Restored jdk.internal.loader.URLClassPath$JarLoader$2 archived mirror 0x00000007bef1a138
[2025-05-19T18:14:51.568+0000][7.015s][1668][1771][trace] Restored java.lang.NamedPackage archived mirror 0x00000007bef19d90
[2025-05-19T18:14:51.568+0000][7.015s][1668][1771][trace] Restored java.lang.Package archived mirror 0x00000007bef19cc8
[2025-05-19T18:14:51.568+0000][7.015s][1668][1771][trace] Restored java.lang.Package$VersionInfo archived mirror 0x00000007bef19c50
[2025-05-19T18:14:51.568+0000][7.015s][1668][1771][trace] Restored sun.nio.ByteBuffered archived mirror 0x00000007bef19be0
[2025-05-19T18:14:51.569+0000][7.016s][1668][1771][trace] Restored java.util.zip.Checksum archived mirror 0x00000007bef19b70
[2025-05-19T18:14:51.569+0000][7.016s][1668][1771][trace] Restored java.util.zip.CRC32 archived mirror 0x00000007bef19af8
[2025-05-19T18:14:51.569+0000][7.016s][1668][1771][trace] Restored java.util.zip.Checksum$1 archived mirror 0x00000007bef19a80
[2025-05-19T18:14:51.570+0000][7.016s][1668][1771][trace] Restored java.security.SecureClassLoader$CodeSourceKey archived mirror 0x00000007bef19a10
[2025-05-19T18:14:51.570+0000][7.016s][1668][1771][trace] Restored java.security.SecureClassLoader$1 archived mirror 0x00000007bef19988
[2025-05-19T18:14:51.570+0000][7.016s][1668][1771][trace] Restored java.security.PermissionCollection archived mirror 0x00000007bef198f0
[2025-05-19T18:14:51.570+0000][7.016s][1668][1771][trace] Restored sun.security.util.LazyCodeSourcePermissionCollection archived mirror 0x00000007bef19858
[2025-05-19T18:14:51.570+0000][7.016s][1668][1771][trace] Restored java.security.Permissions archived mirror 0x00000007bef197b8
[2025-05-19T18:14:51.570+0000][7.016s][1668][1771][trace] Restored java.lang.RuntimePermission archived mirror 0x00000007bef19740
[2025-05-19T18:14:51.570+0000][7.016s][1668][1771][trace] Restored java.security.Permissions$1 archived mirror 0x00000007bef196d0
[2025-05-19T18:14:51.570+0000][7.016s][1668][1771][trace] Restored java.security.BasicPermissionCollection archived mirror 0x00000007bef19628
[2025-05-19T18:14:51.570+0000][7.016s][1668][1771][trace] Restored java.security.AllPermission archived mirror 0x00000007bef19598
[2025-05-19T18:14:51.570+0000][7.016s][1668][1771][trace] Restored java.security.UnresolvedPermission archived mirror 0x00000007bef194d0
[2025-05-19T18:14:51.570+0000][7.016s][1668][1771][trace] Restored java.security.SecureClassLoader$DebugHolder archived mirror 0x00000007bef19440
[2025-05-19T18:14:51.582+0000][7.028s][1668][1771][trace] Restored java.util.Arrays$ArrayList archived mirror 0x00000007bef13f40
[2025-05-19T18:14:51.582+0000][7.029s][1668][1771][trace] Restored java.util.Collections$UnmodifiableList archived mirror 0x00000007bef13420
[2025-05-19T18:14:51.582+0000][7.029s][1668][1771][trace] Restored java.util.Collections$UnmodifiableRandomAccessList archived mirror 0x00000007bef133a8
[2025-05-19T18:14:51.587+0000][7.033s][1668][1771][trace] Restored java.lang.ClassValue archived mirror 0x00000007bef142a0
[2025-05-19T18:14:51.587+0000][7.033s][1668][1771][trace] Restored java.lang.ClassValue$Entry archived mirror 0x00000007bef141a0
[2025-05-19T18:14:51.587+0000][7.033s][1668][1771][trace] Restored java.lang.ClassValue$Identity archived mirror 0x00000007bef14130
[2025-05-19T18:14:51.587+0000][7.033s][1668][1771][trace] Restored java.lang.ClassValue$Version archived mirror 0x00000007bef140c0
[2025-05-19T18:14:51.588+0000][7.034s][1668][1771][trace] Restored sun.invoke.util.ValueConversions$WrapperCache archived mirror 0x00000007bef13248
[2025-05-19T18:14:51.598+0000][7.044s][1668][1771][trace] Restored java.lang.ClassValue$ClassValueMap archived mirror 0x00000007bef13fb8
[2025-05-19T18:14:51.599+0000][7.045s][1668][1771][trace] Restored sun.reflect.misc.ReflectUtil archived mirror 0x00000007bef15290
[2025-05-19T18:14:51.600+0000][7.047s][1668][1771][trace] Restored java.lang.IncompatibleClassChangeError archived mirror 0x00000007bef14a70
[2025-05-19T18:14:51.600+0000][7.047s][1668][1771][trace] Restored java.lang.NoSuchMethodError archived mirror 0x00000007bef149f8
[2025-05-19T18:14:51.603+0000][7.050s][1668][1771][trace] Restored java.lang.invoke.MethodHandles$1 archived mirror 0x00000007bef132b8
[2025-05-19T18:14:51.611+0000][7.058s][1668][1771][trace] Restored java.util.StringJoiner archived mirror 0x00000007bef0d8c0
[2025-05-19T18:14:51.611+0000][7.058s][1668][1771][trace] Restored java.lang.StringUTF16 archived mirror 0x00000007bef17718
[2025-05-19T18:14:51.620+0000][7.067s][1668][1771][trace] Restored sun.launcher.LauncherHelper archived mirror 0x00000007bef20950
[2025-05-19T18:14:51.693+0000][7.139s][1668][1771][trace] Restored java.util.AbstractSequentialList archived mirror 0x00000007bef05750
[2025-05-19T18:14:51.693+0000][7.139s][1668][1771][trace] Restored java.util.LinkedList archived mirror 0x00000007bef056c0
[2025-05-19T18:14:51.693+0000][7.140s][1668][1771][trace] Restored java.util.LinkedList$Node archived mirror 0x00000007bef05650
[2025-05-19T18:14:51.757+0000][7.203s][1668][1771][trace] Restored java.lang.invoke.VarHandleObjects$FieldInstanceReadOnly archived mirror 0x00000007bef185c8
[2025-05-19T18:14:51.757+0000][7.204s][1668][1771][trace] Restored java.lang.invoke.VarHandleObjects$FieldInstanceReadWrite archived mirror 0x00000007bef18550
[2025-05-19T18:14:51.762+0000][7.208s][1668][1771][trace] Restored java.util.SortedSet archived mirror 0x00000007bef0ed70
[2025-05-19T18:14:51.762+0000][7.208s][1668][1771][trace] Restored java.util.SortedMap archived mirror 0x00000007bef0eb60
[2025-05-19T18:14:51.768+0000][7.215s][1668][1771][trace] Restored java.util.concurrent.locks.AbstractQueuedSynchronizer archived mirror 0x00000007bef18828
[2025-05-19T18:14:51.768+0000][7.215s][1668][1771][trace] Restored java.util.concurrent.locks.ReentrantLock$Sync archived mirror 0x00000007bef18798
[2025-05-19T18:14:51.769+0000][7.215s][1668][1771][trace] Restored java.util.concurrent.locks.ReentrantLock$NonfairSync archived mirror 0x00000007bef18720
[2025-05-19T18:14:51.769+0000][7.215s][1668][1771][trace] Restored java.util.concurrent.locks.AbstractQueuedSynchronizer$Node archived mirror 0x00000007bef18640
[2025-05-19T18:14:51.771+0000][7.217s][1668][1771][trace] Restored jdk.internal.module.Resources archived mirror 0x00000007bef105e0
[2025-05-19T18:14:51.771+0000][7.217s][1668][1771][trace] Restored jdk.internal.loader.BuiltinClassLoader$2 archived mirror 0x00000007bef10570
[2025-05-19T18:14:51.771+0000][7.218s][1668][1771][trace] Restored jdk.internal.loader.BuiltinClassLoader$5 archived mirror 0x00000007bef10500
[2025-05-19T18:14:51.771+0000][7.218s][1668][1771][trace] Restored java.lang.module.ModuleReader archived mirror 0x00000007bef10490
[2025-05-19T18:14:51.772+0000][7.218s][1668][1771][trace] Restored jdk.internal.module.SystemModuleFinders$SystemModuleReader archived mirror 0x00000007bef103e8
[2025-05-19T18:14:51.772+0000][7.218s][1668][1771][trace] Restored jdk.internal.module.SystemModuleFinders$SystemImage archived mirror 0x00000007bef10370
[2025-05-19T18:14:51.772+0000][7.218s][1668][1771][trace] Restored jdk.internal.jimage.ImageReaderFactory archived mirror 0x00000007bef102d0
[2025-05-19T18:14:51.772+0000][7.218s][1668][1771][trace] Restored java.nio.file.Paths archived mirror 0x00000007bef171b8
[2025-05-19T18:14:51.772+0000][7.218s][1668][1771][trace] Restored java.nio.file.FileSystems archived mirror 0x00000007bef17128
[2025-05-19T18:14:51.772+0000][7.218s][1668][1771][trace] Restored java.nio.file.FileSystems$DefaultFileSystemHolder archived mirror 0x00000007bef17088
[2025-05-19T18:14:51.772+0000][7.218s][1668][1771][trace] Restored java.nio.file.FileSystems$DefaultFileSystemHolder$1 archived mirror 0x00000007bef17018
[2025-05-19T18:14:51.772+0000][7.218s][1668][1771][trace] Restored java.net.URI$Parser archived mirror 0x00000007bef16f00
[2025-05-19T18:14:51.773+0000][7.219s][1668][1771][trace] Restored jdk.internal.jimage.ImageReaderFactory$1 archived mirror 0x00000007bef10260
[2025-05-19T18:14:51.773+0000][7.220s][1668][1771][trace] Restored jdk.internal.jimage.ImageReader archived mirror 0x00000007bef10190
[2025-05-19T18:14:51.774+0000][7.220s][1668][1771][trace] Restored jdk.internal.jimage.BasicImageReader archived mirror 0x00000007bef10068
[2025-05-19T18:14:51.774+0000][7.220s][1668][1771][trace] Restored jdk.internal.jimage.ImageReader$SharedImageReader archived mirror 0x00000007bef0ff88
[2025-05-19T18:14:51.774+0000][7.221s][1668][1771][trace] Restored jdk.internal.jimage.BasicImageReader$1 archived mirror 0x00000007bef0ff18
[2025-05-19T18:14:51.774+0000][7.221s][1668][1771][trace] Restored jdk.internal.jimage.NativeImageBuffer archived mirror 0x00000007bef0fea8
[2025-05-19T18:14:51.775+0000][7.221s][1668][1771][trace] Restored jdk.internal.jimage.NativeImageBuffer$1 archived mirror 0x00000007bef0fe20
[2025-05-19T18:14:51.775+0000][7.221s][1668][1771][trace] Restored jdk.internal.jimage.ImageHeader archived mirror 0x00000007bef0fd88
[2025-05-19T18:14:51.775+0000][7.222s][1668][1771][trace] Restored java.nio.IntBuffer archived mirror 0x00000007bef0fcf8
[2025-05-19T18:14:51.776+0000][7.222s][1668][1771][trace] Restored java.nio.DirectIntBufferU archived mirror 0x00000007bef0fc78
[2025-05-19T18:14:51.776+0000][7.222s][1668][1771][trace] Restored java.nio.DirectByteBufferR archived mirror 0x00000007bef0fc00
[2025-05-19T18:14:51.776+0000][7.223s][1668][1771][trace] Restored java.nio.DirectIntBufferRU archived mirror 0x00000007bef0fb88
[2025-05-19T18:14:51.776+0000][7.223s][1668][1771][trace] Restored jdk.internal.jimage.ImageStrings archived mirror 0x00000007bef0fb18
[2025-05-19T18:14:51.776+0000][7.223s][1668][1771][trace] Restored jdk.internal.jimage.ImageStringsReader archived mirror 0x00000007bef0fa70
[2025-05-19T18:14:51.777+0000][7.223s][1668][1771][trace] Restored jdk.internal.jimage.decompressor.Decompressor archived mirror 0x00000007bef0f9e8
[2025-05-19T18:14:51.777+0000][7.223s][1668][1771][trace] Restored jdk.internal.jimage.ImageLocation archived mirror 0x00000007bef0f930
[2025-05-19T18:14:51.780+0000][7.226s][1668][1771][trace] Restored java.util.Collections$EmptyIterator archived mirror 0x00000007bef0f8b8
[2025-05-19T18:14:51.781+0000][7.228s][1668][1771][trace] Restored java.util.Collections$EmptyEnumeration archived mirror 0x00000007bef0f840
[2025-05-19T18:14:51.781+0000][7.228s][1668][1771][trace] Restored jdk.internal.loader.BuiltinClassLoader$1 archived mirror 0x00000007bef0f7d0
[2025-05-19T18:14:51.782+0000][7.229s][1668][1771][trace] Restored java.lang.CompoundEnumeration archived mirror 0x00000007bef0f760
[2025-05-19T18:14:51.784+0000][7.230s][1668][1771][trace] Restored jdk.internal.loader.URLClassPath$1 archived mirror 0x00000007bef0f6f0
[2025-05-19T18:14:51.808+0000][7.254s][1668][1771][trace] Restored java.util.concurrent.Executor archived mirror 0x00000007bef0d280
[2025-05-19T18:14:51.808+0000][7.254s][1668][1771][trace] Restored java.util.concurrent.ExecutorService archived mirror 0x00000007bef0d210
[2025-05-19T18:14:51.826+0000][7.273s][1668][1771][trace] Restored java.security.Security archived mirror 0x00000007bef178c0
[2025-05-19T18:14:51.827+0000][7.273s][1668][1771][trace] Restored java.security.Security$1 archived mirror 0x00000007bef17850
[2025-05-19T18:14:51.828+0000][7.275s][1668][1771][trace] Restored java.util.Properties$LineReader archived mirror 0x00000007bef177c8
[2025-05-19T18:14:51.831+0000][7.277s][1668][1771][trace] Restored java.io.FileInputStream$1 archived mirror 0x00000007bef176a8
[2025-05-19T18:14:51.832+0000][7.278s][1668][1771][trace] Restored java.util.concurrent.ConcurrentHashMap$KeySetView archived mirror 0x00000007bef13000
[2025-05-19T18:14:51.833+0000][7.279s][1668][1771][trace] Restored java.util.Collections$SynchronizedMap archived mirror 0x00000007bef184d8
[2025-05-19T18:14:51.856+0000][7.303s][1668][1771][trace] Restored java.io.FilePermission archived mirror 0x00000007bef175a8
[2025-05-19T18:14:51.856+0000][7.303s][1668][1771][trace] Restored java.net.SocketPermission archived mirror 0x00000007bef17c08
[2025-05-19T18:14:51.857+0000][7.304s][1668][1771][trace] Restored java.net.NetPermission archived mirror 0x00000007bef17df8
[2025-05-19T18:14:51.857+0000][7.304s][1668][1771][trace] Restored sun.security.util.SecurityConstants archived mirror 0x00000007bef17e70
[2025-05-19T18:14:51.858+0000][7.304s][1668][1771][trace] Restored java.security.SecurityPermission archived mirror 0x00000007bef17d80
[2025-05-19T18:14:51.860+0000][7.307s][1668][1771][trace] Restored java.util.Arrays$LegacyMergeSort archived mirror 0x00000007bef0a078
[2025-05-19T18:14:51.862+0000][7.308s][1668][1771][trace] Restored sun.security.util.FilePermCompat archived mirror 0x00000007bef17a70
[2025-05-19T18:14:51.862+0000][7.308s][1668][1771][trace] Restored sun.security.util.SecurityProperties archived mirror 0x00000007bef179d0
[2025-05-19T18:14:51.907+0000][7.353s][1668][1784][info ] Application time: 0.2864025 seconds
[2025-05-19T18:14:51.907+0000][7.353s][1668][1784][info ] Entering safepoint region: Deoptimize
[2025-05-19T18:14:51.908+0000][7.354s][1668][1784][info ] Leaving safepoint region
[2025-05-19T18:14:51.908+0000][7.354s][1668][1784][info ] Total time for which application threads were stopped: 0.0009786 seconds, Stopping threads took: 0.0000132 seconds
[2025-05-19T18:14:51.912+0000][7.358s][1668][1771][trace] Restored java.lang.invoke.StringConcatFactory archived mirror 0x00000007bef16d70
[2025-05-19T18:14:51.912+0000][7.358s][1668][1771][trace] Restored java.lang.invoke.StringConcatFactory$Strategy archived mirror 0x00000007bef167c0
[2025-05-19T18:14:51.912+0000][7.358s][1668][1771][trace] Restored java.lang.invoke.MethodHandleImpl$AsVarargsCollector archived mirror 0x00000007bef15078
[2025-05-19T18:14:51.912+0000][7.359s][1668][1771][trace] Restored java.lang.invoke.StringConcatFactory$1 archived mirror 0x00000007bef14828
[2025-05-19T18:14:51.913+0000][7.359s][1668][1771][trace] Restored java.lang.invoke.StringConcatFactory$Mode archived mirror 0x00000007bef14788
[2025-05-19T18:14:51.913+0000][7.359s][1668][1771][trace] Restored java.lang.invoke.StringConcatFactory$Recipe archived mirror 0x00000007bef14718
[2025-05-19T18:14:51.913+0000][7.359s][1668][1771][trace] Restored java.lang.invoke.StringConcatFactory$RecipeElement archived mirror 0x00000007bef146a0
[2025-05-19T18:14:51.913+0000][7.359s][1668][1771][trace] Restored java.lang.invoke.StringConcatFactory$MethodHandleInlineCopyStrategy archived mirror 0x00000007bef145c8
[2025-05-19T18:14:51.913+0000][7.359s][1668][1771][trace] Restored java.lang.invoke.StringConcatFactory$MethodHandleInlineCopyStrategy$1 archived mirror 0x00000007bef14540
[2025-05-19T18:14:51.913+0000][7.359s][1668][1771][trace] Restored java.lang.invoke.StringConcatFactory$MethodHandleInlineCopyStrategy$2 archived mirror 0x00000007bef144b8
[2025-05-19T18:14:51.913+0000][7.360s][1668][1771][trace] Restored java.lang.invoke.StringConcatFactory$MethodHandleInlineCopyStrategy$3 archived mirror 0x00000007bef14430
[2025-05-19T18:14:51.913+0000][7.360s][1668][1771][trace] Restored java.lang.StringConcatHelper archived mirror 0x00000007bef143a0
[2025-05-19T18:14:51.914+0000][7.360s][1668][1771][trace] Restored java.lang.invoke.StringConcatFactory$Stringifiers archived mirror 0x00000007bef14328
[2025-05-19T18:14:51.914+0000][7.360s][1668][1771][trace] Restored java.lang.invoke.StringConcatFactory$Stringifiers$StringifierMost archived mirror 0x00000007bef14218
[2025-05-19T18:14:51.914+0000][7.360s][1668][1771][trace] Restored java.lang.invoke.StringConcatFactory$Stringifiers$StringifierAny archived mirror 0x00000007bef14038
[2025-05-19T18:14:51.914+0000][7.361s][1668][1771][trace] Restored java.util.Arrays$ArrayItr archived mirror 0x00000007bef13828
[2025-05-19T18:14:51.947+0000][7.394s][1668][1771][trace] Restored java.lang.Byte$ByteCache archived mirror 0x00000007bef13330
[2025-05-19T18:14:51.949+0000][7.395s][1668][1771][trace] Restored java.lang.invoke.ClassSpecializer$Factory$1Var archived mirror 0x00000007bef13498
[2025-05-19T18:14:51.957+0000][7.404s][1668][1771][trace] Restored java.util.ServiceLoader archived mirror 0x00000007bef10ee8
[2025-05-19T18:14:51.957+0000][7.404s][1668][1771][trace] Restored java.util.ServiceLoader$ModuleServicesLookupIterator archived mirror 0x00000007bef10e48
[2025-05-19T18:14:51.958+0000][7.404s][1668][1771][trace] Restored jdk.internal.loader.AbstractClassLoaderValue$Memoizer archived mirror 0x00000007bef10670
[2025-05-19T18:14:51.958+0000][7.404s][1668][1771][trace] Restored java.util.Spliterators$ArraySpliterator archived mirror 0x00000007bef0e278
[2025-05-19T18:14:51.958+0000][7.404s][1668][1771][trace] Restored java.util.Spliterators$1Adapter archived mirror 0x00000007bef10868
[2025-05-19T18:14:51.958+0000][7.405s][1668][1771][trace] Restored java.util.ServiceLoader$LazyClassPathLookupIterator archived mirror 0x00000007bef107c0
[2025-05-19T18:14:51.959+0000][7.405s][1668][1771][trace] Restored java.util.ServiceLoader$2 archived mirror 0x00000007bef10750
[2025-05-19T18:14:51.959+0000][7.405s][1668][1771][trace] Restored java.util.ServiceLoader$3 archived mirror 0x00000007bef106e0
[2025-05-19T18:14:52.141+0000][7.587s][1668][1771][trace] Restored java.util.concurrent.AbstractExecutorService archived mirror 0x00000007bef0d198
[2025-05-19T18:14:52.146+0000][7.592s][1668][1771][trace] Restored java.util.concurrent.Future archived mirror 0x00000007bef0d5c0
[2025-05-19T18:14:52.150+0000][7.596s][1668][1771][trace] Restored java.util.regex.Pattern archived mirror 0x00000007bef03878
[2025-05-19T18:14:52.151+0000][7.598s][1668][1771][trace] Restored java.util.regex.Pattern$Node archived mirror 0x00000007bef03808
[2025-05-19T18:14:52.153+0000][7.599s][1668][1771][trace] Restored java.util.regex.Pattern$1 archived mirror 0x00000007bef03798
[2025-05-19T18:14:52.153+0000][7.599s][1668][1771][trace] Restored java.util.regex.Pattern$LastNode archived mirror 0x00000007bef03728
[2025-05-19T18:14:52.153+0000][7.599s][1668][1771][trace] Restored java.util.regex.Pattern$GroupHead archived mirror 0x00000007bef036b8
[2025-05-19T18:14:52.153+0000][7.600s][1668][1771][trace] Restored java.util.regex.Pattern$GroupTail archived mirror 0x00000007bef033e8
[2025-05-19T18:14:52.153+0000][7.600s][1668][1771][trace] Restored java.util.regex.Pattern$CharProperty archived mirror 0x00000007bef034c8
[2025-05-19T18:14:52.153+0000][7.600s][1668][1771][trace] Restored java.util.regex.Pattern$BmpCharProperty archived mirror 0x00000007bef03458
[2025-05-19T18:14:52.153+0000][7.600s][1668][1771][trace] Restored java.util.regex.Pattern$BitClass archived mirror 0x00000007bef02c68
[2025-05-19T18:14:52.154+0000][7.600s][1668][1771][trace] Restored java.util.regex.Pattern$CharPredicate archived mirror 0x00000007bef03600
[2025-05-19T18:14:52.154+0000][7.600s][1668][1771][trace] Restored java.util.regex.Pattern$BmpCharPredicate archived mirror 0x00000007bef03538
[2025-05-19T18:14:52.158+0000][7.604s][1668][1771][trace] Restored java.util.regex.Pattern$CharPropertyGreedy archived mirror 0x00000007bef02f70
[2025-05-19T18:14:52.159+0000][7.605s][1668][1771][trace] Restored java.util.regex.Pattern$Ques archived mirror 0x00000007bef02e90
[2025-05-19T18:14:52.159+0000][7.605s][1668][1771][trace] Restored java.util.regex.Pattern$Qtype archived mirror 0x00000007bef02de8
[2025-05-19T18:14:52.159+0000][7.605s][1668][1771][trace] Restored java.util.regex.Pattern$BranchConn archived mirror 0x00000007bef02d78
[2025-05-19T18:14:52.159+0000][7.605s][1668][1771][trace] Restored java.util.regex.Pattern$Branch archived mirror 0x00000007bef02d08
[2025-05-19T18:14:52.159+0000][7.605s][1668][1771][trace] Restored java.util.regex.CharPredicates archived mirror 0x00000007bef02fe0
[2025-05-19T18:14:52.160+0000][7.606s][1668][1771][trace] Restored java.util.regex.Pattern$BmpCharPropertyGreedy archived mirror 0x00000007bef02f00
[2025-05-19T18:14:52.160+0000][7.606s][1668][1771][trace] Restored java.util.regex.ASCII archived mirror 0x00000007bef02748
[2025-05-19T18:14:52.161+0000][7.607s][1668][1771][trace] Restored java.util.regex.Pattern$SliceNode archived mirror 0x00000007bef02bf8
[2025-05-19T18:14:52.161+0000][7.608s][1668][1771][trace] Restored java.util.regex.Pattern$Slice archived mirror 0x00000007bef02b88
[2025-05-19T18:14:52.161+0000][7.608s][1668][1771][trace] Restored java.util.regex.Pattern$Begin archived mirror 0x00000007bef02b18
[2025-05-19T18:14:52.161+0000][7.608s][1668][1771][trace] Restored java.util.regex.Pattern$First archived mirror 0x00000007bef02aa8
[2025-05-19T18:14:52.162+0000][7.608s][1668][1771][trace] Restored java.util.regex.Pattern$Start archived mirror 0x00000007bef02a38
[2025-05-19T18:14:52.162+0000][7.608s][1668][1771][trace] Restored java.util.regex.Pattern$TreeInfo archived mirror 0x00000007bef029c8
[2025-05-19T18:14:52.162+0000][7.609s][1668][1771][trace] Restored java.util.regex.MatchResult archived mirror 0x00000007bef02958
[2025-05-19T18:14:52.162+0000][7.609s][1668][1771][trace] Restored java.util.regex.Matcher archived mirror 0x00000007bef02868
[2025-05-19T18:14:52.162+0000][7.609s][1668][1771][trace] Restored java.util.regex.IntHashSet archived mirror 0x00000007bef027f8
[2025-05-19T18:14:52.174+0000][7.621s][1668][1771][trace] Restored java.lang.invoke.VarHandle$AccessDescriptor archived mirror 0x00000007bef17328
[2025-05-19T18:14:52.182+0000][7.628s][1668][1796][trace] Restored java.time.temporal.TemporalUnit archived mirror 0x00000007bef0be10
[2025-05-19T18:14:52.183+0000][7.629s][1668][1796][trace] Restored java.time.temporal.ChronoUnit archived mirror 0x00000007bef0bcc8
[2025-05-19T18:14:52.183+0000][7.629s][1668][1796][trace] Restored java.time.temporal.TemporalAmount archived mirror 0x00000007bef0bc58
[2025-05-19T18:14:52.185+0000][7.631s][1668][1796][trace] Restored java.time.Duration archived mirror 0x00000007bef0bb70
[2025-05-19T18:14:52.189+0000][7.635s][1668][1796][trace] Restored java.math.BigInteger archived mirror 0x00000007bef0b9a8
[2025-05-19T18:14:52.213+0000][7.660s][1668][1771][trace] Restored java.lang.System$Logger archived mirror 0x00000007bef11258
[2025-05-19T18:14:52.215+0000][7.661s][1668][1771][trace] Restored java.lang.System$LoggerFinder archived mirror 0x00000007bef17500
[2025-05-19T18:14:52.215+0000][7.661s][1668][1771][trace] Restored jdk.internal.logger.DefaultLoggerFinder archived mirror 0x00000007bef17448
[2025-05-19T18:14:52.215+0000][7.661s][1668][1771][trace] Restored jdk.internal.logger.DefaultLoggerFinder$1 archived mirror 0x00000007bef0f148
[2025-05-19T18:14:52.215+0000][7.662s][1668][1771][trace] Restored sun.util.logging.PlatformLogger$Bridge archived mirror 0x00000007bef111e8
[2025-05-19T18:14:52.215+0000][7.662s][1668][1771][trace] Restored sun.util.logging.PlatformLogger$ConfigurableBridge archived mirror 0x00000007bef11178
[2025-05-19T18:14:52.215+0000][7.662s][1668][1771][trace] Restored jdk.internal.logger.BootstrapLogger archived mirror 0x00000007bef110e8
[2025-05-19T18:14:52.215+0000][7.662s][1668][1771][trace] Restored jdk.internal.logger.BootstrapLogger$DetectBackend archived mirror 0x00000007bef11070
[2025-05-19T18:14:52.215+0000][7.662s][1668][1771][trace] Restored jdk.internal.logger.BootstrapLogger$DetectBackend$1 archived mirror 0x00000007bef10fe8
[2025-05-19T18:14:52.216+0000][7.663s][1668][1771][trace] Restored java.util.concurrent.CopyOnWriteArrayList$COWIterator archived mirror 0x00000007bef0f680
[2025-05-19T18:14:52.217+0000][7.663s][1668][1771][trace] Restored sun.util.logging.internal.LoggingProviderImpl archived mirror 0x00000007bef17398
[2025-05-19T18:14:52.217+0000][7.663s][1668][1771][trace] Restored sun.util.logging.internal.LoggingProviderImpl$LogManagerAccess archived mirror 0x00000007bef18118
[2025-05-19T18:14:52.217+0000][7.663s][1668][1771][trace] Restored java.util.ServiceLoader$1 archived mirror 0x00000007bef0f610
[2025-05-19T18:14:52.217+0000][7.663s][1668][1771][trace] Restored java.util.ServiceLoader$Provider archived mirror 0x00000007bef0f5a0
[2025-05-19T18:14:52.217+0000][7.663s][1668][1771][trace] Restored java.util.ServiceLoader$ProviderImpl archived mirror 0x00000007bef0f510
[2025-05-19T18:14:52.217+0000][7.663s][1668][1771][trace] Restored jdk.internal.logger.BootstrapLogger$LoggingBackend archived mirror 0x00000007bef0f468
[2025-05-19T18:14:52.220+0000][7.666s][1668][1771][trace] Restored java.util.NavigableMap archived mirror 0x00000007bef0eaa0
[2025-05-19T18:14:52.221+0000][7.668s][1668][1771][trace] Restored java.util.NavigableSet archived mirror 0x00000007bef0ecb0
[2025-05-19T18:14:52.229+0000][7.676s][1668][1771][trace] Restored java.lang.System$Logger$Level archived mirror 0x00000007bef01ee8
[2025-05-19T18:14:52.229+0000][7.676s][1668][1771][trace] Restored jdk.internal.logger.BootstrapLogger$RedirectedLoggers archived mirror 0x00000007bef0f3d8
[2025-05-19T18:14:52.229+0000][7.676s][1668][1771][trace] Restored sun.util.logging.PlatformLogger$ConfigurableBridge$LoggerConfiguration archived mirror 0x00000007bef020d0
[2025-05-19T18:14:52.229+0000][7.676s][1668][1771][trace] Restored jdk.internal.logger.SimpleConsoleLogger archived mirror 0x00000007bef02038
[2025-05-19T18:14:52.230+0000][7.676s][1668][1771][trace] Restored jdk.internal.logger.SurrogateLogger archived mirror 0x00000007bef01fa8
[2025-05-19T18:14:52.230+0000][7.676s][1668][1771][trace] Restored sun.util.logging.PlatformLogger archived mirror 0x00000007bef01e68
[2025-05-19T18:14:52.230+0000][7.676s][1668][1771][trace] Restored sun.util.logging.PlatformLogger$Level archived mirror 0x00000007bef01d70
[2025-05-19T18:14:52.232+0000][7.678s][1668][1771][trace] Restored java.util.Date archived mirror 0x00000007bef03e00
[2025-05-19T18:14:52.232+0000][7.679s][1668][1771][trace] Restored sun.util.calendar.CalendarSystem archived mirror 0x00000007bef06120
[2025-05-19T18:14:52.232+0000][7.679s][1668][1771][trace] Restored sun.util.calendar.CalendarSystem$GregorianHolder archived mirror 0x00000007bef060a8
[2025-05-19T18:14:52.232+0000][7.679s][1668][1771][trace] Restored sun.util.calendar.AbstractCalendar archived mirror 0x00000007bef06008
[2025-05-19T18:14:52.232+0000][7.679s][1668][1771][trace] Restored sun.util.calendar.BaseCalendar archived mirror 0x00000007bef05f18
[2025-05-19T18:14:52.232+0000][7.679s][1668][1771][trace] Restored sun.util.calendar.Gregorian archived mirror 0x00000007bef05e90
[2025-05-19T18:14:52.234+0000][7.681s][1668][1771][trace] Restored java.security.AccessController$1 archived mirror 0x00000007bef18018
[2025-05-19T18:14:52.234+0000][7.681s][1668][1771][trace] Restored java.security.AllPermissionCollection archived mirror 0x00000007bef17b08
[2025-05-19T18:14:52.239+0000][7.686s][1668][1771][trace] Restored java.util.Collections$SingletonSet archived mirror 0x00000007bef0a3e8
[2025-05-19T18:14:52.245+0000][7.692s][1668][1771][trace] Restored java.util.logging.LogManager archived mirror 0x00000007bef18b38
[2025-05-19T18:14:52.246+0000][7.692s][1668][1771][trace] Restored java.util.ArrayList$ArrayListSpliterator archived mirror 0x00000007bef126f0
[2025-05-19T18:14:52.247+0000][7.693s][1668][1771][trace] Restored java.util.stream.ReferencePipeline$7 archived mirror 0x00000007bef11b68
[2025-05-19T18:14:52.249+0000][7.696s][1668][1771][trace] Restored java.util.stream.ReferencePipeline$7$1 archived mirror 0x00000007bef11598
[2025-05-19T18:14:52.260+0000][7.706s][1668][1771][trace] Restored java.util.Collections$SingletonMap archived mirror 0x00000007bef0a560
[2025-05-19T18:14:52.260+0000][7.706s][1668][1771][trace] Restored java.util.AbstractMap$SimpleImmutableEntry archived mirror 0x00000007bef0a460
[2025-05-19T18:14:52.268+0000][7.714s][1668][1771][trace] Restored java.util.LinkedHashMap$LinkedHashIterator archived mirror 0x00000007bef0a298
[2025-05-19T18:14:52.268+0000][7.715s][1668][1771][trace] Restored java.util.TimSort archived mirror 0x00000007bef09fe0
[2025-05-19T18:14:52.273+0000][7.719s][1668][1771][trace] Restored java.math.BigDecimal archived mirror 0x00000007bef089a0
[2025-05-19T18:14:52.302+0000][7.748s][1668][1771][trace] Restored java.util.LinkedHashMap$LinkedEntrySet archived mirror 0x00000007bef0a308
[2025-05-19T18:14:52.302+0000][7.748s][1668][1771][trace] Restored java.util.LinkedHashMap$LinkedEntryIterator archived mirror 0x00000007bef0a228
[2025-05-19T18:14:52.352+0000][7.798s][1668][1771][trace] Restored java.util.Collections$1 archived mirror 0x00000007bef0a378
[2025-05-19T18:14:52.358+0000][7.805s][1668][1771][trace] Restored java.lang.invoke.DirectMethodHandle$Special archived mirror 0x00000007bef07200
[2025-05-19T18:14:52.372+0000][7.818s][1668][1771][trace] Restored java.lang.Long$LongCache archived mirror 0x00000007bef0a690
[2025-05-19T18:14:52.408+0000][7.854s][1668][1771][trace] Restored java.util.logging.Logger archived mirror 0x00000007bef191b8
[2025-05-19T18:14:52.425+0000][7.871s][1668][1771][trace] Restored java.util.logging.Level archived mirror 0x00000007bef18fb0
[2025-05-19T18:14:52.425+0000][7.871s][1668][1771][trace] Restored java.util.logging.Level$KnownLevel archived mirror 0x00000007bef18e78
[2025-05-19T18:14:52.425+0000][7.871s][1668][1771][trace] Restored java.util.logging.LogManager$1 archived mirror 0x00000007bef18aa0
[2025-05-19T18:14:52.425+0000][7.871s][1668][1771][trace] Restored java.util.logging.LogManager$LoggerContext archived mirror 0x00000007bef189e8
[2025-05-19T18:14:52.425+0000][7.871s][1668][1771][trace] Restored java.util.logging.LogManager$SystemLoggerContext archived mirror 0x00000007bef18978
[2025-05-19T18:14:52.425+0000][7.871s][1668][1771][trace] Restored java.util.logging.LogManager$LogNode archived mirror 0x00000007bef18908
[2025-05-19T18:14:52.425+0000][7.871s][1668][1771][trace] Restored java.util.logging.LogManager$Cleaner archived mirror 0x00000007bef18450
[2025-05-19T18:14:52.425+0000][7.871s][1668][1771][trace] Restored java.lang.ApplicationShutdownHooks archived mirror 0x00000007bef183b8
[2025-05-19T18:14:52.425+0000][7.871s][1668][1771][trace] Restored java.lang.ApplicationShutdownHooks$1 archived mirror 0x00000007bef18348
[2025-05-19T18:14:52.425+0000][7.871s][1668][1771][trace] Restored java.lang.Shutdown archived mirror 0x00000007bef182a0
[2025-05-19T18:14:52.425+0000][7.872s][1668][1771][trace] Restored java.lang.Shutdown$Lock archived mirror 0x00000007bef18230
[2025-05-19T18:14:52.425+0000][7.872s][1668][1771][trace] Restored java.util.logging.LoggingPermission archived mirror 0x00000007bef18188
[2025-05-19T18:14:52.425+0000][7.872s][1668][1771][trace] Restored java.util.logging.LogManager$LoggingProviderAccess archived mirror 0x00000007bef18088
[2025-05-19T18:14:52.425+0000][7.872s][1668][1771][trace] Restored java.util.logging.LogManager$2 archived mirror 0x00000007bef172b0
[2025-05-19T18:14:52.425+0000][7.872s][1668][1771][trace] Restored java.util.logging.LogManager$RootLogger archived mirror 0x00000007bef17228
[2025-05-19T18:14:52.425+0000][7.872s][1668][1771][trace] Restored java.util.logging.Handler archived mirror 0x00000007bef190f8
[2025-05-19T18:14:52.426+0000][7.872s][1668][1771][trace] Restored java.util.logging.Logger$LoggerBundle archived mirror 0x00000007bef18df0
[2025-05-19T18:14:52.426+0000][7.872s][1668][1771][trace] Restored java.util.logging.Logger$ConfigurationData archived mirror 0x00000007bef18d68
[2025-05-19T18:14:52.427+0000][7.873s][1668][1771][trace] Restored java.util.logging.LogManager$LoggerWeakRef archived mirror 0x00000007bef16e90
[2025-05-19T18:14:52.428+0000][7.874s][1668][1771][trace] Restored java.util.logging.LogManager$VisitedLoggers archived mirror 0x00000007bef13108
[2025-05-19T18:14:52.428+0000][7.874s][1668][1771][trace] Restored java.util.logging.LogManager$LoggerContext$1 archived mirror 0x00000007bef13078
[2025-05-19T18:14:52.428+0000][7.875s][1668][1771][trace] Restored java.util.Collections$3 archived mirror 0x00000007bef12f90
[2025-05-19T18:14:52.428+0000][7.875s][1668][1771][trace] Restored java.util.concurrent.ConcurrentHashMap$KeyIterator archived mirror 0x00000007bef12f20
[2025-05-19T18:14:52.429+0000][7.876s][1668][1771][trace] Restored java.util.Hashtable$Enumerator archived mirror 0x00000007bef12e98
[2025-05-19T18:14:52.431+0000][7.877s][1668][1771][trace] Restored java.util.stream.Streams$AbstractStreamBuilderImpl archived mirror 0x00000007bef11430
[2025-05-19T18:14:52.431+0000][7.877s][1668][1771][trace] Restored java.util.stream.Stream$Builder archived mirror 0x00000007bef114b8
[2025-05-19T18:14:52.431+0000][7.877s][1668][1771][trace] Restored java.util.stream.Streams$StreamBuilderImpl archived mirror 0x00000007bef113c0
[2025-05-19T18:14:52.431+0000][7.877s][1668][1771][trace] Restored java.util.stream.Streams archived mirror 0x00000007bef11338
[2025-05-19T18:14:52.431+0000][7.878s][1668][1771][trace] Restored java.util.IdentityHashMap$Values archived mirror 0x00000007bef112c8
[2025-05-19T18:14:52.433+0000][7.880s][1668][1771][trace] Restored jdk.internal.logger.BootstrapLogger$BootstrapExecutors archived mirror 0x00000007bef0f328
[2025-05-19T18:14:52.435+0000][7.881s][1668][1771][trace] Restored java.util.logging.LogManager$4 archived mirror 0x00000007bef0f2b8
[2025-05-19T18:14:52.522+0000][7.968s][1668][1771][trace] Restored java.text.Format archived mirror 0x00000007bef087d0
[2025-05-19T18:14:52.522+0000][7.968s][1668][1771][trace] Restored java.text.DateFormat archived mirror 0x00000007bef086d0
[2025-05-19T18:14:52.522+0000][7.968s][1668][1771][trace] Restored java.text.SimpleDateFormat archived mirror 0x00000007bef06ea0
[2025-05-19T18:14:52.522+0000][7.969s][1668][1771][trace] Restored java.text.AttributedCharacterIterator$Attribute archived mirror 0x00000007bef06de8
[2025-05-19T18:14:52.522+0000][7.969s][1668][1771][trace] Restored java.text.Format$Field archived mirror 0x00000007bef06d70
[2025-05-19T18:14:52.522+0000][7.969s][1668][1771][trace] Restored java.text.DateFormat$Field archived mirror 0x00000007bef06c40
[2025-05-19T18:14:52.523+0000][7.969s][1668][1771][trace] Restored java.util.Locale$Category archived mirror 0x00000007bef0acf0
[2025-05-19T18:14:52.523+0000][7.969s][1668][1771][trace] Restored java.util.Locale$1 archived mirror 0x00000007bef0ac78
[2025-05-19T18:14:52.523+0000][7.970s][1668][1771][trace] Restored java.util.Calendar archived mirror 0x00000007bef069e0
[2025-05-19T18:14:52.524+0000][7.970s][1668][1771][trace] Restored java.util.TimeZone archived mirror 0x00000007bef068f0
[2025-05-19T18:14:52.525+0000][7.971s][1668][1771][trace] Restored sun.util.calendar.ZoneInfo archived mirror 0x00000007bef06818
[2025-05-19T18:14:52.525+0000][7.971s][1668][1771][trace] Restored sun.util.calendar.ZoneInfoFile archived mirror 0x00000007bef06618
[2025-05-19T18:14:52.525+0000][7.972s][1668][1771][trace] Restored sun.util.calendar.ZoneInfoFile$1 archived mirror 0x00000007bef06590
[2025-05-19T18:14:52.525+0000][7.972s][1668][1771][trace] Restored java.io.DataInputStream archived mirror 0x00000007bef06508
[2025-05-19T18:14:52.531+0000][7.977s][1668][1771][trace] Restored sun.util.calendar.ZoneInfoFile$ZoneOffsetTransitionRule archived mirror 0x00000007bef06498
[2025-05-19T18:14:52.531+0000][7.978s][1668][1771][trace] Restored java.util.spi.LocaleServiceProvider archived mirror 0x00000007bef08648
[2025-05-19T18:14:52.531+0000][7.978s][1668][1771][trace] Restored sun.util.spi.CalendarProvider archived mirror 0x00000007bef06428
[2025-05-19T18:14:52.531+0000][7.978s][1668][1771][trace] Restored sun.util.locale.provider.LocaleProviderAdapter archived mirror 0x00000007bef08520
[2025-05-19T18:14:52.532+0000][7.978s][1668][1771][trace] Restored sun.util.locale.provider.LocaleProviderAdapter$Type archived mirror 0x00000007bef08450
[2025-05-19T18:14:52.532+0000][7.978s][1668][1771][trace] Restored sun.util.locale.provider.ResourceBundleBasedAdapter archived mirror 0x00000007bef083e0
[2025-05-19T18:14:52.532+0000][7.978s][1668][1771][trace] Restored sun.util.locale.provider.JRELocaleProviderAdapter archived mirror 0x00000007bef08210
[2025-05-19T18:14:52.532+0000][7.979s][1668][1771][trace] Restored sun.util.locale.provider.FallbackLocaleProviderAdapter archived mirror 0x00000007bef08198
[2025-05-19T18:14:52.532+0000][7.979s][1668][1771][trace] Restored sun.util.locale.provider.LocaleProviderAdapter$NonExistentAdapter archived mirror 0x00000007bef08128
[2025-05-19T18:14:52.533+0000][7.979s][1668][1771][trace] Restored sun.util.locale.LanguageTag archived mirror 0x00000007bef07f70
[2025-05-19T18:14:52.533+0000][7.979s][1668][1771][trace] Restored sun.util.locale.provider.LocaleResources archived mirror 0x00000007bef07df8
[2025-05-19T18:14:52.533+0000][7.979s][1668][1771][trace] Restored sun.util.resources.LocaleData archived mirror 0x00000007bef07d40
[2025-05-19T18:14:52.533+0000][7.979s][1668][1771][trace] Restored java.util.ResourceBundle$Control archived mirror 0x00000007bef07c58
[2025-05-19T18:14:52.533+0000][7.980s][1668][1771][trace] Restored java.util.ResourceBundle$Control$CandidateListCache archived mirror 0x00000007bef07ba0
[2025-05-19T18:14:52.533+0000][7.980s][1668][1771][trace] Restored java.util.ResourceBundle archived mirror 0x00000007bef07a50
[2025-05-19T18:14:52.534+0000][7.980s][1668][1771][trace] Restored sun.util.locale.provider.LocaleProviderAdapter$1 archived mirror 0x00000007bef079d8
[2025-05-19T18:14:52.534+0000][7.980s][1668][1771][trace] Restored sun.util.cldr.CLDRLocaleProviderAdapter archived mirror 0x00000007bef078f0
[2025-05-19T18:14:52.534+0000][7.980s][1668][1771][trace] Restored sun.util.locale.provider.LocaleDataMetaInfo archived mirror 0x00000007bef07880
[2025-05-19T18:14:52.534+0000][7.980s][1668][1771][trace] Restored sun.util.cldr.CLDRBaseLocaleDataMetaInfo archived mirror 0x00000007bef073d8
[2025-05-19T18:14:52.534+0000][7.980s][1668][1771][trace] Restored sun.util.locale.ParseStatus archived mirror 0x00000007bef07368
[2025-05-19T18:14:52.534+0000][7.980s][1668][1771][trace] Restored sun.util.locale.StringTokenIterator archived mirror 0x00000007bef072f8
[2025-05-19T18:14:52.534+0000][7.980s][1668][1771][trace] Restored sun.util.cldr.CLDRLocaleProviderAdapter$1 archived mirror 0x00000007bef07288
[2025-05-19T18:14:52.537+0000][7.984s][1668][1771][trace] Restored sun.util.locale.provider.AvailableLanguageTags archived mirror 0x00000007bef07190
[2025-05-19T18:14:52.537+0000][7.984s][1668][1771][trace] Restored sun.util.locale.provider.CalendarProviderImpl archived mirror 0x00000007bef063b8
[2025-05-19T18:14:52.539+0000][7.986s][1668][1771][trace] Restored java.util.Calendar$Builder archived mirror 0x00000007bef062f8
[2025-05-19T18:14:52.539+0000][7.986s][1668][1771][trace] Restored java.util.GregorianCalendar archived mirror 0x00000007bef061d8
[2025-05-19T18:14:52.540+0000][7.986s][1668][1771][trace] Restored sun.util.locale.provider.CalendarDataUtility archived mirror 0x00000007bef06f88
[2025-05-19T18:14:52.540+0000][7.987s][1668][1771][trace] Restored java.util.spi.CalendarDataProvider archived mirror 0x00000007bef05e20
[2025-05-19T18:14:52.540+0000][7.987s][1668][1771][trace] Restored sun.util.locale.provider.LocaleServiceProviderPool archived mirror 0x00000007bef05d78
[2025-05-19T18:14:52.541+0000][7.987s][1668][1771][trace] Restored java.text.spi.BreakIteratorProvider archived mirror 0x00000007bef05d08
[2025-05-19T18:14:52.541+0000][7.987s][1668][1771][trace] Restored java.text.spi.CollatorProvider archived mirror 0x00000007bef05c98
[2025-05-19T18:14:52.541+0000][7.987s][1668][1771][trace] Restored java.text.spi.DateFormatProvider archived mirror 0x00000007bef085d8
[2025-05-19T18:14:52.541+0000][7.987s][1668][1771][trace] Restored java.text.spi.DateFormatSymbolsProvider archived mirror 0x00000007bef05c28
[2025-05-19T18:14:52.541+0000][7.987s][1668][1771][trace] Restored java.text.spi.DecimalFormatSymbolsProvider archived mirror 0x00000007bef05bb8
[2025-05-19T18:14:52.541+0000][7.987s][1668][1771][trace] Restored java.text.spi.NumberFormatProvider archived mirror 0x00000007bef05b48
[2025-05-19T18:14:52.541+0000][7.987s][1668][1771][trace] Restored java.util.spi.CurrencyNameProvider archived mirror 0x00000007bef05ab8
[2025-05-19T18:14:52.541+0000][7.987s][1668][1771][trace] Restored java.util.spi.LocaleNameProvider archived mirror 0x00000007bef05a48
[2025-05-19T18:14:52.541+0000][7.987s][1668][1771][trace] Restored java.util.spi.TimeZoneNameProvider archived mirror 0x00000007bef059d8
[2025-05-19T18:14:52.541+0000][7.987s][1668][1771][trace] Restored sun.util.locale.provider.LocaleServiceProviderPool$LocalizedObjectGetter archived mirror 0x00000007bef05968
[2025-05-19T18:14:52.541+0000][7.987s][1668][1771][trace] Restored sun.util.locale.provider.CalendarDataUtility$CalendarWeekParameterGetter archived mirror 0x00000007bef058d0
[2025-05-19T18:14:52.541+0000][7.987s][1668][1771][trace] Restored java.util.ResourceBundle$SingleFormatControl archived mirror 0x00000007bef05858
[2025-05-19T18:14:52.541+0000][7.987s][1668][1771][trace] Restored java.util.ResourceBundle$NoFallbackControl archived mirror 0x00000007bef057d8
[2025-05-19T18:14:52.542+0000][7.988s][1668][1771][trace] Restored sun.util.locale.provider.CalendarDataProviderImpl archived mirror 0x00000007bef055c8
[2025-05-19T18:14:52.542+0000][7.988s][1668][1771][trace] Restored sun.util.cldr.CLDRCalendarDataProviderImpl archived mirror 0x00000007bef05530
[2025-05-19T18:14:52.559+0000][8.006s][1668][1771][trace] Restored sun.util.resources.LocaleData$1 archived mirror 0x00000007bef054c0
[2025-05-19T18:14:52.560+0000][8.006s][1668][1771][trace] Restored sun.util.resources.Bundles$Strategy archived mirror 0x00000007bef05450
[2025-05-19T18:14:52.560+0000][8.006s][1668][1771][trace] Restored sun.util.resources.LocaleData$LocaleDataStrategy archived mirror 0x00000007bef053a8
[2025-05-19T18:14:52.560+0000][8.006s][1668][1771][trace] Restored sun.util.resources.Bundles archived mirror 0x00000007bef05300
[2025-05-19T18:14:52.561+0000][8.007s][1668][1771][trace] Restored sun.util.resources.Bundles$1 archived mirror 0x00000007bef05278
[2025-05-19T18:14:52.561+0000][8.007s][1668][1771][trace] Restored jdk.internal.misc.JavaUtilResourceBundleAccess archived mirror 0x00000007bef05208
[2025-05-19T18:14:52.561+0000][8.007s][1668][1771][trace] Restored java.util.ResourceBundle$1 archived mirror 0x00000007bef05198
[2025-05-19T18:14:52.561+0000][8.007s][1668][1771][trace] Restored java.util.ResourceBundle$2 archived mirror 0x00000007bef05110
[2025-05-19T18:14:52.561+0000][8.007s][1668][1771][trace] Restored sun.util.resources.Bundles$CacheKey archived mirror 0x00000007bef05078
[2025-05-19T18:14:52.561+0000][8.007s][1668][1771][trace] Restored java.util.ListResourceBundle archived mirror 0x00000007bef05008
[2025-05-19T18:14:52.561+0000][8.007s][1668][1771][trace] Restored sun.util.resources.cldr.CalendarData archived mirror 0x00000007bef04f78
[2025-05-19T18:14:52.561+0000][8.008s][1668][1771][trace] Restored java.util.ResourceBundle$ResourceBundleProviderHelper archived mirror 0x00000007bef04ea0
[2025-05-19T18:14:52.562+0000][8.008s][1668][1771][trace] Restored sun.util.resources.Bundles$CacheKeyReference archived mirror 0x00000007bef04e30
[2025-05-19T18:14:52.562+0000][8.008s][1668][1771][trace] Restored sun.util.resources.Bundles$BundleReference archived mirror 0x00000007bef04dc0
[2025-05-19T18:14:52.562+0000][8.008s][1668][1771][trace] Restored sun.util.locale.provider.LocaleResources$ResourceReference archived mirror 0x00000007bef04d50
[2025-05-19T18:14:52.562+0000][8.008s][1668][1771][trace] Restored sun.util.calendar.CalendarDate archived mirror 0x00000007bef04cb8
[2025-05-19T18:14:52.562+0000][8.009s][1668][1771][trace] Restored sun.util.calendar.BaseCalendar$Date archived mirror 0x00000007bef04c48
[2025-05-19T18:14:52.562+0000][8.009s][1668][1771][trace] Restored sun.util.calendar.Gregorian$Date archived mirror 0x00000007bef04bd8
[2025-05-19T18:14:52.562+0000][8.009s][1668][1771][trace] Restored sun.util.calendar.CalendarUtils archived mirror 0x00000007bef04b68
[2025-05-19T18:14:52.562+0000][8.009s][1668][1771][trace] Restored java.text.DateFormatSymbols archived mirror 0x00000007bef04a40
[2025-05-19T18:14:52.563+0000][8.009s][1668][1771][trace] Restored sun.util.locale.provider.DateFormatSymbolsProviderImpl archived mirror 0x00000007bef049d0
[2025-05-19T18:14:52.563+0000][8.010s][1668][1771][trace] Restored sun.text.resources.cldr.FormatData archived mirror 0x00000007bef043f0
[2025-05-19T18:14:52.563+0000][8.010s][1668][1771][trace] Restored sun.text.resources.cldr.FormatData_en archived mirror 0x00000007bef004e8
[2025-05-19T18:14:52.564+0000][8.010s][1668][1771][trace] Restored java.text.NumberFormat archived mirror 0x00000007bef04338
[2025-05-19T18:14:52.564+0000][8.010s][1668][1771][trace] Restored sun.util.locale.provider.NumberFormatProviderImpl archived mirror 0x00000007bef04298
[2025-05-19T18:14:52.564+0000][8.011s][1668][1771][trace] Restored java.text.DecimalFormatSymbols archived mirror 0x00000007bef041f8
[2025-05-19T18:14:52.564+0000][8.011s][1668][1771][trace] Restored sun.util.locale.provider.DecimalFormatSymbolsProviderImpl archived mirror 0x00000007bef04188
[2025-05-19T18:14:52.565+0000][8.011s][1668][1771][trace] Restored java.text.DecimalFormat archived mirror 0x00000007bef04068
[2025-05-19T18:14:52.565+0000][8.011s][1668][1771][trace] Restored java.text.FieldPosition archived mirror 0x00000007bef03fd8
[2025-05-19T18:14:52.565+0000][8.011s][1668][1771][trace] Restored java.text.DigitList archived mirror 0x00000007bef03f30
[2025-05-19T18:14:52.565+0000][8.011s][1668][1771][trace] Restored java.math.RoundingMode archived mirror 0x00000007bef08860
[2025-05-19T18:14:52.569+0000][8.015s][1668][1771][trace] Restored java.text.DontCareFieldPosition archived mirror 0x00000007bef03d88
[2025-05-19T18:14:52.569+0000][8.015s][1668][1771][trace] Restored java.text.Format$FieldDelegate archived mirror 0x00000007bef03d18
[2025-05-19T18:14:52.569+0000][8.015s][1668][1771][trace] Restored java.text.DontCareFieldPosition$1 archived mirror 0x00000007bef03ca8
[2025-05-19T18:14:52.587+0000][8.033s][1668][1771][trace] Restored java.time.ZoneId archived mirror 0x00000007bef0c210
[2025-05-19T18:14:52.587+0000][8.033s][1668][1771][trace] Restored java.time.ZoneRegion archived mirror 0x00000007bef09b78
[2025-05-19T18:14:52.587+0000][8.033s][1668][1771][trace] Restored java.time.zone.ZoneRulesProvider archived mirror 0x00000007bef019f0
[2025-05-19T18:14:52.587+0000][8.033s][1668][1771][trace] Restored java.time.zone.ZoneRulesProvider$1 archived mirror 0x00000007bef01968
[2025-05-19T18:14:52.587+0000][8.033s][1668][1771][trace] Restored java.time.zone.TzdbZoneRulesProvider archived mirror 0x00000007bef018c0
[2025-05-19T18:14:52.590+0000][8.036s][1668][1771][trace] Restored java.io.Externalizable archived mirror 0x00000007bef01850
[2025-05-19T18:14:52.590+0000][8.037s][1668][1771][trace] Restored java.time.zone.Ser archived mirror 0x00000007bef017b8
[2025-05-19T18:14:52.590+0000][8.037s][1668][1771][trace] Restored java.time.zone.ZoneRules archived mirror 0x00000007bef09aa8
[2025-05-19T18:14:52.590+0000][8.037s][1668][1771][trace] Restored java.time.zone.ZoneOffsetTransitionRule archived mirror 0x00000007bef099b8
[2025-05-19T18:14:52.590+0000][8.037s][1668][1771][trace] Restored java.time.temporal.TemporalAccessor archived mirror 0x00000007bef193a0
[2025-05-19T18:14:52.590+0000][8.037s][1668][1771][trace] Restored java.time.temporal.Temporal archived mirror 0x00000007bef09930
[2025-05-19T18:14:52.591+0000][8.037s][1668][1771][trace] Restored java.time.temporal.TemporalAdjuster archived mirror 0x00000007bef09d20
[2025-05-19T18:14:52.591+0000][8.037s][1668][1771][trace] Restored java.time.chrono.ChronoLocalDateTime archived mirror 0x00000007bef09858
[2025-05-19T18:14:52.591+0000][8.037s][1668][1771][trace] Restored java.time.LocalDateTime archived mirror 0x00000007bef09780
[2025-05-19T18:14:52.591+0000][8.037s][1668][1771][trace] Restored java.time.ZoneOffset archived mirror 0x00000007bef09c10
[2025-05-19T18:14:52.654+0000][8.100s][1668][1771][trace] Restored java.util.logging.Logger$SystemLoggerHelper archived mirror 0x00000007bef0f228
[2025-05-19T18:14:52.654+0000][8.100s][1668][1771][trace] Restored java.util.logging.Logger$SystemLoggerHelper$1 archived mirror 0x00000007bef0f1b8
[2025-05-19T18:14:52.701+0000][8.147s][1668][1784][info ] Application time: 0.7933382 seconds
[2025-05-19T18:14:52.701+0000][8.147s][1668][1784][info ] Entering safepoint region: ICBufferFull
[2025-05-19T18:14:52.701+0000][8.148s][1668][1784][info ] Leaving safepoint region
[2025-05-19T18:14:52.701+0000][8.148s][1668][1784][info ] Total time for which application threads were stopped: 0.0003362 seconds, Stopping threads took: 0.0000134 seconds
[2025-05-19T18:14:52.735+0000][8.182s][1668][1771][trace] Restored java.text.NumberFormat$Field archived mirror 0x00000007bef03bb8
[2025-05-19T18:14:52.841+0000][8.287s][1668][1771][trace] Restored jdk.internal.module.Checks archived mirror 0x00000007bef00a38
[2025-05-19T18:14:52.847+0000][8.294s][1668][1771][trace] Restored java.net.InetAddress archived mirror 0x00000007bef0f000
[2025-05-19T18:14:52.848+0000][8.295s][1668][1771][trace] Restored java.net.InetAddress$InetAddressHolder archived mirror 0x00000007bef0ee28
[2025-05-19T18:14:52.849+0000][8.295s][1668][1771][trace] Restored java.net.InetAddress$NameService archived mirror 0x00000007bef0e478
[2025-05-19T18:14:52.849+0000][8.295s][1668][1771][trace] Restored java.net.InetAddressImpl archived mirror 0x00000007bef0e570
[2025-05-19T18:14:52.852+0000][8.299s][1668][1784][info ] Application time: 0.1509864 seconds
[2025-05-19T18:14:52.852+0000][8.299s][1668][1784][info ] Entering safepoint region: Deoptimize
[2025-05-19T18:14:52.853+0000][8.299s][1668][1784][info ] Leaving safepoint region
[2025-05-19T18:14:52.853+0000][8.299s][1668][1784][info ] Total time for which application threads were stopped: 0.0004778 seconds, Stopping threads took: 0.0000132 seconds
[2025-05-19T18:14:52.875+0000][8.322s][1668][1771][trace] Restored java.lang.Character$CharacterCache archived mirror 0x00000007bef0c128
[2025-05-19T18:14:52.879+0000][8.326s][1668][1784][info ] Application time: 0.0263512 seconds
[2025-05-19T18:14:52.879+0000][8.326s][1668][1784][info ] Entering safepoint region: Deoptimize
[2025-05-19T18:14:52.880+0000][8.326s][1668][1784][info ] Leaving safepoint region
[2025-05-19T18:14:52.880+0000][8.326s][1668][1784][info ] Total time for which application threads were stopped: 0.0006282 seconds, Stopping threads took: 0.0000816 seconds
[2025-05-19T18:14:52.893+0000][8.339s][1668][1771][trace] Restored sun.util.PreHashedMap archived mirror 0x00000007bef235e0
[2025-05-19T18:14:52.894+0000][8.340s][1668][1771][trace] Restored sun.nio.cs.StandardCharsets$Aliases archived mirror 0x00000007bef22f50
[2025-05-19T18:14:52.894+0000][8.341s][1668][1771][trace] Restored sun.nio.cs.StandardCharsets$Cache archived mirror 0x00000007bef22dc0
[2025-05-19T18:14:52.895+0000][8.341s][1668][1771][trace] Restored java.nio.charset.StandardCharsets archived mirror 0x00000007bef22c00
[2025-05-19T18:14:52.895+0000][8.341s][1668][1771][trace] Restored sun.nio.cs.UTF_16BE archived mirror 0x00000007bef22b78
[2025-05-19T18:14:52.895+0000][8.341s][1668][1771][trace] Restored sun.nio.cs.UTF_16LE archived mirror 0x00000007bef22af0
[2025-05-19T18:14:52.895+0000][8.341s][1668][1771][trace] Restored sun.nio.cs.UTF_16 archived mirror 0x00000007bef22a68
[2025-05-19T18:14:53.231+0000][8.677s][1668][1784][info ] Application time: 0.3508746 seconds
[2025-05-19T18:14:53.231+0000][8.677s][1668][1784][info ] Entering safepoint region: Deoptimize
[2025-05-19T18:14:53.231+0000][8.678s][1668][1784][info ] Leaving safepoint region
[2025-05-19T18:14:53.231+0000][8.678s][1668][1784][info ] Total time for which application threads were stopped: 0.0005726 seconds, Stopping threads took: 0.0000084 seconds
[2025-05-19T18:14:53.385+0000][8.831s][1668][1784][info ] Application time: 0.1534223 seconds
[2025-05-19T18:14:53.385+0000][8.831s][1668][1784][info ] Entering safepoint region: Deoptimize
[2025-05-19T18:14:53.386+0000][8.832s][1668][1784][info ] Leaving safepoint region
[2025-05-19T18:14:53.386+0000][8.832s][1668][1784][info ] Total time for which application threads were stopped: 0.0006227 seconds, Stopping threads took: 0.0000163 seconds
[2025-05-19T18:14:53.390+0000][8.836s][1668][1784][info ] Application time: 0.0040063 seconds
[2025-05-19T18:14:53.390+0000][8.836s][1668][1784][info ] Entering safepoint region: Deoptimize
[2025-05-19T18:14:53.390+0000][8.837s][1668][1784][info ] Leaving safepoint region
[2025-05-19T18:14:53.390+0000][8.837s][1668][1784][info ] Total time for which application threads were stopped: 0.0005238 seconds, Stopping threads took: 0.0000215 seconds
[2025-05-19T18:14:53.491+0000][8.937s][1668][1784][info ] Application time: 0.1004484 seconds
[2025-05-19T18:14:53.491+0000][8.937s][1668][1784][info ] Entering safepoint region: Deoptimize
[2025-05-19T18:14:53.491+0000][8.938s][1668][1784][info ] Leaving safepoint region
[2025-05-19T18:14:53.491+0000][8.938s][1668][1784][info ] Total time for which application threads were stopped: 0.0004830 seconds, Stopping threads took: 0.0000112 seconds
[2025-05-19T18:14:53.519+0000][8.965s][1668][1784][info ] Application time: 0.0276316 seconds
[2025-05-19T18:14:53.519+0000][8.965s][1668][1784][info ] Entering safepoint region: Deoptimize
[2025-05-19T18:14:53.519+0000][8.966s][1668][1784][info ] Leaving safepoint region
[2025-05-19T18:14:53.520+0000][8.966s][1668][1784][info ] Total time for which application threads were stopped: 0.0006147 seconds, Stopping threads took: 0.0000187 seconds
[2025-05-19T18:14:53.546+0000][8.992s][1668][1784][info ] Application time: 0.0260568 seconds
[2025-05-19T18:14:53.546+0000][8.992s][1668][1784][info ] Entering safepoint region: Deoptimize
[2025-05-19T18:14:53.546+0000][8.992s][1668][1784][info ] Leaving safepoint region
[2025-05-19T18:14:53.546+0000][8.993s][1668][1784][info ] Total time for which application threads were stopped: 0.0005024 seconds, Stopping threads took: 0.0000129 seconds
[2025-05-19T18:14:53.598+0000][9.044s][1668][1771][trace] Restored java.time.chrono.ChronoZonedDateTime archived mirror 0x00000007bef016e8
[2025-05-19T18:14:53.598+0000][9.045s][1668][1771][trace] Restored java.time.ZonedDateTime archived mirror 0x00000007bef015f8
[2025-05-19T18:14:53.599+0000][9.045s][1668][1771][trace] Restored java.time.chrono.ChronoLocalDate archived mirror 0x00000007bef096a8
[2025-05-19T18:14:53.599+0000][9.045s][1668][1771][trace] Restored java.time.LocalDate archived mirror 0x00000007bef09548
[2025-05-19T18:14:53.600+0000][9.046s][1668][1771][trace] Restored java.time.temporal.TemporalField archived mirror 0x00000007bef0c0a0
[2025-05-19T18:14:53.600+0000][9.046s][1668][1771][trace] Restored java.time.temporal.ChronoField archived mirror 0x00000007bef0be80
[2025-05-19T18:14:53.600+0000][9.046s][1668][1771][trace] Restored java.time.temporal.ValueRange archived mirror 0x00000007bef0b900
[2025-05-19T18:14:53.600+0000][9.047s][1668][1771][trace] Restored java.time.LocalTime archived mirror 0x00000007bef093f0
[2025-05-19T18:14:53.602+0000][9.048s][1668][1771][trace] Restored java.time.Instant archived mirror 0x00000007bef091c0
[2025-05-19T18:14:53.738+0000][9.185s][1668][1784][info ] Application time: 0.1919590 seconds
[2025-05-19T18:14:53.738+0000][9.185s][1668][1784][info ] Entering safepoint region: Deoptimize
[2025-05-19T18:14:53.739+0000][9.185s][1668][1784][info ] Leaving safepoint region
[2025-05-19T18:14:53.739+0000][9.185s][1668][1784][info ] Total time for which application threads were stopped: 0.0004157 seconds, Stopping threads took: 0.0000083 seconds
[2025-05-19T18:14:53.953+0000][9.399s][1668][1771][trace] Restored java.util.Formatter archived mirror 0x00000007bef03b10
[2025-05-19T18:14:53.953+0000][9.400s][1668][1771][trace] Restored java.util.Formatter$FormatString archived mirror 0x00000007bef026d8
[2025-05-19T18:14:53.953+0000][9.400s][1668][1771][trace] Restored java.util.Formatter$FormatSpecifier archived mirror 0x00000007bef02618
[2025-05-19T18:14:53.954+0000][9.400s][1668][1771][trace] Restored java.util.Formatter$Flags archived mirror 0x00000007bef02580
[2025-05-19T18:14:53.954+0000][9.400s][1668][1771][trace] Restored java.util.Formatter$Conversion archived mirror 0x00000007bef024e0
[2025-05-19T18:14:53.954+0000][9.400s][1668][1771][trace] Restored java.util.Formatter$FixedString archived mirror 0x00000007bef00918
[2025-05-19T18:14:53.954+0000][9.400s][1668][1771][trace] Restored java.util.Formattable archived mirror 0x00000007bef02470
[2025-05-19T18:14:53.972+0000][9.418s][1668][1771][trace] Restored java.util.concurrent.ForkJoinPool archived mirror 0x00000007bef0cfc8
[2025-05-19T18:14:53.975+0000][9.422s][1668][1771][trace] Restored java.lang.invoke.VarHandleLongs$FieldInstanceReadOnly archived mirror 0x00000007bef0cf50
[2025-05-19T18:14:53.975+0000][9.422s][1668][1771][trace] Restored java.lang.invoke.VarHandleLongs$FieldInstanceReadWrite archived mirror 0x00000007bef0ced8
[2025-05-19T18:14:53.976+0000][9.422s][1668][1771][trace] Restored java.util.concurrent.ForkJoinTask archived mirror 0x00000007bef0d4f8
[2025-05-19T18:14:53.976+0000][9.423s][1668][1771][trace] Restored java.lang.invoke.VarHandleObjects$Array archived mirror 0x00000007bef0ce60
[2025-05-19T18:14:53.978+0000][9.424s][1668][1771][trace] Restored java.util.concurrent.ForkJoinPool$ForkJoinWorkerThreadFactory archived mirror 0x00000007bef0cdf0
[2025-05-19T18:14:53.978+0000][9.424s][1668][1771][trace] Restored java.util.concurrent.ForkJoinPool$DefaultForkJoinWorkerThreadFactory archived mirror 0x00000007bef0cd60
[2025-05-19T18:14:53.978+0000][9.424s][1668][1771][trace] Restored java.util.concurrent.ForkJoinPool$1 archived mirror 0x00000007bef0ccf0
[2025-05-19T18:14:53.978+0000][9.424s][1668][1771][trace] Restored java.util.concurrent.ForkJoinPool$WorkQueue archived mirror 0x00000007bef0cbf8
[2025-05-19T18:14:53.980+0000][9.426s][1668][1771][trace] Restored java.util.concurrent.ForkJoinTask$ExceptionNode archived mirror 0x00000007bef0d2f0
[2025-05-19T18:14:53.980+0000][9.426s][1668][1771][trace] Restored java.util.concurrent.ForkJoinWorkerThread archived mirror 0x00000007bef0cb68
[2025-05-19T18:14:53.980+0000][9.426s][1668][1771][trace] Restored java.util.Random archived mirror 0x00000007bef0ca80
[2025-05-19T18:14:53.980+0000][9.426s][1668][1771][trace] Restored java.util.concurrent.ThreadLocalRandom archived mirror 0x00000007bef0c950
[2025-05-19T18:14:53.981+0000][9.427s][1668][1771][trace] Restored java.util.concurrent.ForkJoinPool$DefaultForkJoinWorkerThreadFactory$1 archived mirror 0x00000007bef0c8e0
[2025-05-19T18:14:54.027+0000][9.474s][1668][1784][info ] Application time: 0.2888752 seconds
[2025-05-19T18:14:54.028+0000][9.474s][1668][1784][info ] Entering safepoint region: Deoptimize
[2025-05-19T18:14:54.028+0000][9.475s][1668][1784][info ] Leaving safepoint region
[2025-05-19T18:14:54.028+0000][9.475s][1668][1784][info ] Total time for which application threads were stopped: 0.0007836 seconds, Stopping threads took: 0.0002963 seconds
[2025-05-19T18:14:54.368+0000][9.814s][1668][1784][info ] Application time: 0.3395483 seconds
[2025-05-19T18:14:54.368+0000][9.814s][1668][1784][info ] Entering safepoint region: Deoptimize
[2025-05-19T18:14:54.369+0000][9.815s][1668][1784][info ] Leaving safepoint region
[2025-05-19T18:14:54.369+0000][9.815s][1668][1784][info ] Total time for which application threads were stopped: 0.0004920 seconds, Stopping threads took: 0.0000150 seconds
[2025-05-19T18:14:54.391+0000][9.837s][1668][1771][trace] Restored java.net.InetAddress$1 archived mirror 0x00000007bef0ef78
[2025-05-19T18:14:54.391+0000][9.837s][1668][1771][trace] Restored jdk.internal.misc.JavaNetInetAddressAccess archived mirror 0x00000007bef0ef08
[2025-05-19T18:14:54.391+0000][9.837s][1668][1771][trace] Restored java.net.InetAddress$2 archived mirror 0x00000007bef0ee98
[2025-05-19T18:14:54.391+0000][9.837s][1668][1771][trace] Restored java.util.concurrent.ConcurrentSkipListSet archived mirror 0x00000007bef0ec08
[2025-05-19T18:14:54.391+0000][9.837s][1668][1771][trace] Restored java.util.concurrent.ConcurrentNavigableMap archived mirror 0x00000007bef0e9a8
[2025-05-19T18:14:54.391+0000][9.837s][1668][1771][trace] Restored java.util.concurrent.ConcurrentSkipListMap archived mirror 0x00000007bef0e8a0
[2025-05-19T18:14:54.391+0000][9.838s][1668][1771][trace] Restored java.util.concurrent.ConcurrentSkipListMap$Index archived mirror 0x00000007bef0e830
[2025-05-19T18:14:54.391+0000][9.838s][1668][1771][trace] Restored java.util.concurrent.atomic.Striped64 archived mirror 0x00000007bef0e768
[2025-05-19T18:14:54.391+0000][9.838s][1668][1771][trace] Restored java.util.concurrent.atomic.LongAdder archived mirror 0x00000007bef0e6d8
[2025-05-19T18:14:54.392+0000][9.838s][1668][1771][trace] Restored java.util.concurrent.ConcurrentSkipListMap$Node archived mirror 0x00000007bef0e668
[2025-05-19T18:14:54.392+0000][9.838s][1668][1771][trace] Restored java.net.InetAddressImplFactory archived mirror 0x00000007bef0e5e0
[2025-05-19T18:14:54.392+0000][9.838s][1668][1771][trace] Restored java.net.Inet4AddressImpl archived mirror 0x00000007bef0e380
[2025-05-19T18:14:54.392+0000][9.838s][1668][1771][trace] Restored java.net.InetAddress$PlatformNameService archived mirror 0x00000007bef0e408
[2025-05-19T18:14:54.392+0000][9.838s][1668][1771][trace] Restored java.net.Inet4Address archived mirror 0x00000007bef0e2e8
[2025-05-19T18:14:54.507+0000][9.953s][1668][1784][info ] Application time: 0.1379998 seconds
[2025-05-19T18:14:54.507+0000][9.953s][1668][1784][info ] Entering safepoint region: Deoptimize
[2025-05-19T18:14:54.507+0000][9.953s][1668][1784][info ] Leaving safepoint region
[2025-05-19T18:14:54.507+0000][9.953s][1668][1784][info ] Total time for which application threads were stopped: 0.0004506 seconds, Stopping threads took: 0.0000083 seconds
[2025-05-19T18:14:54.591+0000][10.037s][1668][1784][info ] Application time: 0.0837029 seconds
[2025-05-19T18:14:54.591+0000][10.037s][1668][1784][info ] Entering safepoint region: Deoptimize
[2025-05-19T18:14:54.592+0000][10.038s][1668][1784][info ] Leaving safepoint region
[2025-05-19T18:14:54.592+0000][10.038s][1668][1784][info ] Total time for which application threads were stopped: 0.0007426 seconds, Stopping threads took: 0.0001304 seconds
[2025-05-19T18:14:54.615+0000][10.061s][1668][1784][info ] Application time: 0.0234030 seconds
[2025-05-19T18:14:54.615+0000][10.062s][1668][1784][info ] Entering safepoint region: CollectForMetadataAllocation
[2025-05-19T18:14:54.616+0000][10.062s][1668][1784][debug] GC(0) Heap before GC invocations=0 (full 0): garbage-first heap   total 8060928K, used 163536K [0x0000000614000000, 0x0000000800000000)
[2025-05-19T18:14:54.616+0000][10.062s][1668][1784][debug] GC(0)   region size 16384K, 10 young (163840K), 0 survivors (0K)
[2025-05-19T18:14:54.616+0000][10.062s][1668][1784][debug] GC(0)  Metaspace       used 20289K, capacity 21134K, committed 21248K, reserved 1067008K
[2025-05-19T18:14:54.616+0000][10.062s][1668][1784][debug] GC(0)   class space    used 2394K, capacity 2765K, committed 2816K, reserved 1048576K
[2025-05-19T18:14:54.616+0000][10.062s][1668][1784][trace] GC(0) Heap Regions: E=young(eden), S=young(survivor), O=old, HS=humongous(starts), HC=humongous(continues), CS=collection set, F=free, A=archive, TAMS=top-at-mark-start (previous, next)
[2025-05-19T18:14:54.616+0000][10.062s][1668][1784][trace] GC(0) |   0|0x0000000614000000, 0x0000000614000000, 0x0000000615000000|  0%| F|  |TAMS 0x0000000614000000, 0x0000000614000000| Untracked 
[2025-05-19T18:14:54.616+0000][10.062s][1668][1784][trace] GC(0) |   1|0x0000000615000000, 0x0000000615000000, 0x0000000616000000|  0%| F|  |TAMS 0x0000000615000000, 0x0000000615000000| Untracked 
[2025-05-19T18:14:54.616+0000][10.062s][1668][1784][trace] GC(0) |   2|0x0000000616000000, 0x0000000616000000, 0x0000000617000000|  0%| F|  |TAMS 0x0000000616000000, 0x0000000616000000| Untracked 
[2025-05-19T18:14:54.616+0000][10.062s][1668][1784][trace] GC(0) |   3|0x0000000617000000, 0x0000000617000000, 0x0000000618000000|  0%| F|  |TAMS 0x0000000617000000, 0x0000000617000000| Untracked 
[2025-05-19T18:14:54.616+0000][10.062s][1668][1784][trace] GC(0) |   4|0x0000000618000000, 0x0000000618000000, 0x0000000619000000|  0%| F|  |TAMS 0x0000000618000000, 0x0000000618000000| Untracked 
[2025-05-19T18:14:54.616+0000][10.062s][1668][1784][trace] GC(0) |   5|0x0000000619000000, 0x0000000619000000, 0x000000061a000000|  0%| F|  |TAMS 0x0000000619000000, 0x0000000619000000| Untracked 
[2025-05-19T18:14:54.616+0000][10.062s][1668][1784][trace] GC(0) |   6|0x000000061a000000, 0x000000061a000000, 0x000000061b000000|  0%| F|  |TAMS 0x000000061a000000, 0x000000061a000000| Untracked 
[2025-05-19T18:14:54.616+0000][10.062s][1668][1784][trace] GC(0) |   7|0x000000061b000000, 0x000000061b000000, 0x000000061c000000|  0%| F|  |TAMS 0x000000061b000000, 0x000000061b000000| Untracked 
[2025-05-19T18:14:54.616+0000][10.062s][1668][1784][trace] GC(0) |   8|0x000000061c000000, 0x000000061c000000, 0x000000061d000000|  0%| F|  |TAMS 0x000000061c000000, 0x000000061c000000| Untracked 
[2025-05-19T18:14:54.616+0000][10.062s][1668][1784][trace] GC(0) |   9|0x000000061d000000, 0x000000061d000000, 0x000000061e000000|  0%| F|  |TAMS 0x000000061d000000, 0x000000061d000000| Untracked 
[2025-05-19T18:14:54.616+0000][10.062s][1668][1784][trace] GC(0) |  10|0x000000061e000000, 0x000000061e000000, 0x000000061f000000|  0%| F|  |TAMS 0x000000061e000000, 0x000000061e000000| Untracked 
[2025-05-19T18:14:54.616+0000][10.062s][1668][1784][trace] GC(0) |  11|0x000000061f000000, 0x000000061f000000, 0x0000000620000000|  0%| F|  |TAMS 0x000000061f000000, 0x000000061f000000| Untracked 
[2025-05-19T18:14:54.616+0000][10.062s][1668][1784][trace] GC(0) |  12|0x0000000620000000, 0x0000000620000000, 0x0000000621000000|  0%| F|  |TAMS 0x0000000620000000, 0x0000000620000000| Untracked 
[2025-05-19T18:14:54.616+0000][10.062s][1668][1784][trace] GC(0) |  13|0x0000000621000000, 0x0000000621000000, 0x0000000622000000|  0%| F|  |TAMS 0x0000000621000000, 0x0000000621000000| Untracked 
[2025-05-19T18:14:54.616+0000][10.062s][1668][1784][trace] GC(0) |  14|0x0000000622000000, 0x0000000622000000, 0x0000000623000000|  0%| F|  |TAMS 0x0000000622000000, 0x0000000622000000| Untracked 
[2025-05-19T18:14:54.616+0000][10.062s][1668][1784][trace] GC(0) |  15|0x0000000623000000, 0x0000000623000000, 0x0000000624000000|  0%| F|  |TAMS 0x0000000623000000, 0x0000000623000000| Untracked 
[2025-05-19T18:14:54.616+0000][10.062s][1668][1784][trace] GC(0) |  16|0x0000000624000000, 0x0000000624000000, 0x0000000625000000|  0%| F|  |TAMS 0x0000000624000000, 0x0000000624000000| Untracked 
[2025-05-19T18:14:54.616+0000][10.062s][1668][1784][trace] GC(0) |  17|0x0000000625000000, 0x0000000625000000, 0x0000000626000000|  0%| F|  |TAMS 0x0000000625000000, 0x0000000625000000| Untracked 
[2025-05-19T18:14:54.616+0000][10.062s][1668][1784][trace] GC(0) |  18|0x0000000626000000, 0x0000000626000000, 0x0000000627000000|  0%| F|  |TAMS 0x0000000626000000, 0x0000000626000000| Untracked 
[2025-05-19T18:14:54.616+0000][10.062s][1668][1784][trace] GC(0) |  19|0x0000000627000000, 0x0000000627000000, 0x0000000628000000|  0%| F|  |TAMS 0x0000000627000000, 0x0000000627000000| Untracked 
[2025-05-19T18:14:54.616+0000][10.062s][1668][1784][trace] GC(0) |  20|0x0000000628000000, 0x0000000628000000, 0x0000000629000000|  0%| F|  |TAMS 0x0000000628000000, 0x0000000628000000| Untracked 
[2025-05-19T18:14:54.616+0000][10.062s][1668][1784][trace] GC(0) |  21|0x0000000629000000, 0x0000000629000000, 0x000000062a000000|  0%| F|  |TAMS 0x0000000629000000, 0x0000000629000000| Untracked 
[2025-05-19T18:14:54.616+0000][10.062s][1668][1784][trace] GC(0) |  22|0x000000062a000000, 0x000000062a000000, 0x000000062b000000|  0%| F|  |TAMS 0x000000062a000000, 0x000000062a000000| Untracked 
[2025-05-19T18:14:54.616+0000][10.062s][1668][1784][trace] GC(0) |  23|0x000000062b000000, 0x000000062b000000, 0x000000062c000000|  0%| F|  |TAMS 0x000000062b000000, 0x000000062b000000| Untracked 
[2025-05-19T18:14:54.616+0000][10.062s][1668][1784][trace] GC(0) |  24|0x000000062c000000, 0x000000062c000000, 0x000000062d000000|  0%| F|  |TAMS 0x000000062c000000, 0x000000062c000000| Untracked 
[2025-05-19T18:14:54.616+0000][10.062s][1668][1784][trace] GC(0) |  25|0x000000062d000000, 0x000000062d000000, 0x000000062e000000|  0%| F|  |TAMS 0x000000062d000000, 0x000000062d000000| Untracked 
[2025-05-19T18:14:54.616+0000][10.062s][1668][1784][trace] GC(0) |  26|0x000000062e000000, 0x000000062e000000, 0x000000062f000000|  0%| F|  |TAMS 0x000000062e000000, 0x000000062e000000| Untracked 
[2025-05-19T18:14:54.616+0000][10.062s][1668][1784][trace] GC(0) |  27|0x000000062f000000, 0x000000062f000000, 0x0000000630000000|  0%| F|  |TAMS 0x000000062f000000, 0x000000062f000000| Untracked 
[2025-05-19T18:14:54.616+0000][10.062s][1668][1784][trace] GC(0) |  28|0x0000000630000000, 0x0000000630000000, 0x0000000631000000|  0%| F|  |TAMS 0x0000000630000000, 0x0000000630000000| Untracked 
[2025-05-19T18:14:54.616+0000][10.062s][1668][1784][trace] GC(0) |  29|0x0000000631000000, 0x0000000631000000, 0x0000000632000000|  0%| F|  |TAMS 0x0000000631000000, 0x0000000631000000| Untracked 
[2025-05-19T18:14:54.616+0000][10.062s][1668][1784][trace] GC(0) |  30|0x0000000632000000, 0x0000000632000000, 0x0000000633000000|  0%| F|  |TAMS 0x0000000632000000, 0x0000000632000000| Untracked 
[2025-05-19T18:14:54.616+0000][10.062s][1668][1784][trace] GC(0) |  31|0x0000000633000000, 0x0000000633000000, 0x0000000634000000|  0%| F|  |TAMS 0x0000000633000000, 0x0000000633000000| Untracked 
[2025-05-19T18:14:54.616+0000][10.062s][1668][1784][trace] GC(0) |  32|0x0000000634000000, 0x0000000634000000, 0x0000000635000000|  0%| F|  |TAMS 0x0000000634000000, 0x0000000634000000| Untracked 
[2025-05-19T18:14:54.616+0000][10.062s][1668][1784][trace] GC(0) |  33|0x0000000635000000, 0x0000000635000000, 0x0000000636000000|  0%| F|  |TAMS 0x0000000635000000, 0x0000000635000000| Untracked 
[2025-05-19T18:14:54.616+0000][10.062s][1668][1784][trace] GC(0) |  34|0x0000000636000000, 0x0000000636000000, 0x0000000637000000|  0%| F|  |TAMS 0x0000000636000000, 0x0000000636000000| Untracked 
[2025-05-19T18:14:54.616+0000][10.062s][1668][1784][trace] GC(0) |  35|0x0000000637000000, 0x0000000637000000, 0x0000000638000000|  0%| F|  |TAMS 0x0000000637000000, 0x0000000637000000| Untracked 
[2025-05-19T18:14:54.616+0000][10.062s][1668][1784][trace] GC(0) |  36|0x0000000638000000, 0x0000000638000000, 0x0000000639000000|  0%| F|  |TAMS 0x0000000638000000, 0x0000000638000000| Untracked 
[2025-05-19T18:14:54.616+0000][10.062s][1668][1784][trace] GC(0) |  37|0x0000000639000000, 0x0000000639000000, 0x000000063a000000|  0%| F|  |TAMS 0x0000000639000000, 0x0000000639000000| Untracked 
[2025-05-19T18:14:54.616+0000][10.062s][1668][1784][trace] GC(0) |  38|0x000000063a000000, 0x000000063a000000, 0x000000063b000000|  0%| F|  |TAMS 0x000000063a000000, 0x000000063a000000| Untracked 
[2025-05-19T18:14:54.616+0000][10.062s][1668][1784][trace] GC(0) |  39|0x000000063b000000, 0x000000063b000000, 0x000000063c000000|  0%| F|  |TAMS 0x000000063b000000, 0x000000063b000000| Untracked 
[2025-05-19T18:14:54.616+0000][10.062s][1668][1784][trace] GC(0) |  40|0x000000063c000000, 0x000000063c000000, 0x000000063d000000|  0%| F|  |TAMS 0x000000063c000000, 0x000000063c000000| Untracked 
[2025-05-19T18:14:54.616+0000][10.062s][1668][1784][trace] GC(0) |  41|0x000000063d000000, 0x000000063d000000, 0x000000063e000000|  0%| F|  |TAMS 0x000000063d000000, 0x000000063d000000| Untracked 
[2025-05-19T18:14:54.616+0000][10.062s][1668][1784][trace] GC(0) |  42|0x000000063e000000, 0x000000063e000000, 0x000000063f000000|  0%| F|  |TAMS 0x000000063e000000, 0x000000063e000000| Untracked 
[2025-05-19T18:14:54.616+0000][10.062s][1668][1784][trace] GC(0) |  43|0x000000063f000000, 0x000000063f000000, 0x0000000640000000|  0%| F|  |TAMS 0x000000063f000000, 0x000000063f000000| Untracked 
[2025-05-19T18:14:54.616+0000][10.062s][1668][1784][trace] GC(0) |  44|0x0000000640000000, 0x0000000640000000, 0x0000000641000000|  0%| F|  |TAMS 0x0000000640000000, 0x0000000640000000| Untracked 
[2025-05-19T18:14:54.616+0000][10.062s][1668][1784][trace] GC(0) |  45|0x0000000641000000, 0x0000000641000000, 0x0000000642000000|  0%| F|  |TAMS 0x0000000641000000, 0x0000000641000000| Untracked 
[2025-05-19T18:14:54.616+0000][10.062s][1668][1784][trace] GC(0) |  46|0x0000000642000000, 0x0000000642000000, 0x0000000643000000|  0%| F|  |TAMS 0x0000000642000000, 0x0000000642000000| Untracked 
[2025-05-19T18:14:54.616+0000][10.062s][1668][1784][trace] GC(0) |  47|0x0000000643000000, 0x0000000643000000, 0x0000000644000000|  0%| F|  |TAMS 0x0000000643000000, 0x0000000643000000| Untracked 
[2025-05-19T18:14:54.616+0000][10.062s][1668][1784][trace] GC(0) |  48|0x0000000644000000, 0x0000000644000000, 0x0000000645000000|  0%| F|  |TAMS 0x0000000644000000, 0x0000000644000000| Untracked 
[2025-05-19T18:14:54.616+0000][10.062s][1668][1784][trace] GC(0) |  49|0x0000000645000000, 0x0000000645000000, 0x0000000646000000|  0%| F|  |TAMS 0x0000000645000000, 0x0000000645000000| Untracked 
[2025-05-19T18:14:54.616+0000][10.062s][1668][1784][trace] GC(0) |  50|0x0000000646000000, 0x0000000646000000, 0x0000000647000000|  0%| F|  |TAMS 0x0000000646000000, 0x0000000646000000| Untracked 
[2025-05-19T18:14:54.616+0000][10.062s][1668][1784][trace] GC(0) |  51|0x0000000647000000, 0x0000000647000000, 0x0000000648000000|  0%| F|  |TAMS 0x0000000647000000, 0x0000000647000000| Untracked 
[2025-05-19T18:14:54.616+0000][10.062s][1668][1784][trace] GC(0) |  52|0x0000000648000000, 0x0000000648000000, 0x0000000649000000|  0%| F|  |TAMS 0x0000000648000000, 0x0000000648000000| Untracked 
[2025-05-19T18:14:54.616+0000][10.062s][1668][1784][trace] GC(0) |  53|0x0000000649000000, 0x0000000649000000, 0x000000064a000000|  0%| F|  |TAMS 0x0000000649000000, 0x0000000649000000| Untracked 
[2025-05-19T18:14:54.616+0000][10.062s][1668][1784][trace] GC(0) |  54|0x000000064a000000, 0x000000064a000000, 0x000000064b000000|  0%| F|  |TAMS 0x000000064a000000, 0x000000064a000000| Untracked 
[2025-05-19T18:14:54.616+0000][10.062s][1668][1784][trace] GC(0) |  55|0x000000064b000000, 0x000000064b000000, 0x000000064c000000|  0%| F|  |TAMS 0x000000064b000000, 0x000000064b000000| Untracked 
[2025-05-19T18:14:54.616+0000][10.062s][1668][1784][trace] GC(0) |  56|0x000000064c000000, 0x000000064c000000, 0x000000064d000000|  0%| F|  |TAMS 0x000000064c000000, 0x000000064c000000| Untracked 
[2025-05-19T18:14:54.616+0000][10.062s][1668][1784][trace] GC(0) |  57|0x000000064d000000, 0x000000064d000000, 0x000000064e000000|  0%| F|  |TAMS 0x000000064d000000, 0x000000064d000000| Untracked 
[2025-05-19T18:14:54.616+0000][10.062s][1668][1784][trace] GC(0) |  58|0x000000064e000000, 0x000000064e000000, 0x000000064f000000|  0%| F|  |TAMS 0x000000064e000000, 0x000000064e000000| Untracked 
[2025-05-19T18:14:54.616+0000][10.062s][1668][1784][trace] GC(0) |  59|0x000000064f000000, 0x000000064f000000, 0x0000000650000000|  0%| F|  |TAMS 0x000000064f000000, 0x000000064f000000| Untracked 
[2025-05-19T18:14:54.616+0000][10.062s][1668][1784][trace] GC(0) |  60|0x0000000650000000, 0x0000000650000000, 0x0000000651000000|  0%| F|  |TAMS 0x0000000650000000, 0x0000000650000000| Untracked 
[2025-05-19T18:14:54.616+0000][10.062s][1668][1784][trace] GC(0) |  61|0x0000000651000000, 0x0000000651000000, 0x0000000652000000|  0%| F|  |TAMS 0x0000000651000000, 0x0000000651000000| Untracked 
[2025-05-19T18:14:54.616+0000][10.063s][1668][1784][trace] GC(0) |  62|0x0000000652000000, 0x0000000652000000, 0x0000000653000000|  0%| F|  |TAMS 0x0000000652000000, 0x0000000652000000| Untracked 
[2025-05-19T18:14:54.616+0000][10.063s][1668][1784][trace] GC(0) |  63|0x0000000653000000, 0x0000000653000000, 0x0000000654000000|  0%| F|  |TAMS 0x0000000653000000, 0x0000000653000000| Untracked 
[2025-05-19T18:14:54.616+0000][10.063s][1668][1784][trace] GC(0) |  64|0x0000000654000000, 0x0000000654000000, 0x0000000655000000|  0%| F|  |TAMS 0x0000000654000000, 0x0000000654000000| Untracked 
[2025-05-19T18:14:54.616+0000][10.063s][1668][1784][trace] GC(0) |  65|0x0000000655000000, 0x0000000655000000, 0x0000000656000000|  0%| F|  |TAMS 0x0000000655000000, 0x0000000655000000| Untracked 
[2025-05-19T18:14:54.616+0000][10.063s][1668][1784][trace] GC(0) |  66|0x0000000656000000, 0x0000000656000000, 0x0000000657000000|  0%| F|  |TAMS 0x0000000656000000, 0x0000000656000000| Untracked 
[2025-05-19T18:14:54.616+0000][10.063s][1668][1784][trace] GC(0) |  67|0x0000000657000000, 0x0000000657000000, 0x0000000658000000|  0%| F|  |TAMS 0x0000000657000000, 0x0000000657000000| Untracked 
[2025-05-19T18:14:54.616+0000][10.063s][1668][1784][trace] GC(0) |  68|0x0000000658000000, 0x0000000658000000, 0x0000000659000000|  0%| F|  |TAMS 0x0000000658000000, 0x0000000658000000| Untracked 
[2025-05-19T18:14:54.616+0000][10.063s][1668][1784][trace] GC(0) |  69|0x0000000659000000, 0x0000000659000000, 0x000000065a000000|  0%| F|  |TAMS 0x0000000659000000, 0x0000000659000000| Untracked 
[2025-05-19T18:14:54.616+0000][10.063s][1668][1784][trace] GC(0) |  70|0x000000065a000000, 0x000000065a000000, 0x000000065b000000|  0%| F|  |TAMS 0x000000065a000000, 0x000000065a000000| Untracked 
[2025-05-19T18:14:54.616+0000][10.063s][1668][1784][trace] GC(0) |  71|0x000000065b000000, 0x000000065b000000, 0x000000065c000000|  0%| F|  |TAMS 0x000000065b000000, 0x000000065b000000| Untracked 
[2025-05-19T18:14:54.616+0000][10.063s][1668][1784][trace] GC(0) |  72|0x000000065c000000, 0x000000065c000000, 0x000000065d000000|  0%| F|  |TAMS 0x000000065c000000, 0x000000065c000000| Untracked 
[2025-05-19T18:14:54.616+0000][10.063s][1668][1784][trace] GC(0) |  73|0x000000065d000000, 0x000000065d000000, 0x000000065e000000|  0%| F|  |TAMS 0x000000065d000000, 0x000000065d000000| Untracked 
[2025-05-19T18:14:54.616+0000][10.063s][1668][1784][trace] GC(0) |  74|0x000000065e000000, 0x000000065e000000, 0x000000065f000000|  0%| F|  |TAMS 0x000000065e000000, 0x000000065e000000| Untracked 
[2025-05-19T18:14:54.616+0000][10.063s][1668][1784][trace] GC(0) |  75|0x000000065f000000, 0x000000065f000000, 0x0000000660000000|  0%| F|  |TAMS 0x000000065f000000, 0x000000065f000000| Untracked 
[2025-05-19T18:14:54.616+0000][10.063s][1668][1784][trace] GC(0) |  76|0x0000000660000000, 0x0000000660000000, 0x0000000661000000|  0%| F|  |TAMS 0x0000000660000000, 0x0000000660000000| Untracked 
[2025-05-19T18:14:54.616+0000][10.063s][1668][1784][trace] GC(0) |  77|0x0000000661000000, 0x0000000661000000, 0x0000000662000000|  0%| F|  |TAMS 0x0000000661000000, 0x0000000661000000| Untracked 
[2025-05-19T18:14:54.616+0000][10.063s][1668][1784][trace] GC(0) |  78|0x0000000662000000, 0x0000000662000000, 0x0000000663000000|  0%| F|  |TAMS 0x0000000662000000, 0x0000000662000000| Untracked 
[2025-05-19T18:14:54.616+0000][10.063s][1668][1784][trace] GC(0) |  79|0x0000000663000000, 0x0000000663000000, 0x0000000664000000|  0%| F|  |TAMS 0x0000000663000000, 0x0000000663000000| Untracked 
[2025-05-19T18:14:54.616+0000][10.063s][1668][1784][trace] GC(0) |  80|0x0000000664000000, 0x0000000664000000, 0x0000000665000000|  0%| F|  |TAMS 0x0000000664000000, 0x0000000664000000| Untracked 
[2025-05-19T18:14:54.616+0000][10.063s][1668][1784][trace] GC(0) |  81|0x0000000665000000, 0x0000000665000000, 0x0000000666000000|  0%| F|  |TAMS 0x0000000665000000, 0x0000000665000000| Untracked 
[2025-05-19T18:14:54.616+0000][10.063s][1668][1784][trace] GC(0) |  82|0x0000000666000000, 0x0000000666000000, 0x0000000667000000|  0%| F|  |TAMS 0x0000000666000000, 0x0000000666000000| Untracked 
[2025-05-19T18:14:54.616+0000][10.063s][1668][1784][trace] GC(0) |  83|0x0000000667000000, 0x0000000667000000, 0x0000000668000000|  0%| F|  |TAMS 0x0000000667000000, 0x0000000667000000| Untracked 
[2025-05-19T18:14:54.616+0000][10.063s][1668][1784][trace] GC(0) |  84|0x0000000668000000, 0x0000000668000000, 0x0000000669000000|  0%| F|  |TAMS 0x0000000668000000, 0x0000000668000000| Untracked 
[2025-05-19T18:14:54.616+0000][10.063s][1668][1784][trace] GC(0) |  85|0x0000000669000000, 0x0000000669000000, 0x000000066a000000|  0%| F|  |TAMS 0x0000000669000000, 0x0000000669000000| Untracked 
[2025-05-19T18:14:54.616+0000][10.063s][1668][1784][trace] GC(0) |  86|0x000000066a000000, 0x000000066a000000, 0x000000066b000000|  0%| F|  |TAMS 0x000000066a000000, 0x000000066a000000| Untracked 
[2025-05-19T18:14:54.616+0000][10.063s][1668][1784][trace] GC(0) |  87|0x000000066b000000, 0x000000066b000000, 0x000000066c000000|  0%| F|  |TAMS 0x000000066b000000, 0x000000066b000000| Untracked 
[2025-05-19T18:14:54.616+0000][10.063s][1668][1784][trace] GC(0) |  88|0x000000066c000000, 0x000000066c000000, 0x000000066d000000|  0%| F|  |TAMS 0x000000066c000000, 0x000000066c000000| Untracked 
[2025-05-19T18:14:54.616+0000][10.063s][1668][1784][trace] GC(0) |  89|0x000000066d000000, 0x000000066d000000, 0x000000066e000000|  0%| F|  |TAMS 0x000000066d000000, 0x000000066d000000| Untracked 
[2025-05-19T18:14:54.616+0000][10.063s][1668][1784][trace] GC(0) |  90|0x000000066e000000, 0x000000066e000000, 0x000000066f000000|  0%| F|  |TAMS 0x000000066e000000, 0x000000066e000000| Untracked 
[2025-05-19T18:14:54.616+0000][10.063s][1668][1784][trace] GC(0) |  91|0x000000066f000000, 0x000000066f000000, 0x0000000670000000|  0%| F|  |TAMS 0x000000066f000000, 0x000000066f000000| Untracked 
[2025-05-19T18:14:54.616+0000][10.063s][1668][1784][trace] GC(0) |  92|0x0000000670000000, 0x0000000670000000, 0x0000000671000000|  0%| F|  |TAMS 0x0000000670000000, 0x0000000670000000| Untracked 
[2025-05-19T18:14:54.616+0000][10.063s][1668][1784][trace] GC(0) |  93|0x0000000671000000, 0x0000000671000000, 0x0000000672000000|  0%| F|  |TAMS 0x0000000671000000, 0x0000000671000000| Untracked 
[2025-05-19T18:14:54.616+0000][10.063s][1668][1784][trace] GC(0) |  94|0x0000000672000000, 0x0000000672000000, 0x0000000673000000|  0%| F|  |TAMS 0x0000000672000000, 0x0000000672000000| Untracked 
[2025-05-19T18:14:54.616+0000][10.063s][1668][1784][trace] GC(0) |  95|0x0000000673000000, 0x0000000673000000, 0x0000000674000000|  0%| F|  |TAMS 0x0000000673000000, 0x0000000673000000| Untracked 
[2025-05-19T18:14:54.616+0000][10.063s][1668][1784][trace] GC(0) |  96|0x0000000674000000, 0x0000000674000000, 0x0000000675000000|  0%| F|  |TAMS 0x0000000674000000, 0x0000000674000000| Untracked 
[2025-05-19T18:14:54.616+0000][10.063s][1668][1784][trace] GC(0) |  97|0x0000000675000000, 0x0000000675000000, 0x0000000676000000|  0%| F|  |TAMS 0x0000000675000000, 0x0000000675000000| Untracked 
[2025-05-19T18:14:54.616+0000][10.063s][1668][1784][trace] GC(0) |  98|0x0000000676000000, 0x0000000676000000, 0x0000000677000000|  0%| F|  |TAMS 0x0000000676000000, 0x0000000676000000| Untracked 
[2025-05-19T18:14:54.616+0000][10.063s][1668][1784][trace] GC(0) |  99|0x0000000677000000, 0x0000000677000000, 0x0000000678000000|  0%| F|  |TAMS 0x0000000677000000, 0x0000000677000000| Untracked 
[2025-05-19T18:14:54.616+0000][10.063s][1668][1784][trace] GC(0) | 100|0x0000000678000000, 0x0000000678000000, 0x0000000679000000|  0%| F|  |TAMS 0x0000000678000000, 0x0000000678000000| Untracked 
[2025-05-19T18:14:54.616+0000][10.063s][1668][1784][trace] GC(0) | 101|0x0000000679000000, 0x0000000679000000, 0x000000067a000000|  0%| F|  |TAMS 0x0000000679000000, 0x0000000679000000| Untracked 
[2025-05-19T18:14:54.616+0000][10.063s][1668][1784][trace] GC(0) | 102|0x000000067a000000, 0x000000067a000000, 0x000000067b000000|  0%| F|  |TAMS 0x000000067a000000, 0x000000067a000000| Untracked 
[2025-05-19T18:14:54.616+0000][10.063s][1668][1784][trace] GC(0) | 103|0x000000067b000000, 0x000000067b000000, 0x000000067c000000|  0%| F|  |TAMS 0x000000067b000000, 0x000000067b000000| Untracked 
[2025-05-19T18:14:54.616+0000][10.063s][1668][1784][trace] GC(0) | 104|0x000000067c000000, 0x000000067c000000, 0x000000067d000000|  0%| F|  |TAMS 0x000000067c000000, 0x000000067c000000| Untracked 
[2025-05-19T18:14:54.616+0000][10.063s][1668][1784][trace] GC(0) | 105|0x000000067d000000, 0x000000067d000000, 0x000000067e000000|  0%| F|  |TAMS 0x000000067d000000, 0x000000067d000000| Untracked 
[2025-05-19T18:14:54.616+0000][10.063s][1668][1784][trace] GC(0) | 106|0x000000067e000000, 0x000000067e000000, 0x000000067f000000|  0%| F|  |TAMS 0x000000067e000000, 0x000000067e000000| Untracked 
[2025-05-19T18:14:54.616+0000][10.063s][1668][1784][trace] GC(0) | 107|0x000000067f000000, 0x000000067f000000, 0x0000000680000000|  0%| F|  |TAMS 0x000000067f000000, 0x000000067f000000| Untracked 
[2025-05-19T18:14:54.616+0000][10.063s][1668][1784][trace] GC(0) | 108|0x0000000680000000, 0x0000000680000000, 0x0000000681000000|  0%| F|  |TAMS 0x0000000680000000, 0x0000000680000000| Untracked 
[2025-05-19T18:14:54.616+0000][10.063s][1668][1784][trace] GC(0) | 109|0x0000000681000000, 0x0000000681000000, 0x0000000682000000|  0%| F|  |TAMS 0x0000000681000000, 0x0000000681000000| Untracked 
[2025-05-19T18:14:54.616+0000][10.063s][1668][1784][trace] GC(0) | 110|0x0000000682000000, 0x0000000682000000, 0x0000000683000000|  0%| F|  |TAMS 0x0000000682000000, 0x0000000682000000| Untracked 
[2025-05-19T18:14:54.616+0000][10.063s][1668][1784][trace] GC(0) | 111|0x0000000683000000, 0x0000000683000000, 0x0000000684000000|  0%| F|  |TAMS 0x0000000683000000, 0x0000000683000000| Untracked 
[2025-05-19T18:14:54.616+0000][10.063s][1668][1784][trace] GC(0) | 112|0x0000000684000000, 0x0000000684000000, 0x0000000685000000|  0%| F|  |TAMS 0x0000000684000000, 0x0000000684000000| Untracked 
[2025-05-19T18:14:54.616+0000][10.063s][1668][1784][trace] GC(0) | 113|0x0000000685000000, 0x0000000685000000, 0x0000000686000000|  0%| F|  |TAMS 0x0000000685000000, 0x0000000685000000| Untracked 
[2025-05-19T18:14:54.616+0000][10.063s][1668][1784][trace] GC(0) | 114|0x0000000686000000, 0x0000000686000000, 0x0000000687000000|  0%| F|  |TAMS 0x0000000686000000, 0x0000000686000000| Untracked 
[2025-05-19T18:14:54.616+0000][10.063s][1668][1784][trace] GC(0) | 115|0x0000000687000000, 0x0000000687000000, 0x0000000688000000|  0%| F|  |TAMS 0x0000000687000000, 0x0000000687000000| Untracked 
[2025-05-19T18:14:54.616+0000][10.063s][1668][1784][trace] GC(0) | 116|0x0000000688000000, 0x0000000688000000, 0x0000000689000000|  0%| F|  |TAMS 0x0000000688000000, 0x0000000688000000| Untracked 
[2025-05-19T18:14:54.616+0000][10.063s][1668][1784][trace] GC(0) | 117|0x0000000689000000, 0x0000000689000000, 0x000000068a000000|  0%| F|  |TAMS 0x0000000689000000, 0x0000000689000000| Untracked 
[2025-05-19T18:14:54.616+0000][10.063s][1668][1784][trace] GC(0) | 118|0x000000068a000000, 0x000000068a000000, 0x000000068b000000|  0%| F|  |TAMS 0x000000068a000000, 0x000000068a000000| Untracked 
[2025-05-19T18:14:54.616+0000][10.063s][1668][1784][trace] GC(0) | 119|0x000000068b000000, 0x000000068b000000, 0x000000068c000000|  0%| F|  |TAMS 0x000000068b000000, 0x000000068b000000| Untracked 
[2025-05-19T18:14:54.616+0000][10.063s][1668][1784][trace] GC(0) | 120|0x000000068c000000, 0x000000068c000000, 0x000000068d000000|  0%| F|  |TAMS 0x000000068c000000, 0x000000068c000000| Untracked 
[2025-05-19T18:14:54.616+0000][10.063s][1668][1784][trace] GC(0) | 121|0x000000068d000000, 0x000000068d000000, 0x000000068e000000|  0%| F|  |TAMS 0x000000068d000000, 0x000000068d000000| Untracked 
[2025-05-19T18:14:54.616+0000][10.063s][1668][1784][trace] GC(0) | 122|0x000000068e000000, 0x000000068e000000, 0x000000068f000000|  0%| F|  |TAMS 0x000000068e000000, 0x000000068e000000| Untracked 
[2025-05-19T18:14:54.616+0000][10.063s][1668][1784][trace] GC(0) | 123|0x000000068f000000, 0x000000068f000000, 0x0000000690000000|  0%| F|  |TAMS 0x000000068f000000, 0x000000068f000000| Untracked 
[2025-05-19T18:14:54.616+0000][10.063s][1668][1784][trace] GC(0) | 124|0x0000000690000000, 0x0000000690000000, 0x0000000691000000|  0%| F|  |TAMS 0x0000000690000000, 0x0000000690000000| Untracked 
[2025-05-19T18:14:54.616+0000][10.063s][1668][1784][trace] GC(0) | 125|0x0000000691000000, 0x0000000691000000, 0x0000000692000000|  0%| F|  |TAMS 0x0000000691000000, 0x0000000691000000| Untracked 
[2025-05-19T18:14:54.616+0000][10.063s][1668][1784][trace] GC(0) | 126|0x0000000692000000, 0x0000000692000000, 0x0000000693000000|  0%| F|  |TAMS 0x0000000692000000, 0x0000000692000000| Untracked 
[2025-05-19T18:14:54.616+0000][10.063s][1668][1784][trace] GC(0) | 127|0x0000000693000000, 0x0000000693000000, 0x0000000694000000|  0%| F|  |TAMS 0x0000000693000000, 0x0000000693000000| Untracked 
[2025-05-19T18:14:54.616+0000][10.063s][1668][1784][trace] GC(0) | 128|0x0000000694000000, 0x0000000694000000, 0x0000000695000000|  0%| F|  |TAMS 0x0000000694000000, 0x0000000694000000| Untracked 
[2025-05-19T18:14:54.616+0000][10.063s][1668][1784][trace] GC(0) | 129|0x0000000695000000, 0x0000000695000000, 0x0000000696000000|  0%| F|  |TAMS 0x0000000695000000, 0x0000000695000000| Untracked 
[2025-05-19T18:14:54.616+0000][10.063s][1668][1784][trace] GC(0) | 130|0x0000000696000000, 0x0000000696000000, 0x0000000697000000|  0%| F|  |TAMS 0x0000000696000000, 0x0000000696000000| Untracked 
[2025-05-19T18:14:54.616+0000][10.063s][1668][1784][trace] GC(0) | 131|0x0000000697000000, 0x0000000697000000, 0x0000000698000000|  0%| F|  |TAMS 0x0000000697000000, 0x0000000697000000| Untracked 
[2025-05-19T18:14:54.616+0000][10.063s][1668][1784][trace] GC(0) | 132|0x0000000698000000, 0x0000000698000000, 0x0000000699000000|  0%| F|  |TAMS 0x0000000698000000, 0x0000000698000000| Untracked 
[2025-05-19T18:14:54.617+0000][10.063s][1668][1784][trace] GC(0) | 133|0x0000000699000000, 0x0000000699000000, 0x000000069a000000|  0%| F|  |TAMS 0x0000000699000000, 0x0000000699000000| Untracked 
[2025-05-19T18:14:54.617+0000][10.063s][1668][1784][trace] GC(0) | 134|0x000000069a000000, 0x000000069a000000, 0x000000069b000000|  0%| F|  |TAMS 0x000000069a000000, 0x000000069a000000| Untracked 
[2025-05-19T18:14:54.617+0000][10.063s][1668][1784][trace] GC(0) | 135|0x000000069b000000, 0x000000069b000000, 0x000000069c000000|  0%| F|  |TAMS 0x000000069b000000, 0x000000069b000000| Untracked 
[2025-05-19T18:14:54.617+0000][10.063s][1668][1784][trace] GC(0) | 136|0x000000069c000000, 0x000000069c000000, 0x000000069d000000|  0%| F|  |TAMS 0x000000069c000000, 0x000000069c000000| Untracked 
[2025-05-19T18:14:54.617+0000][10.063s][1668][1784][trace] GC(0) | 137|0x000000069d000000, 0x000000069d000000, 0x000000069e000000|  0%| F|  |TAMS 0x000000069d000000, 0x000000069d000000| Untracked 
[2025-05-19T18:14:54.617+0000][10.063s][1668][1784][trace] GC(0) | 138|0x000000069e000000, 0x000000069e000000, 0x000000069f000000|  0%| F|  |TAMS 0x000000069e000000, 0x000000069e000000| Untracked 
[2025-05-19T18:14:54.617+0000][10.063s][1668][1784][trace] GC(0) | 139|0x000000069f000000, 0x000000069f000000, 0x00000006a0000000|  0%| F|  |TAMS 0x000000069f000000, 0x000000069f000000| Untracked 
[2025-05-19T18:14:54.617+0000][10.063s][1668][1784][trace] GC(0) | 140|0x00000006a0000000, 0x00000006a0000000, 0x00000006a1000000|  0%| F|  |TAMS 0x00000006a0000000, 0x00000006a0000000| Untracked 
[2025-05-19T18:14:54.617+0000][10.063s][1668][1784][trace] GC(0) | 141|0x00000006a1000000, 0x00000006a1000000, 0x00000006a2000000|  0%| F|  |TAMS 0x00000006a1000000, 0x00000006a1000000| Untracked 
[2025-05-19T18:14:54.617+0000][10.063s][1668][1784][trace] GC(0) | 142|0x00000006a2000000, 0x00000006a2000000, 0x00000006a3000000|  0%| F|  |TAMS 0x00000006a2000000, 0x00000006a2000000| Untracked 
[2025-05-19T18:14:54.617+0000][10.063s][1668][1784][trace] GC(0) | 143|0x00000006a3000000, 0x00000006a3000000, 0x00000006a4000000|  0%| F|  |TAMS 0x00000006a3000000, 0x00000006a3000000| Untracked 
[2025-05-19T18:14:54.617+0000][10.063s][1668][1784][trace] GC(0) | 144|0x00000006a4000000, 0x00000006a4000000, 0x00000006a5000000|  0%| F|  |TAMS 0x00000006a4000000, 0x00000006a4000000| Untracked 
[2025-05-19T18:14:54.617+0000][10.063s][1668][1784][trace] GC(0) | 145|0x00000006a5000000, 0x00000006a5000000, 0x00000006a6000000|  0%| F|  |TAMS 0x00000006a5000000, 0x00000006a5000000| Untracked 
[2025-05-19T18:14:54.617+0000][10.063s][1668][1784][trace] GC(0) | 146|0x00000006a6000000, 0x00000006a6000000, 0x00000006a7000000|  0%| F|  |TAMS 0x00000006a6000000, 0x00000006a6000000| Untracked 
[2025-05-19T18:14:54.617+0000][10.063s][1668][1784][trace] GC(0) | 147|0x00000006a7000000, 0x00000006a7000000, 0x00000006a8000000|  0%| F|  |TAMS 0x00000006a7000000, 0x00000006a7000000| Untracked 
[2025-05-19T18:14:54.617+0000][10.063s][1668][1784][trace] GC(0) | 148|0x00000006a8000000, 0x00000006a8000000, 0x00000006a9000000|  0%| F|  |TAMS 0x00000006a8000000, 0x00000006a8000000| Untracked 
[2025-05-19T18:14:54.617+0000][10.063s][1668][1784][trace] GC(0) | 149|0x00000006a9000000, 0x00000006a9000000, 0x00000006aa000000|  0%| F|  |TAMS 0x00000006a9000000, 0x00000006a9000000| Untracked 
[2025-05-19T18:14:54.617+0000][10.063s][1668][1784][trace] GC(0) | 150|0x00000006aa000000, 0x00000006aa000000, 0x00000006ab000000|  0%| F|  |TAMS 0x00000006aa000000, 0x00000006aa000000| Untracked 
[2025-05-19T18:14:54.617+0000][10.063s][1668][1784][trace] GC(0) | 151|0x00000006ab000000, 0x00000006ab000000, 0x00000006ac000000|  0%| F|  |TAMS 0x00000006ab000000, 0x00000006ab000000| Untracked 
[2025-05-19T18:14:54.617+0000][10.063s][1668][1784][trace] GC(0) | 152|0x00000006ac000000, 0x00000006ac000000, 0x00000006ad000000|  0%| F|  |TAMS 0x00000006ac000000, 0x00000006ac000000| Untracked 
[2025-05-19T18:14:54.617+0000][10.063s][1668][1784][trace] GC(0) | 153|0x00000006ad000000, 0x00000006ad000000, 0x00000006ae000000|  0%| F|  |TAMS 0x00000006ad000000, 0x00000006ad000000| Untracked 
[2025-05-19T18:14:54.617+0000][10.063s][1668][1784][trace] GC(0) | 154|0x00000006ae000000, 0x00000006ae000000, 0x00000006af000000|  0%| F|  |TAMS 0x00000006ae000000, 0x00000006ae000000| Untracked 
[2025-05-19T18:14:54.617+0000][10.063s][1668][1784][trace] GC(0) | 155|0x00000006af000000, 0x00000006af000000, 0x00000006b0000000|  0%| F|  |TAMS 0x00000006af000000, 0x00000006af000000| Untracked 
[2025-05-19T18:14:54.617+0000][10.063s][1668][1784][trace] GC(0) | 156|0x00000006b0000000, 0x00000006b0000000, 0x00000006b1000000|  0%| F|  |TAMS 0x00000006b0000000, 0x00000006b0000000| Untracked 
[2025-05-19T18:14:54.617+0000][10.063s][1668][1784][trace] GC(0) | 157|0x00000006b1000000, 0x00000006b1000000, 0x00000006b2000000|  0%| F|  |TAMS 0x00000006b1000000, 0x00000006b1000000| Untracked 
[2025-05-19T18:14:54.617+0000][10.063s][1668][1784][trace] GC(0) | 158|0x00000006b2000000, 0x00000006b2000000, 0x00000006b3000000|  0%| F|  |TAMS 0x00000006b2000000, 0x00000006b2000000| Untracked 
[2025-05-19T18:14:54.617+0000][10.063s][1668][1784][trace] GC(0) | 159|0x00000006b3000000, 0x00000006b3000000, 0x00000006b4000000|  0%| F|  |TAMS 0x00000006b3000000, 0x00000006b3000000| Untracked 
[2025-05-19T18:14:54.617+0000][10.063s][1668][1784][trace] GC(0) | 160|0x00000006b4000000, 0x00000006b4000000, 0x00000006b5000000|  0%| F|  |TAMS 0x00000006b4000000, 0x00000006b4000000| Untracked 
[2025-05-19T18:14:54.617+0000][10.063s][1668][1784][trace] GC(0) | 161|0x00000006b5000000, 0x00000006b5000000, 0x00000006b6000000|  0%| F|  |TAMS 0x00000006b5000000, 0x00000006b5000000| Untracked 
[2025-05-19T18:14:54.617+0000][10.063s][1668][1784][trace] GC(0) | 162|0x00000006b6000000, 0x00000006b6000000, 0x00000006b7000000|  0%| F|  |TAMS 0x00000006b6000000, 0x00000006b6000000| Untracked 
[2025-05-19T18:14:54.617+0000][10.063s][1668][1784][trace] GC(0) | 163|0x00000006b7000000, 0x00000006b7000000, 0x00000006b8000000|  0%| F|  |TAMS 0x00000006b7000000, 0x00000006b7000000| Untracked 
[2025-05-19T18:14:54.617+0000][10.063s][1668][1784][trace] GC(0) | 164|0x00000006b8000000, 0x00000006b8000000, 0x00000006b9000000|  0%| F|  |TAMS 0x00000006b8000000, 0x00000006b8000000| Untracked 
[2025-05-19T18:14:54.617+0000][10.063s][1668][1784][trace] GC(0) | 165|0x00000006b9000000, 0x00000006b9000000, 0x00000006ba000000|  0%| F|  |TAMS 0x00000006b9000000, 0x00000006b9000000| Untracked 
[2025-05-19T18:14:54.617+0000][10.063s][1668][1784][trace] GC(0) | 166|0x00000006ba000000, 0x00000006ba000000, 0x00000006bb000000|  0%| F|  |TAMS 0x00000006ba000000, 0x00000006ba000000| Untracked 
[2025-05-19T18:14:54.617+0000][10.063s][1668][1784][trace] GC(0) | 167|0x00000006bb000000, 0x00000006bb000000, 0x00000006bc000000|  0%| F|  |TAMS 0x00000006bb000000, 0x00000006bb000000| Untracked 
[2025-05-19T18:14:54.617+0000][10.063s][1668][1784][trace] GC(0) | 168|0x00000006bc000000, 0x00000006bc000000, 0x00000006bd000000|  0%| F|  |TAMS 0x00000006bc000000, 0x00000006bc000000| Untracked 
[2025-05-19T18:14:54.617+0000][10.063s][1668][1784][trace] GC(0) | 169|0x00000006bd000000, 0x00000006bd000000, 0x00000006be000000|  0%| F|  |TAMS 0x00000006bd000000, 0x00000006bd000000| Untracked 
[2025-05-19T18:14:54.617+0000][10.063s][1668][1784][trace] GC(0) | 170|0x00000006be000000, 0x00000006be000000, 0x00000006bf000000|  0%| F|  |TAMS 0x00000006be000000, 0x00000006be000000| Untracked 
[2025-05-19T18:14:54.617+0000][10.063s][1668][1784][trace] GC(0) | 171|0x00000006bf000000, 0x00000006bf000000, 0x00000006c0000000|  0%| F|  |TAMS 0x00000006bf000000, 0x00000006bf000000| Untracked 
[2025-05-19T18:14:54.617+0000][10.063s][1668][1784][trace] GC(0) | 172|0x00000006c0000000, 0x00000006c0000000, 0x00000006c1000000|  0%| F|  |TAMS 0x00000006c0000000, 0x00000006c0000000| Untracked 
[2025-05-19T18:14:54.617+0000][10.063s][1668][1784][trace] GC(0) | 173|0x00000006c1000000, 0x00000006c1000000, 0x00000006c2000000|  0%| F|  |TAMS 0x00000006c1000000, 0x00000006c1000000| Untracked 
[2025-05-19T18:14:54.617+0000][10.063s][1668][1784][trace] GC(0) | 174|0x00000006c2000000, 0x00000006c2000000, 0x00000006c3000000|  0%| F|  |TAMS 0x00000006c2000000, 0x00000006c2000000| Untracked 
[2025-05-19T18:14:54.617+0000][10.063s][1668][1784][trace] GC(0) | 175|0x00000006c3000000, 0x00000006c3000000, 0x00000006c4000000|  0%| F|  |TAMS 0x00000006c3000000, 0x00000006c3000000| Untracked 
[2025-05-19T18:14:54.617+0000][10.063s][1668][1784][trace] GC(0) | 176|0x00000006c4000000, 0x00000006c4000000, 0x00000006c5000000|  0%| F|  |TAMS 0x00000006c4000000, 0x00000006c4000000| Untracked 
[2025-05-19T18:14:54.617+0000][10.063s][1668][1784][trace] GC(0) | 177|0x00000006c5000000, 0x00000006c5000000, 0x00000006c6000000|  0%| F|  |TAMS 0x00000006c5000000, 0x00000006c5000000| Untracked 
[2025-05-19T18:14:54.617+0000][10.063s][1668][1784][trace] GC(0) | 178|0x00000006c6000000, 0x00000006c6000000, 0x00000006c7000000|  0%| F|  |TAMS 0x00000006c6000000, 0x00000006c6000000| Untracked 
[2025-05-19T18:14:54.617+0000][10.063s][1668][1784][trace] GC(0) | 179|0x00000006c7000000, 0x00000006c7000000, 0x00000006c8000000|  0%| F|  |TAMS 0x00000006c7000000, 0x00000006c7000000| Untracked 
[2025-05-19T18:14:54.617+0000][10.063s][1668][1784][trace] GC(0) | 180|0x00000006c8000000, 0x00000006c8000000, 0x00000006c9000000|  0%| F|  |TAMS 0x00000006c8000000, 0x00000006c8000000| Untracked 
[2025-05-19T18:14:54.617+0000][10.063s][1668][1784][trace] GC(0) | 181|0x00000006c9000000, 0x00000006c9000000, 0x00000006ca000000|  0%| F|  |TAMS 0x00000006c9000000, 0x00000006c9000000| Untracked 
[2025-05-19T18:14:54.617+0000][10.063s][1668][1784][trace] GC(0) | 182|0x00000006ca000000, 0x00000006ca000000, 0x00000006cb000000|  0%| F|  |TAMS 0x00000006ca000000, 0x00000006ca000000| Untracked 
[2025-05-19T18:14:54.617+0000][10.063s][1668][1784][trace] GC(0) | 183|0x00000006cb000000, 0x00000006cb000000, 0x00000006cc000000|  0%| F|  |TAMS 0x00000006cb000000, 0x00000006cb000000| Untracked 
[2025-05-19T18:14:54.617+0000][10.063s][1668][1784][trace] GC(0) | 184|0x00000006cc000000, 0x00000006cc000000, 0x00000006cd000000|  0%| F|  |TAMS 0x00000006cc000000, 0x00000006cc000000| Untracked 
[2025-05-19T18:14:54.617+0000][10.063s][1668][1784][trace] GC(0) | 185|0x00000006cd000000, 0x00000006cd000000, 0x00000006ce000000|  0%| F|  |TAMS 0x00000006cd000000, 0x00000006cd000000| Untracked 
[2025-05-19T18:14:54.617+0000][10.063s][1668][1784][trace] GC(0) | 186|0x00000006ce000000, 0x00000006ce000000, 0x00000006cf000000|  0%| F|  |TAMS 0x00000006ce000000, 0x00000006ce000000| Untracked 
[2025-05-19T18:14:54.617+0000][10.063s][1668][1784][trace] GC(0) | 187|0x00000006cf000000, 0x00000006cf000000, 0x00000006d0000000|  0%| F|  |TAMS 0x00000006cf000000, 0x00000006cf000000| Untracked 
[2025-05-19T18:14:54.617+0000][10.063s][1668][1784][trace] GC(0) | 188|0x00000006d0000000, 0x00000006d0000000, 0x00000006d1000000|  0%| F|  |TAMS 0x00000006d0000000, 0x00000006d0000000| Untracked 
[2025-05-19T18:14:54.617+0000][10.063s][1668][1784][trace] GC(0) | 189|0x00000006d1000000, 0x00000006d1000000, 0x00000006d2000000|  0%| F|  |TAMS 0x00000006d1000000, 0x00000006d1000000| Untracked 
[2025-05-19T18:14:54.617+0000][10.063s][1668][1784][trace] GC(0) | 190|0x00000006d2000000, 0x00000006d2000000, 0x00000006d3000000|  0%| F|  |TAMS 0x00000006d2000000, 0x00000006d2000000| Untracked 
[2025-05-19T18:14:54.617+0000][10.063s][1668][1784][trace] GC(0) | 191|0x00000006d3000000, 0x00000006d3000000, 0x00000006d4000000|  0%| F|  |TAMS 0x00000006d3000000, 0x00000006d3000000| Untracked 
[2025-05-19T18:14:54.617+0000][10.063s][1668][1784][trace] GC(0) | 192|0x00000006d4000000, 0x00000006d4000000, 0x00000006d5000000|  0%| F|  |TAMS 0x00000006d4000000, 0x00000006d4000000| Untracked 
[2025-05-19T18:14:54.617+0000][10.063s][1668][1784][trace] GC(0) | 193|0x00000006d5000000, 0x00000006d5000000, 0x00000006d6000000|  0%| F|  |TAMS 0x00000006d5000000, 0x00000006d5000000| Untracked 
[2025-05-19T18:14:54.617+0000][10.063s][1668][1784][trace] GC(0) | 194|0x00000006d6000000, 0x00000006d6000000, 0x00000006d7000000|  0%| F|  |TAMS 0x00000006d6000000, 0x00000006d6000000| Untracked 
[2025-05-19T18:14:54.617+0000][10.063s][1668][1784][trace] GC(0) | 195|0x00000006d7000000, 0x00000006d7000000, 0x00000006d8000000|  0%| F|  |TAMS 0x00000006d7000000, 0x00000006d7000000| Untracked 
[2025-05-19T18:14:54.617+0000][10.063s][1668][1784][trace] GC(0) | 196|0x00000006d8000000, 0x00000006d8000000, 0x00000006d9000000|  0%| F|  |TAMS 0x00000006d8000000, 0x00000006d8000000| Untracked 
[2025-05-19T18:14:54.617+0000][10.063s][1668][1784][trace] GC(0) | 197|0x00000006d9000000, 0x00000006d9000000, 0x00000006da000000|  0%| F|  |TAMS 0x00000006d9000000, 0x00000006d9000000| Untracked 
[2025-05-19T18:14:54.617+0000][10.063s][1668][1784][trace] GC(0) | 198|0x00000006da000000, 0x00000006da000000, 0x00000006db000000|  0%| F|  |TAMS 0x00000006da000000, 0x00000006da000000| Untracked 
[2025-05-19T18:14:54.617+0000][10.063s][1668][1784][trace] GC(0) | 199|0x00000006db000000, 0x00000006db000000, 0x00000006dc000000|  0%| F|  |TAMS 0x00000006db000000, 0x00000006db000000| Untracked 
[2025-05-19T18:14:54.617+0000][10.063s][1668][1784][trace] GC(0) | 200|0x00000006dc000000, 0x00000006dc000000, 0x00000006dd000000|  0%| F|  |TAMS 0x00000006dc000000, 0x00000006dc000000| Untracked 
[2025-05-19T18:14:54.617+0000][10.063s][1668][1784][trace] GC(0) | 201|0x00000006dd000000, 0x00000006dd000000, 0x00000006de000000|  0%| F|  |TAMS 0x00000006dd000000, 0x00000006dd000000| Untracked 
[2025-05-19T18:14:54.617+0000][10.063s][1668][1784][trace] GC(0) | 202|0x00000006de000000, 0x00000006de000000, 0x00000006df000000|  0%| F|  |TAMS 0x00000006de000000, 0x00000006de000000| Untracked 
[2025-05-19T18:14:54.617+0000][10.063s][1668][1784][trace] GC(0) | 203|0x00000006df000000, 0x00000006df000000, 0x00000006e0000000|  0%| F|  |TAMS 0x00000006df000000, 0x00000006df000000| Untracked 
[2025-05-19T18:14:54.617+0000][10.063s][1668][1784][trace] GC(0) | 204|0x00000006e0000000, 0x00000006e0000000, 0x00000006e1000000|  0%| F|  |TAMS 0x00000006e0000000, 0x00000006e0000000| Untracked 
[2025-05-19T18:14:54.617+0000][10.063s][1668][1784][trace] GC(0) | 205|0x00000006e1000000, 0x00000006e1000000, 0x00000006e2000000|  0%| F|  |TAMS 0x00000006e1000000, 0x00000006e1000000| Untracked 
[2025-05-19T18:14:54.617+0000][10.063s][1668][1784][trace] GC(0) | 206|0x00000006e2000000, 0x00000006e2000000, 0x00000006e3000000|  0%| F|  |TAMS 0x00000006e2000000, 0x00000006e2000000| Untracked 
[2025-05-19T18:14:54.617+0000][10.063s][1668][1784][trace] GC(0) | 207|0x00000006e3000000, 0x00000006e3000000, 0x00000006e4000000|  0%| F|  |TAMS 0x00000006e3000000, 0x00000006e3000000| Untracked 
[2025-05-19T18:14:54.617+0000][10.063s][1668][1784][trace] GC(0) | 208|0x00000006e4000000, 0x00000006e4000000, 0x00000006e5000000|  0%| F|  |TAMS 0x00000006e4000000, 0x00000006e4000000| Untracked 
[2025-05-19T18:14:54.617+0000][10.063s][1668][1784][trace] GC(0) | 209|0x00000006e5000000, 0x00000006e5000000, 0x00000006e6000000|  0%| F|  |TAMS 0x00000006e5000000, 0x00000006e5000000| Untracked 
[2025-05-19T18:14:54.617+0000][10.063s][1668][1784][trace] GC(0) | 210|0x00000006e6000000, 0x00000006e6000000, 0x00000006e7000000|  0%| F|  |TAMS 0x00000006e6000000, 0x00000006e6000000| Untracked 
[2025-05-19T18:14:54.617+0000][10.063s][1668][1784][trace] GC(0) | 211|0x00000006e7000000, 0x00000006e7000000, 0x00000006e8000000|  0%| F|  |TAMS 0x00000006e7000000, 0x00000006e7000000| Untracked 
[2025-05-19T18:14:54.617+0000][10.063s][1668][1784][trace] GC(0) | 212|0x00000006e8000000, 0x00000006e8000000, 0x00000006e9000000|  0%| F|  |TAMS 0x00000006e8000000, 0x00000006e8000000| Untracked 
[2025-05-19T18:14:54.617+0000][10.063s][1668][1784][trace] GC(0) | 213|0x00000006e9000000, 0x00000006e9000000, 0x00000006ea000000|  0%| F|  |TAMS 0x00000006e9000000, 0x00000006e9000000| Untracked 
[2025-05-19T18:14:54.617+0000][10.063s][1668][1784][trace] GC(0) | 214|0x00000006ea000000, 0x00000006ea000000, 0x00000006eb000000|  0%| F|  |TAMS 0x00000006ea000000, 0x00000006ea000000| Untracked 
[2025-05-19T18:14:54.617+0000][10.063s][1668][1784][trace] GC(0) | 215|0x00000006eb000000, 0x00000006eb000000, 0x00000006ec000000|  0%| F|  |TAMS 0x00000006eb000000, 0x00000006eb000000| Untracked 
[2025-05-19T18:14:54.617+0000][10.063s][1668][1784][trace] GC(0) | 216|0x00000006ec000000, 0x00000006ec000000, 0x00000006ed000000|  0%| F|  |TAMS 0x00000006ec000000, 0x00000006ec000000| Untracked 
[2025-05-19T18:14:54.617+0000][10.063s][1668][1784][trace] GC(0) | 217|0x00000006ed000000, 0x00000006ed000000, 0x00000006ee000000|  0%| F|  |TAMS 0x00000006ed000000, 0x00000006ed000000| Untracked 
[2025-05-19T18:14:54.617+0000][10.063s][1668][1784][trace] GC(0) | 218|0x00000006ee000000, 0x00000006ee000000, 0x00000006ef000000|  0%| F|  |TAMS 0x00000006ee000000, 0x00000006ee000000| Untracked 
[2025-05-19T18:14:54.617+0000][10.063s][1668][1784][trace] GC(0) | 219|0x00000006ef000000, 0x00000006ef000000, 0x00000006f0000000|  0%| F|  |TAMS 0x00000006ef000000, 0x00000006ef000000| Untracked 
[2025-05-19T18:14:54.617+0000][10.063s][1668][1784][trace] GC(0) | 220|0x00000006f0000000, 0x00000006f0000000, 0x00000006f1000000|  0%| F|  |TAMS 0x00000006f0000000, 0x00000006f0000000| Untracked 
[2025-05-19T18:14:54.617+0000][10.063s][1668][1784][trace] GC(0) | 221|0x00000006f1000000, 0x00000006f1000000, 0x00000006f2000000|  0%| F|  |TAMS 0x00000006f1000000, 0x00000006f1000000| Untracked 
[2025-05-19T18:14:54.617+0000][10.063s][1668][1784][trace] GC(0) | 222|0x00000006f2000000, 0x00000006f2000000, 0x00000006f3000000|  0%| F|  |TAMS 0x00000006f2000000, 0x00000006f2000000| Untracked 
[2025-05-19T18:14:54.617+0000][10.063s][1668][1784][trace] GC(0) | 223|0x00000006f3000000, 0x00000006f3000000, 0x00000006f4000000|  0%| F|  |TAMS 0x00000006f3000000, 0x00000006f3000000| Untracked 
[2025-05-19T18:14:54.617+0000][10.063s][1668][1784][trace] GC(0) | 224|0x00000006f4000000, 0x00000006f4000000, 0x00000006f5000000|  0%| F|  |TAMS 0x00000006f4000000, 0x00000006f4000000| Untracked 
[2025-05-19T18:14:54.617+0000][10.063s][1668][1784][trace] GC(0) | 225|0x00000006f5000000, 0x00000006f5000000, 0x00000006f6000000|  0%| F|  |TAMS 0x00000006f5000000, 0x00000006f5000000| Untracked 
[2025-05-19T18:14:54.617+0000][10.063s][1668][1784][trace] GC(0) | 226|0x00000006f6000000, 0x00000006f6000000, 0x00000006f7000000|  0%| F|  |TAMS 0x00000006f6000000, 0x00000006f6000000| Untracked 
[2025-05-19T18:14:54.617+0000][10.063s][1668][1784][trace] GC(0) | 227|0x00000006f7000000, 0x00000006f7000000, 0x00000006f8000000|  0%| F|  |TAMS 0x00000006f7000000, 0x00000006f7000000| Untracked 
[2025-05-19T18:14:54.617+0000][10.063s][1668][1784][trace] GC(0) | 228|0x00000006f8000000, 0x00000006f8000000, 0x00000006f9000000|  0%| F|  |TAMS 0x00000006f8000000, 0x00000006f8000000| Untracked 
[2025-05-19T18:14:54.617+0000][10.063s][1668][1784][trace] GC(0) | 229|0x00000006f9000000, 0x00000006f9000000, 0x00000006fa000000|  0%| F|  |TAMS 0x00000006f9000000, 0x00000006f9000000| Untracked 
[2025-05-19T18:14:54.617+0000][10.063s][1668][1784][trace] GC(0) | 230|0x00000006fa000000, 0x00000006fa000000, 0x00000006fb000000|  0%| F|  |TAMS 0x00000006fa000000, 0x00000006fa000000| Untracked 
[2025-05-19T18:14:54.617+0000][10.063s][1668][1784][trace] GC(0) | 231|0x00000006fb000000, 0x00000006fb000000, 0x00000006fc000000|  0%| F|  |TAMS 0x00000006fb000000, 0x00000006fb000000| Untracked 
[2025-05-19T18:14:54.617+0000][10.063s][1668][1784][trace] GC(0) | 232|0x00000006fc000000, 0x00000006fc000000, 0x00000006fd000000|  0%| F|  |TAMS 0x00000006fc000000, 0x00000006fc000000| Untracked 
[2025-05-19T18:14:54.617+0000][10.063s][1668][1784][trace] GC(0) | 233|0x00000006fd000000, 0x00000006fd000000, 0x00000006fe000000|  0%| F|  |TAMS 0x00000006fd000000, 0x00000006fd000000| Untracked 
[2025-05-19T18:14:54.617+0000][10.063s][1668][1784][trace] GC(0) | 234|0x00000006fe000000, 0x00000006fe000000, 0x00000006ff000000|  0%| F|  |TAMS 0x00000006fe000000, 0x00000006fe000000| Untracked 
[2025-05-19T18:14:54.617+0000][10.063s][1668][1784][trace] GC(0) | 235|0x00000006ff000000, 0x00000006ff000000, 0x0000000700000000|  0%| F|  |TAMS 0x00000006ff000000, 0x00000006ff000000| Untracked 
[2025-05-19T18:14:54.617+0000][10.063s][1668][1784][trace] GC(0) | 236|0x0000000700000000, 0x0000000700000000, 0x0000000701000000|  0%| F|  |TAMS 0x0000000700000000, 0x0000000700000000| Untracked 
[2025-05-19T18:14:54.617+0000][10.063s][1668][1784][trace] GC(0) | 237|0x0000000701000000, 0x0000000701000000, 0x0000000702000000|  0%| F|  |TAMS 0x0000000701000000, 0x0000000701000000| Untracked 
[2025-05-19T18:14:54.617+0000][10.063s][1668][1784][trace] GC(0) | 238|0x0000000702000000, 0x0000000702000000, 0x0000000703000000|  0%| F|  |TAMS 0x0000000702000000, 0x0000000702000000| Untracked 
[2025-05-19T18:14:54.617+0000][10.063s][1668][1784][trace] GC(0) | 239|0x0000000703000000, 0x0000000703000000, 0x0000000704000000|  0%| F|  |TAMS 0x0000000703000000, 0x0000000703000000| Untracked 
[2025-05-19T18:14:54.617+0000][10.063s][1668][1784][trace] GC(0) | 240|0x0000000704000000, 0x0000000704000000, 0x0000000705000000|  0%| F|  |TAMS 0x0000000704000000, 0x0000000704000000| Untracked 
[2025-05-19T18:14:54.617+0000][10.063s][1668][1784][trace] GC(0) | 241|0x0000000705000000, 0x0000000705000000, 0x0000000706000000|  0%| F|  |TAMS 0x0000000705000000, 0x0000000705000000| Untracked 
[2025-05-19T18:14:54.617+0000][10.063s][1668][1784][trace] GC(0) | 242|0x0000000706000000, 0x0000000706000000, 0x0000000707000000|  0%| F|  |TAMS 0x0000000706000000, 0x0000000706000000| Untracked 
[2025-05-19T18:14:54.617+0000][10.063s][1668][1784][trace] GC(0) | 243|0x0000000707000000, 0x0000000707000000, 0x0000000708000000|  0%| F|  |TAMS 0x0000000707000000, 0x0000000707000000| Untracked 
[2025-05-19T18:14:54.617+0000][10.063s][1668][1784][trace] GC(0) | 244|0x0000000708000000, 0x0000000708000000, 0x0000000709000000|  0%| F|  |TAMS 0x0000000708000000, 0x0000000708000000| Untracked 
[2025-05-19T18:14:54.617+0000][10.063s][1668][1784][trace] GC(0) | 245|0x0000000709000000, 0x0000000709000000, 0x000000070a000000|  0%| F|  |TAMS 0x0000000709000000, 0x0000000709000000| Untracked 
[2025-05-19T18:14:54.617+0000][10.063s][1668][1784][trace] GC(0) | 246|0x000000070a000000, 0x000000070a000000, 0x000000070b000000|  0%| F|  |TAMS 0x000000070a000000, 0x000000070a000000| Untracked 
[2025-05-19T18:14:54.617+0000][10.063s][1668][1784][trace] GC(0) | 247|0x000000070b000000, 0x000000070b000000, 0x000000070c000000|  0%| F|  |TAMS 0x000000070b000000, 0x000000070b000000| Untracked 
[2025-05-19T18:14:54.617+0000][10.063s][1668][1784][trace] GC(0) | 248|0x000000070c000000, 0x000000070c000000, 0x000000070d000000|  0%| F|  |TAMS 0x000000070c000000, 0x000000070c000000| Untracked 
[2025-05-19T18:14:54.617+0000][10.063s][1668][1784][trace] GC(0) | 249|0x000000070d000000, 0x000000070d000000, 0x000000070e000000|  0%| F|  |TAMS 0x000000070d000000, 0x000000070d000000| Untracked 
[2025-05-19T18:14:54.617+0000][10.063s][1668][1784][trace] GC(0) | 250|0x000000070e000000, 0x000000070e000000, 0x000000070f000000|  0%| F|  |TAMS 0x000000070e000000, 0x000000070e000000| Untracked 
[2025-05-19T18:14:54.617+0000][10.063s][1668][1784][trace] GC(0) | 251|0x000000070f000000, 0x000000070f000000, 0x0000000710000000|  0%| F|  |TAMS 0x000000070f000000, 0x000000070f000000| Untracked 
[2025-05-19T18:14:54.617+0000][10.063s][1668][1784][trace] GC(0) | 252|0x0000000710000000, 0x0000000710000000, 0x0000000711000000|  0%| F|  |TAMS 0x0000000710000000, 0x0000000710000000| Untracked 
[2025-05-19T18:14:54.617+0000][10.063s][1668][1784][trace] GC(0) | 253|0x0000000711000000, 0x0000000711000000, 0x0000000712000000|  0%| F|  |TAMS 0x0000000711000000, 0x0000000711000000| Untracked 
[2025-05-19T18:14:54.617+0000][10.063s][1668][1784][trace] GC(0) | 254|0x0000000712000000, 0x0000000712000000, 0x0000000713000000|  0%| F|  |TAMS 0x0000000712000000, 0x0000000712000000| Untracked 
[2025-05-19T18:14:54.617+0000][10.063s][1668][1784][trace] GC(0) | 255|0x0000000713000000, 0x0000000713000000, 0x0000000714000000|  0%| F|  |TAMS 0x0000000713000000, 0x0000000713000000| Untracked 
[2025-05-19T18:14:54.617+0000][10.063s][1668][1784][trace] GC(0) | 256|0x0000000714000000, 0x0000000714000000, 0x0000000715000000|  0%| F|  |TAMS 0x0000000714000000, 0x0000000714000000| Untracked 
[2025-05-19T18:14:54.617+0000][10.064s][1668][1784][trace] GC(0) | 257|0x0000000715000000, 0x0000000715000000, 0x0000000716000000|  0%| F|  |TAMS 0x0000000715000000, 0x0000000715000000| Untracked 
[2025-05-19T18:14:54.617+0000][10.064s][1668][1784][trace] GC(0) | 258|0x0000000716000000, 0x0000000716000000, 0x0000000717000000|  0%| F|  |TAMS 0x0000000716000000, 0x0000000716000000| Untracked 
[2025-05-19T18:14:54.617+0000][10.064s][1668][1784][trace] GC(0) | 259|0x0000000717000000, 0x0000000717000000, 0x0000000718000000|  0%| F|  |TAMS 0x0000000717000000, 0x0000000717000000| Untracked 
[2025-05-19T18:14:54.617+0000][10.064s][1668][1784][trace] GC(0) | 260|0x0000000718000000, 0x0000000718000000, 0x0000000719000000|  0%| F|  |TAMS 0x0000000718000000, 0x0000000718000000| Untracked 
[2025-05-19T18:14:54.617+0000][10.064s][1668][1784][trace] GC(0) | 261|0x0000000719000000, 0x0000000719000000, 0x000000071a000000|  0%| F|  |TAMS 0x0000000719000000, 0x0000000719000000| Untracked 
[2025-05-19T18:14:54.617+0000][10.064s][1668][1784][trace] GC(0) | 262|0x000000071a000000, 0x000000071a000000, 0x000000071b000000|  0%| F|  |TAMS 0x000000071a000000, 0x000000071a000000| Untracked 
[2025-05-19T18:14:54.617+0000][10.064s][1668][1784][trace] GC(0) | 263|0x000000071b000000, 0x000000071b000000, 0x000000071c000000|  0%| F|  |TAMS 0x000000071b000000, 0x000000071b000000| Untracked 
[2025-05-19T18:14:54.617+0000][10.064s][1668][1784][trace] GC(0) | 264|0x000000071c000000, 0x000000071c000000, 0x000000071d000000|  0%| F|  |TAMS 0x000000071c000000, 0x000000071c000000| Untracked 
[2025-05-19T18:14:54.617+0000][10.064s][1668][1784][trace] GC(0) | 265|0x000000071d000000, 0x000000071d000000, 0x000000071e000000|  0%| F|  |TAMS 0x000000071d000000, 0x000000071d000000| Untracked 
[2025-05-19T18:14:54.617+0000][10.064s][1668][1784][trace] GC(0) | 266|0x000000071e000000, 0x000000071e000000, 0x000000071f000000|  0%| F|  |TAMS 0x000000071e000000, 0x000000071e000000| Untracked 
[2025-05-19T18:14:54.617+0000][10.064s][1668][1784][trace] GC(0) | 267|0x000000071f000000, 0x000000071f000000, 0x0000000720000000|  0%| F|  |TAMS 0x000000071f000000, 0x000000071f000000| Untracked 
[2025-05-19T18:14:54.617+0000][10.064s][1668][1784][trace] GC(0) | 268|0x0000000720000000, 0x0000000720000000, 0x0000000721000000|  0%| F|  |TAMS 0x0000000720000000, 0x0000000720000000| Untracked 
[2025-05-19T18:14:54.617+0000][10.064s][1668][1784][trace] GC(0) | 269|0x0000000721000000, 0x0000000721000000, 0x0000000722000000|  0%| F|  |TAMS 0x0000000721000000, 0x0000000721000000| Untracked 
[2025-05-19T18:14:54.617+0000][10.064s][1668][1784][trace] GC(0) | 270|0x0000000722000000, 0x0000000722000000, 0x0000000723000000|  0%| F|  |TAMS 0x0000000722000000, 0x0000000722000000| Untracked 
[2025-05-19T18:14:54.617+0000][10.064s][1668][1784][trace] GC(0) | 271|0x0000000723000000, 0x0000000723000000, 0x0000000724000000|  0%| F|  |TAMS 0x0000000723000000, 0x0000000723000000| Untracked 
[2025-05-19T18:14:54.617+0000][10.064s][1668][1784][trace] GC(0) | 272|0x0000000724000000, 0x0000000724000000, 0x0000000725000000|  0%| F|  |TAMS 0x0000000724000000, 0x0000000724000000| Untracked 
[2025-05-19T18:14:54.617+0000][10.064s][1668][1784][trace] GC(0) | 273|0x0000000725000000, 0x0000000725000000, 0x0000000726000000|  0%| F|  |TAMS 0x0000000725000000, 0x0000000725000000| Untracked 
[2025-05-19T18:14:54.617+0000][10.064s][1668][1784][trace] GC(0) | 274|0x0000000726000000, 0x0000000726000000, 0x0000000727000000|  0%| F|  |TAMS 0x0000000726000000, 0x0000000726000000| Untracked 
[2025-05-19T18:14:54.617+0000][10.064s][1668][1784][trace] GC(0) | 275|0x0000000727000000, 0x0000000727000000, 0x0000000728000000|  0%| F|  |TAMS 0x0000000727000000, 0x0000000727000000| Untracked 
[2025-05-19T18:14:54.617+0000][10.064s][1668][1784][trace] GC(0) | 276|0x0000000728000000, 0x0000000728000000, 0x0000000729000000|  0%| F|  |TAMS 0x0000000728000000, 0x0000000728000000| Untracked 
[2025-05-19T18:14:54.617+0000][10.064s][1668][1784][trace] GC(0) | 277|0x0000000729000000, 0x0000000729000000, 0x000000072a000000|  0%| F|  |TAMS 0x0000000729000000, 0x0000000729000000| Untracked 
[2025-05-19T18:14:54.617+0000][10.064s][1668][1784][trace] GC(0) | 278|0x000000072a000000, 0x000000072a000000, 0x000000072b000000|  0%| F|  |TAMS 0x000000072a000000, 0x000000072a000000| Untracked 
[2025-05-19T18:14:54.617+0000][10.064s][1668][1784][trace] GC(0) | 279|0x000000072b000000, 0x000000072b000000, 0x000000072c000000|  0%| F|  |TAMS 0x000000072b000000, 0x000000072b000000| Untracked 
[2025-05-19T18:14:54.617+0000][10.064s][1668][1784][trace] GC(0) | 280|0x000000072c000000, 0x000000072c000000, 0x000000072d000000|  0%| F|  |TAMS 0x000000072c000000, 0x000000072c000000| Untracked 
[2025-05-19T18:14:54.617+0000][10.064s][1668][1784][trace] GC(0) | 281|0x000000072d000000, 0x000000072d000000, 0x000000072e000000|  0%| F|  |TAMS 0x000000072d000000, 0x000000072d000000| Untracked 
[2025-05-19T18:14:54.617+0000][10.064s][1668][1784][trace] GC(0) | 282|0x000000072e000000, 0x000000072e000000, 0x000000072f000000|  0%| F|  |TAMS 0x000000072e000000, 0x000000072e000000| Untracked 
[2025-05-19T18:14:54.617+0000][10.064s][1668][1784][trace] GC(0) | 283|0x000000072f000000, 0x000000072f000000, 0x0000000730000000|  0%| F|  |TAMS 0x000000072f000000, 0x000000072f000000| Untracked 
[2025-05-19T18:14:54.617+0000][10.064s][1668][1784][trace] GC(0) | 284|0x0000000730000000, 0x0000000730000000, 0x0000000731000000|  0%| F|  |TAMS 0x0000000730000000, 0x0000000730000000| Untracked 
[2025-05-19T18:14:54.617+0000][10.064s][1668][1784][trace] GC(0) | 285|0x0000000731000000, 0x0000000731000000, 0x0000000732000000|  0%| F|  |TAMS 0x0000000731000000, 0x0000000731000000| Untracked 
[2025-05-19T18:14:54.617+0000][10.064s][1668][1784][trace] GC(0) | 286|0x0000000732000000, 0x0000000732000000, 0x0000000733000000|  0%| F|  |TAMS 0x0000000732000000, 0x0000000732000000| Untracked 
[2025-05-19T18:14:54.617+0000][10.064s][1668][1784][trace] GC(0) | 287|0x0000000733000000, 0x0000000733000000, 0x0000000734000000|  0%| F|  |TAMS 0x0000000733000000, 0x0000000733000000| Untracked 
[2025-05-19T18:14:54.617+0000][10.064s][1668][1784][trace] GC(0) | 288|0x0000000734000000, 0x0000000734000000, 0x0000000735000000|  0%| F|  |TAMS 0x0000000734000000, 0x0000000734000000| Untracked 
[2025-05-19T18:14:54.617+0000][10.064s][1668][1784][trace] GC(0) | 289|0x0000000735000000, 0x0000000735000000, 0x0000000736000000|  0%| F|  |TAMS 0x0000000735000000, 0x0000000735000000| Untracked 
[2025-05-19T18:14:54.617+0000][10.064s][1668][1784][trace] GC(0) | 290|0x0000000736000000, 0x0000000736000000, 0x0000000737000000|  0%| F|  |TAMS 0x0000000736000000, 0x0000000736000000| Untracked 
[2025-05-19T18:14:54.617+0000][10.064s][1668][1784][trace] GC(0) | 291|0x0000000737000000, 0x0000000737000000, 0x0000000738000000|  0%| F|  |TAMS 0x0000000737000000, 0x0000000737000000| Untracked 
[2025-05-19T18:14:54.617+0000][10.064s][1668][1784][trace] GC(0) | 292|0x0000000738000000, 0x0000000738000000, 0x0000000739000000|  0%| F|  |TAMS 0x0000000738000000, 0x0000000738000000| Untracked 
[2025-05-19T18:14:54.617+0000][10.064s][1668][1784][trace] GC(0) | 293|0x0000000739000000, 0x0000000739000000, 0x000000073a000000|  0%| F|  |TAMS 0x0000000739000000, 0x0000000739000000| Untracked 
[2025-05-19T18:14:54.617+0000][10.064s][1668][1784][trace] GC(0) | 294|0x000000073a000000, 0x000000073a000000, 0x000000073b000000|  0%| F|  |TAMS 0x000000073a000000, 0x000000073a000000| Untracked 
[2025-05-19T18:14:54.617+0000][10.064s][1668][1784][trace] GC(0) | 295|0x000000073b000000, 0x000000073b000000, 0x000000073c000000|  0%| F|  |TAMS 0x000000073b000000, 0x000000073b000000| Untracked 
[2025-05-19T18:14:54.617+0000][10.064s][1668][1784][trace] GC(0) | 296|0x000000073c000000, 0x000000073c000000, 0x000000073d000000|  0%| F|  |TAMS 0x000000073c000000, 0x000000073c000000| Untracked 
[2025-05-19T18:14:54.617+0000][10.064s][1668][1784][trace] GC(0) | 297|0x000000073d000000, 0x000000073d000000, 0x000000073e000000|  0%| F|  |TAMS 0x000000073d000000, 0x000000073d000000| Untracked 
[2025-05-19T18:14:54.617+0000][10.064s][1668][1784][trace] GC(0) | 298|0x000000073e000000, 0x000000073e000000, 0x000000073f000000|  0%| F|  |TAMS 0x000000073e000000, 0x000000073e000000| Untracked 
[2025-05-19T18:14:54.617+0000][10.064s][1668][1784][trace] GC(0) | 299|0x000000073f000000, 0x000000073f000000, 0x0000000740000000|  0%| F|  |TAMS 0x000000073f000000, 0x000000073f000000| Untracked 
[2025-05-19T18:14:54.617+0000][10.064s][1668][1784][trace] GC(0) | 300|0x0000000740000000, 0x0000000740000000, 0x0000000741000000|  0%| F|  |TAMS 0x0000000740000000, 0x0000000740000000| Untracked 
[2025-05-19T18:14:54.617+0000][10.064s][1668][1784][trace] GC(0) | 301|0x0000000741000000, 0x0000000741000000, 0x0000000742000000|  0%| F|  |TAMS 0x0000000741000000, 0x0000000741000000| Untracked 
[2025-05-19T18:14:54.617+0000][10.064s][1668][1784][trace] GC(0) | 302|0x0000000742000000, 0x0000000742000000, 0x0000000743000000|  0%| F|  |TAMS 0x0000000742000000, 0x0000000742000000| Untracked 
[2025-05-19T18:14:54.617+0000][10.064s][1668][1784][trace] GC(0) | 303|0x0000000743000000, 0x0000000743000000, 0x0000000744000000|  0%| F|  |TAMS 0x0000000743000000, 0x0000000743000000| Untracked 
[2025-05-19T18:14:54.617+0000][10.064s][1668][1784][trace] GC(0) | 304|0x0000000744000000, 0x0000000744000000, 0x0000000745000000|  0%| F|  |TAMS 0x0000000744000000, 0x0000000744000000| Untracked 
[2025-05-19T18:14:54.617+0000][10.064s][1668][1784][trace] GC(0) | 305|0x0000000745000000, 0x0000000745000000, 0x0000000746000000|  0%| F|  |TAMS 0x0000000745000000, 0x0000000745000000| Untracked 
[2025-05-19T18:14:54.617+0000][10.064s][1668][1784][trace] GC(0) | 306|0x0000000746000000, 0x0000000746000000, 0x0000000747000000|  0%| F|  |TAMS 0x0000000746000000, 0x0000000746000000| Untracked 
[2025-05-19T18:14:54.617+0000][10.064s][1668][1784][trace] GC(0) | 307|0x0000000747000000, 0x0000000747000000, 0x0000000748000000|  0%| F|  |TAMS 0x0000000747000000, 0x0000000747000000| Untracked 
[2025-05-19T18:14:54.617+0000][10.064s][1668][1784][trace] GC(0) | 308|0x0000000748000000, 0x0000000748000000, 0x0000000749000000|  0%| F|  |TAMS 0x0000000748000000, 0x0000000748000000| Untracked 
[2025-05-19T18:14:54.617+0000][10.064s][1668][1784][trace] GC(0) | 309|0x0000000749000000, 0x0000000749000000, 0x000000074a000000|  0%| F|  |TAMS 0x0000000749000000, 0x0000000749000000| Untracked 
[2025-05-19T18:14:54.617+0000][10.064s][1668][1784][trace] GC(0) | 310|0x000000074a000000, 0x000000074a000000, 0x000000074b000000|  0%| F|  |TAMS 0x000000074a000000, 0x000000074a000000| Untracked 
[2025-05-19T18:14:54.617+0000][10.064s][1668][1784][trace] GC(0) | 311|0x000000074b000000, 0x000000074b000000, 0x000000074c000000|  0%| F|  |TAMS 0x000000074b000000, 0x000000074b000000| Untracked 
[2025-05-19T18:14:54.617+0000][10.064s][1668][1784][trace] GC(0) | 312|0x000000074c000000, 0x000000074c000000, 0x000000074d000000|  0%| F|  |TAMS 0x000000074c000000, 0x000000074c000000| Untracked 
[2025-05-19T18:14:54.617+0000][10.064s][1668][1784][trace] GC(0) | 313|0x000000074d000000, 0x000000074d000000, 0x000000074e000000|  0%| F|  |TAMS 0x000000074d000000, 0x000000074d000000| Untracked 
[2025-05-19T18:14:54.617+0000][10.064s][1668][1784][trace] GC(0) | 314|0x000000074e000000, 0x000000074e000000, 0x000000074f000000|  0%| F|  |TAMS 0x000000074e000000, 0x000000074e000000| Untracked 
[2025-05-19T18:14:54.617+0000][10.064s][1668][1784][trace] GC(0) | 315|0x000000074f000000, 0x000000074f000000, 0x0000000750000000|  0%| F|  |TAMS 0x000000074f000000, 0x000000074f000000| Untracked 
[2025-05-19T18:14:54.617+0000][10.064s][1668][1784][trace] GC(0) | 316|0x0000000750000000, 0x0000000750000000, 0x0000000751000000|  0%| F|  |TAMS 0x0000000750000000, 0x0000000750000000| Untracked 
[2025-05-19T18:14:54.617+0000][10.064s][1668][1784][trace] GC(0) | 317|0x0000000751000000, 0x0000000751000000, 0x0000000752000000|  0%| F|  |TAMS 0x0000000751000000, 0x0000000751000000| Untracked 
[2025-05-19T18:14:54.617+0000][10.064s][1668][1784][trace] GC(0) | 318|0x0000000752000000, 0x0000000752000000, 0x0000000753000000|  0%| F|  |TAMS 0x0000000752000000, 0x0000000752000000| Untracked 
[2025-05-19T18:14:54.617+0000][10.064s][1668][1784][trace] GC(0) | 319|0x0000000753000000, 0x0000000753000000, 0x0000000754000000|  0%| F|  |TAMS 0x0000000753000000, 0x0000000753000000| Untracked 
[2025-05-19T18:14:54.617+0000][10.064s][1668][1784][trace] GC(0) | 320|0x0000000754000000, 0x0000000754000000, 0x0000000755000000|  0%| F|  |TAMS 0x0000000754000000, 0x0000000754000000| Untracked 
[2025-05-19T18:14:54.617+0000][10.064s][1668][1784][trace] GC(0) | 321|0x0000000755000000, 0x0000000755000000, 0x0000000756000000|  0%| F|  |TAMS 0x0000000755000000, 0x0000000755000000| Untracked 
[2025-05-19T18:14:54.617+0000][10.064s][1668][1784][trace] GC(0) | 322|0x0000000756000000, 0x0000000756000000, 0x0000000757000000|  0%| F|  |TAMS 0x0000000756000000, 0x0000000756000000| Untracked 
[2025-05-19T18:14:54.617+0000][10.064s][1668][1784][trace] GC(0) | 323|0x0000000757000000, 0x0000000757000000, 0x0000000758000000|  0%| F|  |TAMS 0x0000000757000000, 0x0000000757000000| Untracked 
[2025-05-19T18:14:54.617+0000][10.064s][1668][1784][trace] GC(0) | 324|0x0000000758000000, 0x0000000758000000, 0x0000000759000000|  0%| F|  |TAMS 0x0000000758000000, 0x0000000758000000| Untracked 
[2025-05-19T18:14:54.617+0000][10.064s][1668][1784][trace] GC(0) | 325|0x0000000759000000, 0x0000000759000000, 0x000000075a000000|  0%| F|  |TAMS 0x0000000759000000, 0x0000000759000000| Untracked 
[2025-05-19T18:14:54.617+0000][10.064s][1668][1784][trace] GC(0) | 326|0x000000075a000000, 0x000000075a000000, 0x000000075b000000|  0%| F|  |TAMS 0x000000075a000000, 0x000000075a000000| Untracked 
[2025-05-19T18:14:54.617+0000][10.064s][1668][1784][trace] GC(0) | 327|0x000000075b000000, 0x000000075b000000, 0x000000075c000000|  0%| F|  |TAMS 0x000000075b000000, 0x000000075b000000| Untracked 
[2025-05-19T18:14:54.617+0000][10.064s][1668][1784][trace] GC(0) | 328|0x000000075c000000, 0x000000075c000000, 0x000000075d000000|  0%| F|  |TAMS 0x000000075c000000, 0x000000075c000000| Untracked 
[2025-05-19T18:14:54.617+0000][10.064s][1668][1784][trace] GC(0) | 329|0x000000075d000000, 0x000000075d000000, 0x000000075e000000|  0%| F|  |TAMS 0x000000075d000000, 0x000000075d000000| Untracked 
[2025-05-19T18:14:54.617+0000][10.064s][1668][1784][trace] GC(0) | 330|0x000000075e000000, 0x000000075e000000, 0x000000075f000000|  0%| F|  |TAMS 0x000000075e000000, 0x000000075e000000| Untracked 
[2025-05-19T18:14:54.617+0000][10.064s][1668][1784][trace] GC(0) | 331|0x000000075f000000, 0x000000075f000000, 0x0000000760000000|  0%| F|  |TAMS 0x000000075f000000, 0x000000075f000000| Untracked 
[2025-05-19T18:14:54.617+0000][10.064s][1668][1784][trace] GC(0) | 332|0x0000000760000000, 0x0000000760000000, 0x0000000761000000|  0%| F|  |TAMS 0x0000000760000000, 0x0000000760000000| Untracked 
[2025-05-19T18:14:54.617+0000][10.064s][1668][1784][trace] GC(0) | 333|0x0000000761000000, 0x0000000761000000, 0x0000000762000000|  0%| F|  |TAMS 0x0000000761000000, 0x0000000761000000| Untracked 
[2025-05-19T18:14:54.617+0000][10.064s][1668][1784][trace] GC(0) | 334|0x0000000762000000, 0x0000000762000000, 0x0000000763000000|  0%| F|  |TAMS 0x0000000762000000, 0x0000000762000000| Untracked 
[2025-05-19T18:14:54.617+0000][10.064s][1668][1784][trace] GC(0) | 335|0x0000000763000000, 0x0000000763000000, 0x0000000764000000|  0%| F|  |TAMS 0x0000000763000000, 0x0000000763000000| Untracked 
[2025-05-19T18:14:54.617+0000][10.064s][1668][1784][trace] GC(0) | 336|0x0000000764000000, 0x0000000764000000, 0x0000000765000000|  0%| F|  |TAMS 0x0000000764000000, 0x0000000764000000| Untracked 
[2025-05-19T18:14:54.617+0000][10.064s][1668][1784][trace] GC(0) | 337|0x0000000765000000, 0x0000000765000000, 0x0000000766000000|  0%| F|  |TAMS 0x0000000765000000, 0x0000000765000000| Untracked 
[2025-05-19T18:14:54.617+0000][10.064s][1668][1784][trace] GC(0) | 338|0x0000000766000000, 0x0000000766000000, 0x0000000767000000|  0%| F|  |TAMS 0x0000000766000000, 0x0000000766000000| Untracked 
[2025-05-19T18:14:54.617+0000][10.064s][1668][1784][trace] GC(0) | 339|0x0000000767000000, 0x0000000767000000, 0x0000000768000000|  0%| F|  |TAMS 0x0000000767000000, 0x0000000767000000| Untracked 
[2025-05-19T18:14:54.617+0000][10.064s][1668][1784][trace] GC(0) | 340|0x0000000768000000, 0x0000000768000000, 0x0000000769000000|  0%| F|  |TAMS 0x0000000768000000, 0x0000000768000000| Untracked 
[2025-05-19T18:14:54.618+0000][10.064s][1668][1784][trace] GC(0) | 341|0x0000000769000000, 0x0000000769000000, 0x000000076a000000|  0%| F|  |TAMS 0x0000000769000000, 0x0000000769000000| Untracked 
[2025-05-19T18:14:54.618+0000][10.064s][1668][1784][trace] GC(0) | 342|0x000000076a000000, 0x000000076a000000, 0x000000076b000000|  0%| F|  |TAMS 0x000000076a000000, 0x000000076a000000| Untracked 
[2025-05-19T18:14:54.618+0000][10.064s][1668][1784][trace] GC(0) | 343|0x000000076b000000, 0x000000076b000000, 0x000000076c000000|  0%| F|  |TAMS 0x000000076b000000, 0x000000076b000000| Untracked 
[2025-05-19T18:14:54.618+0000][10.064s][1668][1784][trace] GC(0) | 344|0x000000076c000000, 0x000000076c000000, 0x000000076d000000|  0%| F|  |TAMS 0x000000076c000000, 0x000000076c000000| Untracked 
[2025-05-19T18:14:54.618+0000][10.064s][1668][1784][trace] GC(0) | 345|0x000000076d000000, 0x000000076d000000, 0x000000076e000000|  0%| F|  |TAMS 0x000000076d000000, 0x000000076d000000| Untracked 
[2025-05-19T18:14:54.618+0000][10.064s][1668][1784][trace] GC(0) | 346|0x000000076e000000, 0x000000076e000000, 0x000000076f000000|  0%| F|  |TAMS 0x000000076e000000, 0x000000076e000000| Untracked 
[2025-05-19T18:14:54.618+0000][10.064s][1668][1784][trace] GC(0) | 347|0x000000076f000000, 0x000000076f000000, 0x0000000770000000|  0%| F|  |TAMS 0x000000076f000000, 0x000000076f000000| Untracked 
[2025-05-19T18:14:54.618+0000][10.064s][1668][1784][trace] GC(0) | 348|0x0000000770000000, 0x0000000770000000, 0x0000000771000000|  0%| F|  |TAMS 0x0000000770000000, 0x0000000770000000| Untracked 
[2025-05-19T18:14:54.618+0000][10.064s][1668][1784][trace] GC(0) | 349|0x0000000771000000, 0x0000000771000000, 0x0000000772000000|  0%| F|  |TAMS 0x0000000771000000, 0x0000000771000000| Untracked 
[2025-05-19T18:14:54.618+0000][10.064s][1668][1784][trace] GC(0) | 350|0x0000000772000000, 0x0000000772000000, 0x0000000773000000|  0%| F|  |TAMS 0x0000000772000000, 0x0000000772000000| Untracked 
[2025-05-19T18:14:54.618+0000][10.064s][1668][1784][trace] GC(0) | 351|0x0000000773000000, 0x0000000773000000, 0x0000000774000000|  0%| F|  |TAMS 0x0000000773000000, 0x0000000773000000| Untracked 
[2025-05-19T18:14:54.618+0000][10.064s][1668][1784][trace] GC(0) | 352|0x0000000774000000, 0x0000000774000000, 0x0000000775000000|  0%| F|  |TAMS 0x0000000774000000, 0x0000000774000000| Untracked 
[2025-05-19T18:14:54.618+0000][10.064s][1668][1784][trace] GC(0) | 353|0x0000000775000000, 0x0000000775000000, 0x0000000776000000|  0%| F|  |TAMS 0x0000000775000000, 0x0000000775000000| Untracked 
[2025-05-19T18:14:54.618+0000][10.064s][1668][1784][trace] GC(0) | 354|0x0000000776000000, 0x0000000776000000, 0x0000000777000000|  0%| F|  |TAMS 0x0000000776000000, 0x0000000776000000| Untracked 
[2025-05-19T18:14:54.618+0000][10.064s][1668][1784][trace] GC(0) | 355|0x0000000777000000, 0x0000000777000000, 0x0000000778000000|  0%| F|  |TAMS 0x0000000777000000, 0x0000000777000000| Untracked 
[2025-05-19T18:14:54.618+0000][10.064s][1668][1784][trace] GC(0) | 356|0x0000000778000000, 0x0000000778000000, 0x0000000779000000|  0%| F|  |TAMS 0x0000000778000000, 0x0000000778000000| Untracked 
[2025-05-19T18:14:54.618+0000][10.064s][1668][1784][trace] GC(0) | 357|0x0000000779000000, 0x0000000779000000, 0x000000077a000000|  0%| F|  |TAMS 0x0000000779000000, 0x0000000779000000| Untracked 
[2025-05-19T18:14:54.618+0000][10.064s][1668][1784][trace] GC(0) | 358|0x000000077a000000, 0x000000077a000000, 0x000000077b000000|  0%| F|  |TAMS 0x000000077a000000, 0x000000077a000000| Untracked 
[2025-05-19T18:14:54.618+0000][10.064s][1668][1784][trace] GC(0) | 359|0x000000077b000000, 0x000000077b000000, 0x000000077c000000|  0%| F|  |TAMS 0x000000077b000000, 0x000000077b000000| Untracked 
[2025-05-19T18:14:54.618+0000][10.064s][1668][1784][trace] GC(0) | 360|0x000000077c000000, 0x000000077c000000, 0x000000077d000000|  0%| F|  |TAMS 0x000000077c000000, 0x000000077c000000| Untracked 
[2025-05-19T18:14:54.618+0000][10.064s][1668][1784][trace] GC(0) | 361|0x000000077d000000, 0x000000077d000000, 0x000000077e000000|  0%| F|  |TAMS 0x000000077d000000, 0x000000077d000000| Untracked 
[2025-05-19T18:14:54.618+0000][10.064s][1668][1784][trace] GC(0) | 362|0x000000077e000000, 0x000000077e000000, 0x000000077f000000|  0%| F|  |TAMS 0x000000077e000000, 0x000000077e000000| Untracked 
[2025-05-19T18:14:54.618+0000][10.064s][1668][1784][trace] GC(0) | 363|0x000000077f000000, 0x000000077f000000, 0x0000000780000000|  0%| F|  |TAMS 0x000000077f000000, 0x000000077f000000| Untracked 
[2025-05-19T18:14:54.618+0000][10.064s][1668][1784][trace] GC(0) | 364|0x0000000780000000, 0x0000000780000000, 0x0000000781000000|  0%| F|  |TAMS 0x0000000780000000, 0x0000000780000000| Untracked 
[2025-05-19T18:14:54.618+0000][10.064s][1668][1784][trace] GC(0) | 365|0x0000000781000000, 0x0000000781000000, 0x0000000782000000|  0%| F|  |TAMS 0x0000000781000000, 0x0000000781000000| Untracked 
[2025-05-19T18:14:54.618+0000][10.064s][1668][1784][trace] GC(0) | 366|0x0000000782000000, 0x0000000782000000, 0x0000000783000000|  0%| F|  |TAMS 0x0000000782000000, 0x0000000782000000| Untracked 
[2025-05-19T18:14:54.618+0000][10.064s][1668][1784][trace] GC(0) | 367|0x0000000783000000, 0x0000000783000000, 0x0000000784000000|  0%| F|  |TAMS 0x0000000783000000, 0x0000000783000000| Untracked 
[2025-05-19T18:14:54.618+0000][10.064s][1668][1784][trace] GC(0) | 368|0x0000000784000000, 0x0000000784000000, 0x0000000785000000|  0%| F|  |TAMS 0x0000000784000000, 0x0000000784000000| Untracked 
[2025-05-19T18:14:54.618+0000][10.064s][1668][1784][trace] GC(0) | 369|0x0000000785000000, 0x0000000785000000, 0x0000000786000000|  0%| F|  |TAMS 0x0000000785000000, 0x0000000785000000| Untracked 
[2025-05-19T18:14:54.618+0000][10.064s][1668][1784][trace] GC(0) | 370|0x0000000786000000, 0x0000000786000000, 0x0000000787000000|  0%| F|  |TAMS 0x0000000786000000, 0x0000000786000000| Untracked 
[2025-05-19T18:14:54.618+0000][10.064s][1668][1784][trace] GC(0) | 371|0x0000000787000000, 0x0000000787000000, 0x0000000788000000|  0%| F|  |TAMS 0x0000000787000000, 0x0000000787000000| Untracked 
[2025-05-19T18:14:54.618+0000][10.064s][1668][1784][trace] GC(0) | 372|0x0000000788000000, 0x0000000788000000, 0x0000000789000000|  0%| F|  |TAMS 0x0000000788000000, 0x0000000788000000| Untracked 
[2025-05-19T18:14:54.618+0000][10.064s][1668][1784][trace] GC(0) | 373|0x0000000789000000, 0x0000000789000000, 0x000000078a000000|  0%| F|  |TAMS 0x0000000789000000, 0x0000000789000000| Untracked 
[2025-05-19T18:14:54.618+0000][10.064s][1668][1784][trace] GC(0) | 374|0x000000078a000000, 0x000000078a000000, 0x000000078b000000|  0%| F|  |TAMS 0x000000078a000000, 0x000000078a000000| Untracked 
[2025-05-19T18:14:54.618+0000][10.064s][1668][1784][trace] GC(0) | 375|0x000000078b000000, 0x000000078b000000, 0x000000078c000000|  0%| F|  |TAMS 0x000000078b000000, 0x000000078b000000| Untracked 
[2025-05-19T18:14:54.618+0000][10.064s][1668][1784][trace] GC(0) | 376|0x000000078c000000, 0x000000078c000000, 0x000000078d000000|  0%| F|  |TAMS 0x000000078c000000, 0x000000078c000000| Untracked 
[2025-05-19T18:14:54.618+0000][10.064s][1668][1784][trace] GC(0) | 377|0x000000078d000000, 0x000000078d000000, 0x000000078e000000|  0%| F|  |TAMS 0x000000078d000000, 0x000000078d000000| Untracked 
[2025-05-19T18:14:54.618+0000][10.064s][1668][1784][trace] GC(0) | 378|0x000000078e000000, 0x000000078e000000, 0x000000078f000000|  0%| F|  |TAMS 0x000000078e000000, 0x000000078e000000| Untracked 
[2025-05-19T18:14:54.618+0000][10.064s][1668][1784][trace] GC(0) | 379|0x000000078f000000, 0x000000078f000000, 0x0000000790000000|  0%| F|  |TAMS 0x000000078f000000, 0x000000078f000000| Untracked 
[2025-05-19T18:14:54.618+0000][10.064s][1668][1784][trace] GC(0) | 380|0x0000000790000000, 0x0000000790000000, 0x0000000791000000|  0%| F|  |TAMS 0x0000000790000000, 0x0000000790000000| Untracked 
[2025-05-19T18:14:54.618+0000][10.064s][1668][1784][trace] GC(0) | 381|0x0000000791000000, 0x0000000791000000, 0x0000000792000000|  0%| F|  |TAMS 0x0000000791000000, 0x0000000791000000| Untracked 
[2025-05-19T18:14:54.618+0000][10.064s][1668][1784][trace] GC(0) | 382|0x0000000792000000, 0x0000000792000000, 0x0000000793000000|  0%| F|  |TAMS 0x0000000792000000, 0x0000000792000000| Untracked 
[2025-05-19T18:14:54.618+0000][10.064s][1668][1784][trace] GC(0) | 383|0x0000000793000000, 0x0000000793000000, 0x0000000794000000|  0%| F|  |TAMS 0x0000000793000000, 0x0000000793000000| Untracked 
[2025-05-19T18:14:54.618+0000][10.064s][1668][1784][trace] GC(0) | 384|0x0000000794000000, 0x0000000794000000, 0x0000000795000000|  0%| F|  |TAMS 0x0000000794000000, 0x0000000794000000| Untracked 
[2025-05-19T18:14:54.618+0000][10.064s][1668][1784][trace] GC(0) | 385|0x0000000795000000, 0x0000000795000000, 0x0000000796000000|  0%| F|  |TAMS 0x0000000795000000, 0x0000000795000000| Untracked 
[2025-05-19T18:14:54.618+0000][10.064s][1668][1784][trace] GC(0) | 386|0x0000000796000000, 0x0000000796000000, 0x0000000797000000|  0%| F|  |TAMS 0x0000000796000000, 0x0000000796000000| Untracked 
[2025-05-19T18:14:54.618+0000][10.064s][1668][1784][trace] GC(0) | 387|0x0000000797000000, 0x0000000797000000, 0x0000000798000000|  0%| F|  |TAMS 0x0000000797000000, 0x0000000797000000| Untracked 
[2025-05-19T18:14:54.618+0000][10.064s][1668][1784][trace] GC(0) | 388|0x0000000798000000, 0x0000000798000000, 0x0000000799000000|  0%| F|  |TAMS 0x0000000798000000, 0x0000000798000000| Untracked 
[2025-05-19T18:14:54.618+0000][10.064s][1668][1784][trace] GC(0) | 389|0x0000000799000000, 0x0000000799000000, 0x000000079a000000|  0%| F|  |TAMS 0x0000000799000000, 0x0000000799000000| Untracked 
[2025-05-19T18:14:54.618+0000][10.064s][1668][1784][trace] GC(0) | 390|0x000000079a000000, 0x000000079a000000, 0x000000079b000000|  0%| F|  |TAMS 0x000000079a000000, 0x000000079a000000| Untracked 
[2025-05-19T18:14:54.618+0000][10.064s][1668][1784][trace] GC(0) | 391|0x000000079b000000, 0x000000079b000000, 0x000000079c000000|  0%| F|  |TAMS 0x000000079b000000, 0x000000079b000000| Untracked 
[2025-05-19T18:14:54.618+0000][10.064s][1668][1784][trace] GC(0) | 392|0x000000079c000000, 0x000000079c000000, 0x000000079d000000|  0%| F|  |TAMS 0x000000079c000000, 0x000000079c000000| Untracked 
[2025-05-19T18:14:54.618+0000][10.064s][1668][1784][trace] GC(0) | 393|0x000000079d000000, 0x000000079d000000, 0x000000079e000000|  0%| F|  |TAMS 0x000000079d000000, 0x000000079d000000| Untracked 
[2025-05-19T18:14:54.618+0000][10.064s][1668][1784][trace] GC(0) | 394|0x000000079e000000, 0x000000079e000000, 0x000000079f000000|  0%| F|  |TAMS 0x000000079e000000, 0x000000079e000000| Untracked 
[2025-05-19T18:14:54.618+0000][10.064s][1668][1784][trace] GC(0) | 395|0x000000079f000000, 0x000000079f000000, 0x00000007a0000000|  0%| F|  |TAMS 0x000000079f000000, 0x000000079f000000| Untracked 
[2025-05-19T18:14:54.618+0000][10.064s][1668][1784][trace] GC(0) | 396|0x00000007a0000000, 0x00000007a0000000, 0x00000007a1000000|  0%| F|  |TAMS 0x00000007a0000000, 0x00000007a0000000| Untracked 
[2025-05-19T18:14:54.618+0000][10.064s][1668][1784][trace] GC(0) | 397|0x00000007a1000000, 0x00000007a1000000, 0x00000007a2000000|  0%| F|  |TAMS 0x00000007a1000000, 0x00000007a1000000| Untracked 
[2025-05-19T18:14:54.618+0000][10.064s][1668][1784][trace] GC(0) | 398|0x00000007a2000000, 0x00000007a2000000, 0x00000007a3000000|  0%| F|  |TAMS 0x00000007a2000000, 0x00000007a2000000| Untracked 
[2025-05-19T18:14:54.618+0000][10.064s][1668][1784][trace] GC(0) | 399|0x00000007a3000000, 0x00000007a3000000, 0x00000007a4000000|  0%| F|  |TAMS 0x00000007a3000000, 0x00000007a3000000| Untracked 
[2025-05-19T18:14:54.618+0000][10.064s][1668][1784][trace] GC(0) | 400|0x00000007a4000000, 0x00000007a4000000, 0x00000007a5000000|  0%| F|  |TAMS 0x00000007a4000000, 0x00000007a4000000| Untracked 
[2025-05-19T18:14:54.618+0000][10.064s][1668][1784][trace] GC(0) | 401|0x00000007a5000000, 0x00000007a5000000, 0x00000007a6000000|  0%| F|  |TAMS 0x00000007a5000000, 0x00000007a5000000| Untracked 
[2025-05-19T18:14:54.618+0000][10.064s][1668][1784][trace] GC(0) | 402|0x00000007a6000000, 0x00000007a6000000, 0x00000007a7000000|  0%| F|  |TAMS 0x00000007a6000000, 0x00000007a6000000| Untracked 
[2025-05-19T18:14:54.618+0000][10.064s][1668][1784][trace] GC(0) | 403|0x00000007a7000000, 0x00000007a7000000, 0x00000007a8000000|  0%| F|  |TAMS 0x00000007a7000000, 0x00000007a7000000| Untracked 
[2025-05-19T18:14:54.618+0000][10.064s][1668][1784][trace] GC(0) | 404|0x00000007a8000000, 0x00000007a8000000, 0x00000007a9000000|  0%| F|  |TAMS 0x00000007a8000000, 0x00000007a8000000| Untracked 
[2025-05-19T18:14:54.618+0000][10.064s][1668][1784][trace] GC(0) | 405|0x00000007a9000000, 0x00000007a9000000, 0x00000007aa000000|  0%| F|  |TAMS 0x00000007a9000000, 0x00000007a9000000| Untracked 
[2025-05-19T18:14:54.618+0000][10.064s][1668][1784][trace] GC(0) | 406|0x00000007aa000000, 0x00000007aa000000, 0x00000007ab000000|  0%| F|  |TAMS 0x00000007aa000000, 0x00000007aa000000| Untracked 
[2025-05-19T18:14:54.618+0000][10.064s][1668][1784][trace] GC(0) | 407|0x00000007ab000000, 0x00000007ab000000, 0x00000007ac000000|  0%| F|  |TAMS 0x00000007ab000000, 0x00000007ab000000| Untracked 
[2025-05-19T18:14:54.618+0000][10.064s][1668][1784][trace] GC(0) | 408|0x00000007ac000000, 0x00000007ac000000, 0x00000007ad000000|  0%| F|  |TAMS 0x00000007ac000000, 0x00000007ac000000| Untracked 
[2025-05-19T18:14:54.618+0000][10.064s][1668][1784][trace] GC(0) | 409|0x00000007ad000000, 0x00000007ad000000, 0x00000007ae000000|  0%| F|  |TAMS 0x00000007ad000000, 0x00000007ad000000| Untracked 
[2025-05-19T18:14:54.618+0000][10.064s][1668][1784][trace] GC(0) | 410|0x00000007ae000000, 0x00000007ae000000, 0x00000007af000000|  0%| F|  |TAMS 0x00000007ae000000, 0x00000007ae000000| Untracked 
[2025-05-19T18:14:54.618+0000][10.064s][1668][1784][trace] GC(0) | 411|0x00000007af000000, 0x00000007af000000, 0x00000007b0000000|  0%| F|  |TAMS 0x00000007af000000, 0x00000007af000000| Untracked 
[2025-05-19T18:14:54.618+0000][10.064s][1668][1784][trace] GC(0) | 412|0x00000007b0000000, 0x00000007b0000000, 0x00000007b1000000|  0%| F|  |TAMS 0x00000007b0000000, 0x00000007b0000000| Untracked 
[2025-05-19T18:14:54.618+0000][10.064s][1668][1784][trace] GC(0) | 413|0x00000007b1000000, 0x00000007b1000000, 0x00000007b2000000|  0%| F|  |TAMS 0x00000007b1000000, 0x00000007b1000000| Untracked 
[2025-05-19T18:14:54.618+0000][10.064s][1668][1784][trace] GC(0) | 414|0x00000007b2000000, 0x00000007b2000000, 0x00000007b3000000|  0%| F|  |TAMS 0x00000007b2000000, 0x00000007b2000000| Untracked 
[2025-05-19T18:14:54.618+0000][10.064s][1668][1784][trace] GC(0) | 415|0x00000007b3000000, 0x00000007b3000000, 0x00000007b4000000|  0%| F|  |TAMS 0x00000007b3000000, 0x00000007b3000000| Untracked 
[2025-05-19T18:14:54.618+0000][10.064s][1668][1784][trace] GC(0) | 416|0x00000007b4000000, 0x00000007b4000000, 0x00000007b5000000|  0%| F|  |TAMS 0x00000007b4000000, 0x00000007b4000000| Untracked 
[2025-05-19T18:14:54.618+0000][10.064s][1668][1784][trace] GC(0) | 417|0x00000007b5000000, 0x00000007b5000000, 0x00000007b6000000|  0%| F|  |TAMS 0x00000007b5000000, 0x00000007b5000000| Untracked 
[2025-05-19T18:14:54.618+0000][10.064s][1668][1784][trace] GC(0) | 418|0x00000007b6000000, 0x00000007b6000000, 0x00000007b7000000|  0%| F|  |TAMS 0x00000007b6000000, 0x00000007b6000000| Untracked 
[2025-05-19T18:14:54.618+0000][10.064s][1668][1784][trace] GC(0) | 419|0x00000007b7000000, 0x00000007b7000000, 0x00000007b8000000|  0%| F|  |TAMS 0x00000007b7000000, 0x00000007b7000000| Untracked 
[2025-05-19T18:14:54.618+0000][10.064s][1668][1784][trace] GC(0) | 420|0x00000007b8000000, 0x00000007b8000000, 0x00000007b9000000|  0%| F|  |TAMS 0x00000007b8000000, 0x00000007b8000000| Untracked 
[2025-05-19T18:14:54.618+0000][10.064s][1668][1784][trace] GC(0) | 421|0x00000007b9000000, 0x00000007b9000000, 0x00000007ba000000|  0%| F|  |TAMS 0x00000007b9000000, 0x00000007b9000000| Untracked 
[2025-05-19T18:14:54.618+0000][10.064s][1668][1784][trace] GC(0) | 422|0x00000007ba000000, 0x00000007ba000000, 0x00000007bb000000|  0%| F|  |TAMS 0x00000007ba000000, 0x00000007ba000000| Untracked 
[2025-05-19T18:14:54.618+0000][10.064s][1668][1784][trace] GC(0) | 423|0x00000007bb000000, 0x00000007bb000000, 0x00000007bc000000|  0%| F|  |TAMS 0x00000007bb000000, 0x00000007bb000000| Untracked 
[2025-05-19T18:14:54.618+0000][10.064s][1668][1784][trace] GC(0) | 424|0x00000007bc000000, 0x00000007bc000000, 0x00000007bd000000|  0%| F|  |TAMS 0x00000007bc000000, 0x00000007bc000000| Untracked 
[2025-05-19T18:14:54.618+0000][10.064s][1668][1784][trace] GC(0) | 425|0x00000007bd000000, 0x00000007bd000000, 0x00000007be000000|  0%| F|  |TAMS 0x00000007bd000000, 0x00000007bd000000| Untracked 
[2025-05-19T18:14:54.618+0000][10.064s][1668][1784][trace] GC(0) | 426|0x00000007be000000, 0x00000007bef48000, 0x00000007bf000000| 95%|OA|  |TAMS 0x00000007be000000, 0x00000007be000000| Untracked 
[2025-05-19T18:14:54.618+0000][10.064s][1668][1784][trace] GC(0) | 427|0x00000007bf000000, 0x00000007bf06c000, 0x00000007c0000000|  2%|CA|  |TAMS 0x00000007bf000000, 0x00000007bf000000| Untracked 
[2025-05-19T18:14:54.618+0000][10.064s][1668][1784][trace] GC(0) | 428|0x00000007c0000000, 0x00000007c0000000, 0x00000007c1000000|  0%| F|  |TAMS 0x00000007c0000000, 0x00000007c0000000| Untracked 
[2025-05-19T18:14:54.618+0000][10.064s][1668][1784][trace] GC(0) | 429|0x00000007c1000000, 0x00000007c1000000, 0x00000007c2000000|  0%| F|  |TAMS 0x00000007c1000000, 0x00000007c1000000| Untracked 
[2025-05-19T18:14:54.618+0000][10.064s][1668][1784][trace] GC(0) | 430|0x00000007c2000000, 0x00000007c2000000, 0x00000007c3000000|  0%| F|  |TAMS 0x00000007c2000000, 0x00000007c2000000| Untracked 
[2025-05-19T18:14:54.618+0000][10.064s][1668][1784][trace] GC(0) | 431|0x00000007c3000000, 0x00000007c3000000, 0x00000007c4000000|  0%| F|  |TAMS 0x00000007c3000000, 0x00000007c3000000| Untracked 
[2025-05-19T18:14:54.618+0000][10.064s][1668][1784][trace] GC(0) | 432|0x00000007c4000000, 0x00000007c4000000, 0x00000007c5000000|  0%| F|  |TAMS 0x00000007c4000000, 0x00000007c4000000| Untracked 
[2025-05-19T18:14:54.618+0000][10.064s][1668][1784][trace] GC(0) | 433|0x00000007c5000000, 0x00000007c5000000, 0x00000007c6000000|  0%| F|  |TAMS 0x00000007c5000000, 0x00000007c5000000| Untracked 
[2025-05-19T18:14:54.618+0000][10.064s][1668][1784][trace] GC(0) | 434|0x00000007c6000000, 0x00000007c6000000, 0x00000007c7000000|  0%| F|  |TAMS 0x00000007c6000000, 0x00000007c6000000| Untracked 
[2025-05-19T18:14:54.618+0000][10.064s][1668][1784][trace] GC(0) | 435|0x00000007c7000000, 0x00000007c7000000, 0x00000007c8000000|  0%| F|  |TAMS 0x00000007c7000000, 0x00000007c7000000| Untracked 
[2025-05-19T18:14:54.618+0000][10.064s][1668][1784][trace] GC(0) | 436|0x00000007c8000000, 0x00000007c8000000, 0x00000007c9000000|  0%| F|  |TAMS 0x00000007c8000000, 0x00000007c8000000| Untracked 
[2025-05-19T18:14:54.618+0000][10.064s][1668][1784][trace] GC(0) | 437|0x00000007c9000000, 0x00000007c9000000, 0x00000007ca000000|  0%| F|  |TAMS 0x00000007c9000000, 0x00000007c9000000| Untracked 
[2025-05-19T18:14:54.618+0000][10.064s][1668][1784][trace] GC(0) | 438|0x00000007ca000000, 0x00000007ca000000, 0x00000007cb000000|  0%| F|  |TAMS 0x00000007ca000000, 0x00000007ca000000| Untracked 
[2025-05-19T18:14:54.618+0000][10.064s][1668][1784][trace] GC(0) | 439|0x00000007cb000000, 0x00000007cb000000, 0x00000007cc000000|  0%| F|  |TAMS 0x00000007cb000000, 0x00000007cb000000| Untracked 
[2025-05-19T18:14:54.618+0000][10.064s][1668][1784][trace] GC(0) | 440|0x00000007cc000000, 0x00000007cc000000, 0x00000007cd000000|  0%| F|  |TAMS 0x00000007cc000000, 0x00000007cc000000| Untracked 
[2025-05-19T18:14:54.618+0000][10.064s][1668][1784][trace] GC(0) | 441|0x00000007cd000000, 0x00000007cd000000, 0x00000007ce000000|  0%| F|  |TAMS 0x00000007cd000000, 0x00000007cd000000| Untracked 
[2025-05-19T18:14:54.618+0000][10.064s][1668][1784][trace] GC(0) | 442|0x00000007ce000000, 0x00000007ce000000, 0x00000007cf000000|  0%| F|  |TAMS 0x00000007ce000000, 0x00000007ce000000| Untracked 
[2025-05-19T18:14:54.618+0000][10.064s][1668][1784][trace] GC(0) | 443|0x00000007cf000000, 0x00000007cf000000, 0x00000007d0000000|  0%| F|  |TAMS 0x00000007cf000000, 0x00000007cf000000| Untracked 
[2025-05-19T18:14:54.618+0000][10.064s][1668][1784][trace] GC(0) | 444|0x00000007d0000000, 0x00000007d0000000, 0x00000007d1000000|  0%| F|  |TAMS 0x00000007d0000000, 0x00000007d0000000| Untracked 
[2025-05-19T18:14:54.618+0000][10.064s][1668][1784][trace] GC(0) | 445|0x00000007d1000000, 0x00000007d1000000, 0x00000007d2000000|  0%| F|  |TAMS 0x00000007d1000000, 0x00000007d1000000| Untracked 
[2025-05-19T18:14:54.618+0000][10.064s][1668][1784][trace] GC(0) | 446|0x00000007d2000000, 0x00000007d2000000, 0x00000007d3000000|  0%| F|  |TAMS 0x00000007d2000000, 0x00000007d2000000| Untracked 
[2025-05-19T18:14:54.618+0000][10.064s][1668][1784][trace] GC(0) | 447|0x00000007d3000000, 0x00000007d3000000, 0x00000007d4000000|  0%| F|  |TAMS 0x00000007d3000000, 0x00000007d3000000| Untracked 
[2025-05-19T18:14:54.618+0000][10.064s][1668][1784][trace] GC(0) | 448|0x00000007d4000000, 0x00000007d4000000, 0x00000007d5000000|  0%| F|  |TAMS 0x00000007d4000000, 0x00000007d4000000| Untracked 
[2025-05-19T18:14:54.618+0000][10.064s][1668][1784][trace] GC(0) | 449|0x00000007d5000000, 0x00000007d5000000, 0x00000007d6000000|  0%| F|  |TAMS 0x00000007d5000000, 0x00000007d5000000| Untracked 
[2025-05-19T18:14:54.618+0000][10.064s][1668][1784][trace] GC(0) | 450|0x00000007d6000000, 0x00000007d6000000, 0x00000007d7000000|  0%| F|  |TAMS 0x00000007d6000000, 0x00000007d6000000| Untracked 
[2025-05-19T18:14:54.618+0000][10.064s][1668][1784][trace] GC(0) | 451|0x00000007d7000000, 0x00000007d7000000, 0x00000007d8000000|  0%| F|  |TAMS 0x00000007d7000000, 0x00000007d7000000| Untracked 
[2025-05-19T18:14:54.618+0000][10.064s][1668][1784][trace] GC(0) | 452|0x00000007d8000000, 0x00000007d8000000, 0x00000007d9000000|  0%| F|  |TAMS 0x00000007d8000000, 0x00000007d8000000| Untracked 
[2025-05-19T18:14:54.618+0000][10.064s][1668][1784][trace] GC(0) | 453|0x00000007d9000000, 0x00000007d9000000, 0x00000007da000000|  0%| F|  |TAMS 0x00000007d9000000, 0x00000007d9000000| Untracked 
[2025-05-19T18:14:54.618+0000][10.064s][1668][1784][trace] GC(0) | 454|0x00000007da000000, 0x00000007da000000, 0x00000007db000000|  0%| F|  |TAMS 0x00000007da000000, 0x00000007da000000| Untracked 
[2025-05-19T18:14:54.618+0000][10.064s][1668][1784][trace] GC(0) | 455|0x00000007db000000, 0x00000007db000000, 0x00000007dc000000|  0%| F|  |TAMS 0x00000007db000000, 0x00000007db000000| Untracked 
[2025-05-19T18:14:54.618+0000][10.064s][1668][1784][trace] GC(0) | 456|0x00000007dc000000, 0x00000007dc000000, 0x00000007dd000000|  0%| F|  |TAMS 0x00000007dc000000, 0x00000007dc000000| Untracked 
[2025-05-19T18:14:54.618+0000][10.064s][1668][1784][trace] GC(0) | 457|0x00000007dd000000, 0x00000007dd000000, 0x00000007de000000|  0%| F|  |TAMS 0x00000007dd000000, 0x00000007dd000000| Untracked 
[2025-05-19T18:14:54.618+0000][10.064s][1668][1784][trace] GC(0) | 458|0x00000007de000000, 0x00000007de000000, 0x00000007df000000|  0%| F|  |TAMS 0x00000007de000000, 0x00000007de000000| Untracked 
[2025-05-19T18:14:54.618+0000][10.064s][1668][1784][trace] GC(0) | 459|0x00000007df000000, 0x00000007df000000, 0x00000007e0000000|  0%| F|  |TAMS 0x00000007df000000, 0x00000007df000000| Untracked 
[2025-05-19T18:14:54.618+0000][10.064s][1668][1784][trace] GC(0) | 460|0x00000007e0000000, 0x00000007e0000000, 0x00000007e1000000|  0%| F|  |TAMS 0x00000007e0000000, 0x00000007e0000000| Untracked 
[2025-05-19T18:14:54.618+0000][10.064s][1668][1784][trace] GC(0) | 461|0x00000007e1000000, 0x00000007e1000000, 0x00000007e2000000|  0%| F|  |TAMS 0x00000007e1000000, 0x00000007e1000000| Untracked 
[2025-05-19T18:14:54.618+0000][10.064s][1668][1784][trace] GC(0) | 462|0x00000007e2000000, 0x00000007e2000000, 0x00000007e3000000|  0%| F|  |TAMS 0x00000007e2000000, 0x00000007e2000000| Untracked 
[2025-05-19T18:14:54.618+0000][10.064s][1668][1784][trace] GC(0) | 463|0x00000007e3000000, 0x00000007e3000000, 0x00000007e4000000|  0%| F|  |TAMS 0x00000007e3000000, 0x00000007e3000000| Untracked 
[2025-05-19T18:14:54.618+0000][10.064s][1668][1784][trace] GC(0) | 464|0x00000007e4000000, 0x00000007e4000000, 0x00000007e5000000|  0%| F|  |TAMS 0x00000007e4000000, 0x00000007e4000000| Untracked 
[2025-05-19T18:14:54.618+0000][10.064s][1668][1784][trace] GC(0) | 465|0x00000007e5000000, 0x00000007e5000000, 0x00000007e6000000|  0%| F|  |TAMS 0x00000007e5000000, 0x00000007e5000000| Untracked 
[2025-05-19T18:14:54.618+0000][10.064s][1668][1784][trace] GC(0) | 466|0x00000007e6000000, 0x00000007e6000000, 0x00000007e7000000|  0%| F|  |TAMS 0x00000007e6000000, 0x00000007e6000000| Untracked 
[2025-05-19T18:14:54.618+0000][10.064s][1668][1784][trace] GC(0) | 467|0x00000007e7000000, 0x00000007e7000000, 0x00000007e8000000|  0%| F|  |TAMS 0x00000007e7000000, 0x00000007e7000000| Untracked 
[2025-05-19T18:14:54.618+0000][10.064s][1668][1784][trace] GC(0) | 468|0x00000007e8000000, 0x00000007e8000000, 0x00000007e9000000|  0%| F|  |TAMS 0x00000007e8000000, 0x00000007e8000000| Untracked 
[2025-05-19T18:14:54.618+0000][10.064s][1668][1784][trace] GC(0) | 469|0x00000007e9000000, 0x00000007e9000000, 0x00000007ea000000|  0%| F|  |TAMS 0x00000007e9000000, 0x00000007e9000000| Untracked 
[2025-05-19T18:14:54.618+0000][10.064s][1668][1784][trace] GC(0) | 470|0x00000007ea000000, 0x00000007ea000000, 0x00000007eb000000|  0%| F|  |TAMS 0x00000007ea000000, 0x00000007ea000000| Untracked 
[2025-05-19T18:14:54.618+0000][10.064s][1668][1784][trace] GC(0) | 471|0x00000007eb000000, 0x00000007eb000000, 0x00000007ec000000|  0%| F|  |TAMS 0x00000007eb000000, 0x00000007eb000000| Untracked 
[2025-05-19T18:14:54.618+0000][10.064s][1668][1784][trace] GC(0) | 472|0x00000007ec000000, 0x00000007ec000000, 0x00000007ed000000|  0%| F|  |TAMS 0x00000007ec000000, 0x00000007ec000000| Untracked 
[2025-05-19T18:14:54.618+0000][10.064s][1668][1784][trace] GC(0) | 473|0x00000007ed000000, 0x00000007ed000000, 0x00000007ee000000|  0%| F|  |TAMS 0x00000007ed000000, 0x00000007ed000000| Untracked 
[2025-05-19T18:14:54.618+0000][10.064s][1668][1784][trace] GC(0) | 474|0x00000007ee000000, 0x00000007ee000000, 0x00000007ef000000|  0%| F|  |TAMS 0x00000007ee000000, 0x00000007ee000000| Untracked 
[2025-05-19T18:14:54.618+0000][10.064s][1668][1784][trace] GC(0) | 475|0x00000007ef000000, 0x00000007ef000000, 0x00000007f0000000|  0%| F|  |TAMS 0x00000007ef000000, 0x00000007ef000000| Untracked 
[2025-05-19T18:14:54.618+0000][10.065s][1668][1784][trace] GC(0) | 476|0x00000007f0000000, 0x00000007f0000000, 0x00000007f1000000|  0%| F|  |TAMS 0x00000007f0000000, 0x00000007f0000000| Untracked 
[2025-05-19T18:14:54.618+0000][10.065s][1668][1784][trace] GC(0) | 477|0x00000007f1000000, 0x00000007f1000000, 0x00000007f2000000|  0%| F|  |TAMS 0x00000007f1000000, 0x00000007f1000000| Untracked 
[2025-05-19T18:14:54.618+0000][10.065s][1668][1784][trace] GC(0) | 478|0x00000007f2000000, 0x00000007f2000000, 0x00000007f3000000|  0%| F|  |TAMS 0x00000007f2000000, 0x00000007f2000000| Untracked 
[2025-05-19T18:14:54.618+0000][10.065s][1668][1784][trace] GC(0) | 479|0x00000007f3000000, 0x00000007f3000000, 0x00000007f4000000|  0%| F|  |TAMS 0x00000007f3000000, 0x00000007f3000000| Untracked 
[2025-05-19T18:14:54.618+0000][10.065s][1668][1784][trace] GC(0) | 480|0x00000007f4000000, 0x00000007f4000000, 0x00000007f5000000|  0%| F|  |TAMS 0x00000007f4000000, 0x00000007f4000000| Untracked 
[2025-05-19T18:14:54.618+0000][10.065s][1668][1784][trace] GC(0) | 481|0x00000007f5000000, 0x00000007f5000000, 0x00000007f6000000|  0%| F|  |TAMS 0x00000007f5000000, 0x00000007f5000000| Untracked 
[2025-05-19T18:14:54.618+0000][10.065s][1668][1784][trace] GC(0) | 482|0x00000007f6000000, 0x00000007f6800800, 0x00000007f7000000| 50%| E|  |TAMS 0x00000007f6000000, 0x00000007f6000000| Complete 
[2025-05-19T18:14:54.618+0000][10.065s][1668][1784][trace] GC(0) | 483|0x00000007f7000000, 0x00000007f8000000, 0x00000007f8000000|100%| E|CS|TAMS 0x00000007f7000000, 0x00000007f7000000| Complete 
[2025-05-19T18:14:54.618+0000][10.065s][1668][1784][trace] GC(0) | 484|0x00000007f8000000, 0x00000007f9000000, 0x00000007f9000000|100%| E|CS|TAMS 0x00000007f8000000, 0x00000007f8000000| Complete 
[2025-05-19T18:14:54.618+0000][10.065s][1668][1784][trace] GC(0) | 485|0x00000007f9000000, 0x00000007fa000000, 0x00000007fa000000|100%| E|CS|TAMS 0x00000007f9000000, 0x00000007f9000000| Complete 
[2025-05-19T18:14:54.618+0000][10.065s][1668][1784][trace] GC(0) | 486|0x00000007fa000000, 0x00000007fb000000, 0x00000007fb000000|100%| E|CS|TAMS 0x00000007fa000000, 0x00000007fa000000| Complete 
[2025-05-19T18:14:54.618+0000][10.065s][1668][1784][trace] GC(0) | 487|0x00000007fb000000, 0x00000007fc000000, 0x00000007fc000000|100%| E|CS|TAMS 0x00000007fb000000, 0x00000007fb000000| Complete 
[2025-05-19T18:14:54.618+0000][10.065s][1668][1784][trace] GC(0) | 488|0x00000007fc000000, 0x00000007fd000000, 0x00000007fd000000|100%| E|CS|TAMS 0x00000007fc000000, 0x00000007fc000000| Complete 
[2025-05-19T18:14:54.618+0000][10.065s][1668][1784][trace] GC(0) | 489|0x00000007fd000000, 0x00000007fe000000, 0x00000007fe000000|100%| E|CS|TAMS 0x00000007fd000000, 0x00000007fd000000| Complete 
[2025-05-19T18:14:54.618+0000][10.065s][1668][1784][trace] GC(0) | 490|0x00000007fe000000, 0x00000007ff000000, 0x00000007ff000000|100%| E|CS|TAMS 0x00000007fe000000, 0x00000007fe000000| Complete 
[2025-05-19T18:14:54.618+0000][10.065s][1668][1784][trace] GC(0) | 491|0x00000007ff000000, 0x0000000800000000, 0x0000000800000000|100%| E|CS|TAMS 0x00000007ff000000, 0x00000007ff000000| Complete 
[2025-05-19T18:14:54.619+0000][10.065s][1668][1784][debug] GC(0) Desired survivor size 260046848 bytes, new threshold 2 (max threshold 2)
[2025-05-19T18:14:54.639+0000][10.086s][1668][1784][info ] GC(0) Eden regions: 10->0(245)
[2025-05-19T18:14:54.639+0000][10.086s][1668][1784][trace] GC(0)  Used: 0K, Waste: 0K
[2025-05-19T18:14:54.639+0000][10.086s][1668][1784][info ] GC(0) Survivor regions: 0->1(31)
[2025-05-19T18:14:54.639+0000][10.086s][1668][1784][trace] GC(0)  Used: 11675K, Waste: 4708K
[2025-05-19T18:14:54.639+0000][10.086s][1668][1784][info ] GC(0) Old regions: 2->2
[2025-05-19T18:14:54.639+0000][10.086s][1668][1784][trace] GC(0)  Used: 16080K, Waste: 16688K
[2025-05-19T18:14:54.639+0000][10.086s][1668][1784][info ] GC(0) Humongous regions: 0->0
[2025-05-19T18:14:54.639+0000][10.086s][1668][1784][trace] GC(0)  Used: 0K, Waste: 0K
[2025-05-19T18:14:54.639+0000][10.086s][1668][1784][debug] GC(0) Heap after GC invocations=1 (full 0): garbage-first heap   total 8060928K, used 27755K [0x0000000614000000, 0x0000000800000000)
[2025-05-19T18:14:54.639+0000][10.086s][1668][1784][debug] GC(0)   region size 16384K, 1 young (16384K), 1 survivors (16384K)
[2025-05-19T18:14:54.639+0000][10.086s][1668][1784][debug] GC(0)  Metaspace       used 20289K, capacity 21134K, committed 21248K, reserved 1067008K
[2025-05-19T18:14:54.639+0000][10.086s][1668][1784][debug] GC(0)   class space    used 2394K, capacity 2765K, committed 2816K, reserved 1048576K
[2025-05-19T18:14:54.639+0000][10.086s][1668][1784][trace] GC(0) Heap Regions: E=young(eden), S=young(survivor), O=old, HS=humongous(starts), HC=humongous(continues), CS=collection set, F=free, A=archive, TAMS=top-at-mark-start (previous, next)
[2025-05-19T18:14:54.639+0000][10.086s][1668][1784][trace] GC(0) |   0|0x0000000614000000, 0x0000000614000000, 0x0000000615000000|  0%| F|  |TAMS 0x0000000614000000, 0x0000000614000000| Untracked 
[2025-05-19T18:14:54.639+0000][10.086s][1668][1784][trace] GC(0) |   1|0x0000000615000000, 0x0000000615000000, 0x0000000616000000|  0%| F|  |TAMS 0x0000000615000000, 0x0000000615000000| Untracked 
[2025-05-19T18:14:54.639+0000][10.086s][1668][1784][trace] GC(0) |   2|0x0000000616000000, 0x0000000616000000, 0x0000000617000000|  0%| F|  |TAMS 0x0000000616000000, 0x0000000616000000| Untracked 
[2025-05-19T18:14:54.639+0000][10.086s][1668][1784][trace] GC(0) |   3|0x0000000617000000, 0x0000000617000000, 0x0000000618000000|  0%| F|  |TAMS 0x0000000617000000, 0x0000000617000000| Untracked 
[2025-05-19T18:14:54.639+0000][10.086s][1668][1784][trace] GC(0) |   4|0x0000000618000000, 0x0000000618000000, 0x0000000619000000|  0%| F|  |TAMS 0x0000000618000000, 0x0000000618000000| Untracked 
[2025-05-19T18:14:54.639+0000][10.086s][1668][1784][trace] GC(0) |   5|0x0000000619000000, 0x0000000619000000, 0x000000061a000000|  0%| F|  |TAMS 0x0000000619000000, 0x0000000619000000| Untracked 
[2025-05-19T18:14:54.639+0000][10.086s][1668][1784][trace] GC(0) |   6|0x000000061a000000, 0x000000061a000000, 0x000000061b000000|  0%| F|  |TAMS 0x000000061a000000, 0x000000061a000000| Untracked 
[2025-05-19T18:14:54.639+0000][10.086s][1668][1784][trace] GC(0) |   7|0x000000061b000000, 0x000000061b000000, 0x000000061c000000|  0%| F|  |TAMS 0x000000061b000000, 0x000000061b000000| Untracked 
[2025-05-19T18:14:54.639+0000][10.086s][1668][1784][trace] GC(0) |   8|0x000000061c000000, 0x000000061c000000, 0x000000061d000000|  0%| F|  |TAMS 0x000000061c000000, 0x000000061c000000| Untracked 
[2025-05-19T18:14:54.639+0000][10.086s][1668][1784][trace] GC(0) |   9|0x000000061d000000, 0x000000061d000000, 0x000000061e000000|  0%| F|  |TAMS 0x000000061d000000, 0x000000061d000000| Untracked 
[2025-05-19T18:14:54.639+0000][10.086s][1668][1784][trace] GC(0) |  10|0x000000061e000000, 0x000000061e000000, 0x000000061f000000|  0%| F|  |TAMS 0x000000061e000000, 0x000000061e000000| Untracked 
[2025-05-19T18:14:54.639+0000][10.086s][1668][1784][trace] GC(0) |  11|0x000000061f000000, 0x000000061f000000, 0x0000000620000000|  0%| F|  |TAMS 0x000000061f000000, 0x000000061f000000| Untracked 
[2025-05-19T18:14:54.639+0000][10.086s][1668][1784][trace] GC(0) |  12|0x0000000620000000, 0x0000000620000000, 0x0000000621000000|  0%| F|  |TAMS 0x0000000620000000, 0x0000000620000000| Untracked 
[2025-05-19T18:14:54.639+0000][10.086s][1668][1784][trace] GC(0) |  13|0x0000000621000000, 0x0000000621000000, 0x0000000622000000|  0%| F|  |TAMS 0x0000000621000000, 0x0000000621000000| Untracked 
[2025-05-19T18:14:54.639+0000][10.086s][1668][1784][trace] GC(0) |  14|0x0000000622000000, 0x0000000622000000, 0x0000000623000000|  0%| F|  |TAMS 0x0000000622000000, 0x0000000622000000| Untracked 
[2025-05-19T18:14:54.639+0000][10.086s][1668][1784][trace] GC(0) |  15|0x0000000623000000, 0x0000000623000000, 0x0000000624000000|  0%| F|  |TAMS 0x0000000623000000, 0x0000000623000000| Untracked 
[2025-05-19T18:14:54.639+0000][10.086s][1668][1784][trace] GC(0) |  16|0x0000000624000000, 0x0000000624000000, 0x0000000625000000|  0%| F|  |TAMS 0x0000000624000000, 0x0000000624000000| Untracked 
[2025-05-19T18:14:54.639+0000][10.086s][1668][1784][trace] GC(0) |  17|0x0000000625000000, 0x0000000625000000, 0x0000000626000000|  0%| F|  |TAMS 0x0000000625000000, 0x0000000625000000| Untracked 
[2025-05-19T18:14:54.639+0000][10.086s][1668][1784][trace] GC(0) |  18|0x0000000626000000, 0x0000000626000000, 0x0000000627000000|  0%| F|  |TAMS 0x0000000626000000, 0x0000000626000000| Untracked 
[2025-05-19T18:14:54.639+0000][10.086s][1668][1784][trace] GC(0) |  19|0x0000000627000000, 0x0000000627000000, 0x0000000628000000|  0%| F|  |TAMS 0x0000000627000000, 0x0000000627000000| Untracked 
[2025-05-19T18:14:54.639+0000][10.086s][1668][1784][trace] GC(0) |  20|0x0000000628000000, 0x0000000628000000, 0x0000000629000000|  0%| F|  |TAMS 0x0000000628000000, 0x0000000628000000| Untracked 
[2025-05-19T18:14:54.639+0000][10.086s][1668][1784][trace] GC(0) |  21|0x0000000629000000, 0x0000000629000000, 0x000000062a000000|  0%| F|  |TAMS 0x0000000629000000, 0x0000000629000000| Untracked 
[2025-05-19T18:14:54.639+0000][10.086s][1668][1784][trace] GC(0) |  22|0x000000062a000000, 0x000000062a000000, 0x000000062b000000|  0%| F|  |TAMS 0x000000062a000000, 0x000000062a000000| Untracked 
[2025-05-19T18:14:54.639+0000][10.086s][1668][1784][trace] GC(0) |  23|0x000000062b000000, 0x000000062b000000, 0x000000062c000000|  0%| F|  |TAMS 0x000000062b000000, 0x000000062b000000| Untracked 
[2025-05-19T18:14:54.639+0000][10.086s][1668][1784][trace] GC(0) |  24|0x000000062c000000, 0x000000062c000000, 0x000000062d000000|  0%| F|  |TAMS 0x000000062c000000, 0x000000062c000000| Untracked 
[2025-05-19T18:14:54.639+0000][10.086s][1668][1784][trace] GC(0) |  25|0x000000062d000000, 0x000000062d000000, 0x000000062e000000|  0%| F|  |TAMS 0x000000062d000000, 0x000000062d000000| Untracked 
[2025-05-19T18:14:54.639+0000][10.086s][1668][1784][trace] GC(0) |  26|0x000000062e000000, 0x000000062e000000, 0x000000062f000000|  0%| F|  |TAMS 0x000000062e000000, 0x000000062e000000| Untracked 
[2025-05-19T18:14:54.639+0000][10.086s][1668][1784][trace] GC(0) |  27|0x000000062f000000, 0x000000062f000000, 0x0000000630000000|  0%| F|  |TAMS 0x000000062f000000, 0x000000062f000000| Untracked 
[2025-05-19T18:14:54.640+0000][10.086s][1668][1784][trace] GC(0) |  28|0x0000000630000000, 0x0000000630000000, 0x0000000631000000|  0%| F|  |TAMS 0x0000000630000000, 0x0000000630000000| Untracked 
[2025-05-19T18:14:54.640+0000][10.086s][1668][1784][trace] GC(0) |  29|0x0000000631000000, 0x0000000631000000, 0x0000000632000000|  0%| F|  |TAMS 0x0000000631000000, 0x0000000631000000| Untracked 
[2025-05-19T18:14:54.640+0000][10.086s][1668][1784][trace] GC(0) |  30|0x0000000632000000, 0x0000000632000000, 0x0000000633000000|  0%| F|  |TAMS 0x0000000632000000, 0x0000000632000000| Untracked 
[2025-05-19T18:14:54.640+0000][10.086s][1668][1784][trace] GC(0) |  31|0x0000000633000000, 0x0000000633000000, 0x0000000634000000|  0%| F|  |TAMS 0x0000000633000000, 0x0000000633000000| Untracked 
[2025-05-19T18:14:54.640+0000][10.086s][1668][1784][trace] GC(0) |  32|0x0000000634000000, 0x0000000634000000, 0x0000000635000000|  0%| F|  |TAMS 0x0000000634000000, 0x0000000634000000| Untracked 
[2025-05-19T18:14:54.640+0000][10.086s][1668][1784][trace] GC(0) |  33|0x0000000635000000, 0x0000000635000000, 0x0000000636000000|  0%| F|  |TAMS 0x0000000635000000, 0x0000000635000000| Untracked 
[2025-05-19T18:14:54.640+0000][10.086s][1668][1784][trace] GC(0) |  34|0x0000000636000000, 0x0000000636000000, 0x0000000637000000|  0%| F|  |TAMS 0x0000000636000000, 0x0000000636000000| Untracked 
[2025-05-19T18:14:54.640+0000][10.086s][1668][1784][trace] GC(0) |  35|0x0000000637000000, 0x0000000637000000, 0x0000000638000000|  0%| F|  |TAMS 0x0000000637000000, 0x0000000637000000| Untracked 
[2025-05-19T18:14:54.640+0000][10.086s][1668][1784][trace] GC(0) |  36|0x0000000638000000, 0x0000000638000000, 0x0000000639000000|  0%| F|  |TAMS 0x0000000638000000, 0x0000000638000000| Untracked 
[2025-05-19T18:14:54.640+0000][10.086s][1668][1784][trace] GC(0) |  37|0x0000000639000000, 0x0000000639000000, 0x000000063a000000|  0%| F|  |TAMS 0x0000000639000000, 0x0000000639000000| Untracked 
[2025-05-19T18:14:54.640+0000][10.086s][1668][1784][trace] GC(0) |  38|0x000000063a000000, 0x000000063a000000, 0x000000063b000000|  0%| F|  |TAMS 0x000000063a000000, 0x000000063a000000| Untracked 
[2025-05-19T18:14:54.640+0000][10.086s][1668][1784][trace] GC(0) |  39|0x000000063b000000, 0x000000063b000000, 0x000000063c000000|  0%| F|  |TAMS 0x000000063b000000, 0x000000063b000000| Untracked 
[2025-05-19T18:14:54.640+0000][10.086s][1668][1784][trace] GC(0) |  40|0x000000063c000000, 0x000000063c000000, 0x000000063d000000|  0%| F|  |TAMS 0x000000063c000000, 0x000000063c000000| Untracked 
[2025-05-19T18:14:54.640+0000][10.086s][1668][1784][trace] GC(0) |  41|0x000000063d000000, 0x000000063d000000, 0x000000063e000000|  0%| F|  |TAMS 0x000000063d000000, 0x000000063d000000| Untracked 
[2025-05-19T18:14:54.640+0000][10.086s][1668][1784][trace] GC(0) |  42|0x000000063e000000, 0x000000063e000000, 0x000000063f000000|  0%| F|  |TAMS 0x000000063e000000, 0x000000063e000000| Untracked 
[2025-05-19T18:14:54.640+0000][10.086s][1668][1784][trace] GC(0) |  43|0x000000063f000000, 0x000000063f000000, 0x0000000640000000|  0%| F|  |TAMS 0x000000063f000000, 0x000000063f000000| Untracked 
[2025-05-19T18:14:54.640+0000][10.086s][1668][1784][trace] GC(0) |  44|0x0000000640000000, 0x0000000640000000, 0x0000000641000000|  0%| F|  |TAMS 0x0000000640000000, 0x0000000640000000| Untracked 
[2025-05-19T18:14:54.640+0000][10.086s][1668][1784][trace] GC(0) |  45|0x0000000641000000, 0x0000000641000000, 0x0000000642000000|  0%| F|  |TAMS 0x0000000641000000, 0x0000000641000000| Untracked 
[2025-05-19T18:14:54.640+0000][10.086s][1668][1784][trace] GC(0) |  46|0x0000000642000000, 0x0000000642000000, 0x0000000643000000|  0%| F|  |TAMS 0x0000000642000000, 0x0000000642000000| Untracked 
[2025-05-19T18:14:54.640+0000][10.086s][1668][1784][trace] GC(0) |  47|0x0000000643000000, 0x0000000643000000, 0x0000000644000000|  0%| F|  |TAMS 0x0000000643000000, 0x0000000643000000| Untracked 
[2025-05-19T18:14:54.640+0000][10.086s][1668][1784][trace] GC(0) |  48|0x0000000644000000, 0x0000000644000000, 0x0000000645000000|  0%| F|  |TAMS 0x0000000644000000, 0x0000000644000000| Untracked 
[2025-05-19T18:14:54.640+0000][10.086s][1668][1784][trace] GC(0) |  49|0x0000000645000000, 0x0000000645000000, 0x0000000646000000|  0%| F|  |TAMS 0x0000000645000000, 0x0000000645000000| Untracked 
[2025-05-19T18:14:54.640+0000][10.086s][1668][1784][trace] GC(0) |  50|0x0000000646000000, 0x0000000646000000, 0x0000000647000000|  0%| F|  |TAMS 0x0000000646000000, 0x0000000646000000| Untracked 
[2025-05-19T18:14:54.640+0000][10.086s][1668][1784][trace] GC(0) |  51|0x0000000647000000, 0x0000000647000000, 0x0000000648000000|  0%| F|  |TAMS 0x0000000647000000, 0x0000000647000000| Untracked 
[2025-05-19T18:14:54.640+0000][10.086s][1668][1784][trace] GC(0) |  52|0x0000000648000000, 0x0000000648000000, 0x0000000649000000|  0%| F|  |TAMS 0x0000000648000000, 0x0000000648000000| Untracked 
[2025-05-19T18:14:54.640+0000][10.086s][1668][1784][trace] GC(0) |  53|0x0000000649000000, 0x0000000649000000, 0x000000064a000000|  0%| F|  |TAMS 0x0000000649000000, 0x0000000649000000| Untracked 
[2025-05-19T18:14:54.640+0000][10.086s][1668][1784][trace] GC(0) |  54|0x000000064a000000, 0x000000064a000000, 0x000000064b000000|  0%| F|  |TAMS 0x000000064a000000, 0x000000064a000000| Untracked 
[2025-05-19T18:14:54.640+0000][10.086s][1668][1784][trace] GC(0) |  55|0x000000064b000000, 0x000000064b000000, 0x000000064c000000|  0%| F|  |TAMS 0x000000064b000000, 0x000000064b000000| Untracked 
[2025-05-19T18:14:54.640+0000][10.086s][1668][1784][trace] GC(0) |  56|0x000000064c000000, 0x000000064c000000, 0x000000064d000000|  0%| F|  |TAMS 0x000000064c000000, 0x000000064c000000| Untracked 
[2025-05-19T18:14:54.640+0000][10.086s][1668][1784][trace] GC(0) |  57|0x000000064d000000, 0x000000064d000000, 0x000000064e000000|  0%| F|  |TAMS 0x000000064d000000, 0x000000064d000000| Untracked 
[2025-05-19T18:14:54.640+0000][10.086s][1668][1784][trace] GC(0) |  58|0x000000064e000000, 0x000000064e000000, 0x000000064f000000|  0%| F|  |TAMS 0x000000064e000000, 0x000000064e000000| Untracked 
[2025-05-19T18:14:54.640+0000][10.086s][1668][1784][trace] GC(0) |  59|0x000000064f000000, 0x000000064f000000, 0x0000000650000000|  0%| F|  |TAMS 0x000000064f000000, 0x000000064f000000| Untracked 
[2025-05-19T18:14:54.640+0000][10.086s][1668][1784][trace] GC(0) |  60|0x0000000650000000, 0x0000000650000000, 0x0000000651000000|  0%| F|  |TAMS 0x0000000650000000, 0x0000000650000000| Untracked 
[2025-05-19T18:14:54.640+0000][10.086s][1668][1784][trace] GC(0) |  61|0x0000000651000000, 0x0000000651000000, 0x0000000652000000|  0%| F|  |TAMS 0x0000000651000000, 0x0000000651000000| Untracked 
[2025-05-19T18:14:54.640+0000][10.086s][1668][1784][trace] GC(0) |  62|0x0000000652000000, 0x0000000652000000, 0x0000000653000000|  0%| F|  |TAMS 0x0000000652000000, 0x0000000652000000| Untracked 
[2025-05-19T18:14:54.640+0000][10.086s][1668][1784][trace] GC(0) |  63|0x0000000653000000, 0x0000000653000000, 0x0000000654000000|  0%| F|  |TAMS 0x0000000653000000, 0x0000000653000000| Untracked 
[2025-05-19T18:14:54.640+0000][10.086s][1668][1784][trace] GC(0) |  64|0x0000000654000000, 0x0000000654000000, 0x0000000655000000|  0%| F|  |TAMS 0x0000000654000000, 0x0000000654000000| Untracked 
[2025-05-19T18:14:54.640+0000][10.086s][1668][1784][trace] GC(0) |  65|0x0000000655000000, 0x0000000655000000, 0x0000000656000000|  0%| F|  |TAMS 0x0000000655000000, 0x0000000655000000| Untracked 
[2025-05-19T18:14:54.640+0000][10.086s][1668][1784][trace] GC(0) |  66|0x0000000656000000, 0x0000000656000000, 0x0000000657000000|  0%| F|  |TAMS 0x0000000656000000, 0x0000000656000000| Untracked 
[2025-05-19T18:14:54.640+0000][10.086s][1668][1784][trace] GC(0) |  67|0x0000000657000000, 0x0000000657000000, 0x0000000658000000|  0%| F|  |TAMS 0x0000000657000000, 0x0000000657000000| Untracked 
[2025-05-19T18:14:54.640+0000][10.086s][1668][1784][trace] GC(0) |  68|0x0000000658000000, 0x0000000658000000, 0x0000000659000000|  0%| F|  |TAMS 0x0000000658000000, 0x0000000658000000| Untracked 
[2025-05-19T18:14:54.640+0000][10.086s][1668][1784][trace] GC(0) |  69|0x0000000659000000, 0x0000000659000000, 0x000000065a000000|  0%| F|  |TAMS 0x0000000659000000, 0x0000000659000000| Untracked 
[2025-05-19T18:14:54.640+0000][10.086s][1668][1784][trace] GC(0) |  70|0x000000065a000000, 0x000000065a000000, 0x000000065b000000|  0%| F|  |TAMS 0x000000065a000000, 0x000000065a000000| Untracked 
[2025-05-19T18:14:54.640+0000][10.086s][1668][1784][trace] GC(0) |  71|0x000000065b000000, 0x000000065b000000, 0x000000065c000000|  0%| F|  |TAMS 0x000000065b000000, 0x000000065b000000| Untracked 
[2025-05-19T18:14:54.640+0000][10.086s][1668][1784][trace] GC(0) |  72|0x000000065c000000, 0x000000065c000000, 0x000000065d000000|  0%| F|  |TAMS 0x000000065c000000, 0x000000065c000000| Untracked 
[2025-05-19T18:14:54.640+0000][10.086s][1668][1784][trace] GC(0) |  73|0x000000065d000000, 0x000000065d000000, 0x000000065e000000|  0%| F|  |TAMS 0x000000065d000000, 0x000000065d000000| Untracked 
[2025-05-19T18:14:54.640+0000][10.086s][1668][1784][trace] GC(0) |  74|0x000000065e000000, 0x000000065e000000, 0x000000065f000000|  0%| F|  |TAMS 0x000000065e000000, 0x000000065e000000| Untracked 
[2025-05-19T18:14:54.640+0000][10.086s][1668][1784][trace] GC(0) |  75|0x000000065f000000, 0x000000065f000000, 0x0000000660000000|  0%| F|  |TAMS 0x000000065f000000, 0x000000065f000000| Untracked 
[2025-05-19T18:14:54.640+0000][10.086s][1668][1784][trace] GC(0) |  76|0x0000000660000000, 0x0000000660000000, 0x0000000661000000|  0%| F|  |TAMS 0x0000000660000000, 0x0000000660000000| Untracked 
[2025-05-19T18:14:54.640+0000][10.086s][1668][1784][trace] GC(0) |  77|0x0000000661000000, 0x0000000661000000, 0x0000000662000000|  0%| F|  |TAMS 0x0000000661000000, 0x0000000661000000| Untracked 
[2025-05-19T18:14:54.640+0000][10.086s][1668][1784][trace] GC(0) |  78|0x0000000662000000, 0x0000000662000000, 0x0000000663000000|  0%| F|  |TAMS 0x0000000662000000, 0x0000000662000000| Untracked 
[2025-05-19T18:14:54.640+0000][10.086s][1668][1784][trace] GC(0) |  79|0x0000000663000000, 0x0000000663000000, 0x0000000664000000|  0%| F|  |TAMS 0x0000000663000000, 0x0000000663000000| Untracked 
[2025-05-19T18:14:54.640+0000][10.086s][1668][1784][trace] GC(0) |  80|0x0000000664000000, 0x0000000664000000, 0x0000000665000000|  0%| F|  |TAMS 0x0000000664000000, 0x0000000664000000| Untracked 
[2025-05-19T18:14:54.640+0000][10.086s][1668][1784][trace] GC(0) |  81|0x0000000665000000, 0x0000000665000000, 0x0000000666000000|  0%| F|  |TAMS 0x0000000665000000, 0x0000000665000000| Untracked 
[2025-05-19T18:14:54.640+0000][10.086s][1668][1784][trace] GC(0) |  82|0x0000000666000000, 0x0000000666000000, 0x0000000667000000|  0%| F|  |TAMS 0x0000000666000000, 0x0000000666000000| Untracked 
[2025-05-19T18:14:54.640+0000][10.086s][1668][1784][trace] GC(0) |  83|0x0000000667000000, 0x0000000667000000, 0x0000000668000000|  0%| F|  |TAMS 0x0000000667000000, 0x0000000667000000| Untracked 
[2025-05-19T18:14:54.640+0000][10.086s][1668][1784][trace] GC(0) |  84|0x0000000668000000, 0x0000000668000000, 0x0000000669000000|  0%| F|  |TAMS 0x0000000668000000, 0x0000000668000000| Untracked 
[2025-05-19T18:14:54.640+0000][10.086s][1668][1784][trace] GC(0) |  85|0x0000000669000000, 0x0000000669000000, 0x000000066a000000|  0%| F|  |TAMS 0x0000000669000000, 0x0000000669000000| Untracked 
[2025-05-19T18:14:54.640+0000][10.086s][1668][1784][trace] GC(0) |  86|0x000000066a000000, 0x000000066a000000, 0x000000066b000000|  0%| F|  |TAMS 0x000000066a000000, 0x000000066a000000| Untracked 
[2025-05-19T18:14:54.640+0000][10.086s][1668][1784][trace] GC(0) |  87|0x000000066b000000, 0x000000066b000000, 0x000000066c000000|  0%| F|  |TAMS 0x000000066b000000, 0x000000066b000000| Untracked 
[2025-05-19T18:14:54.640+0000][10.086s][1668][1784][trace] GC(0) |  88|0x000000066c000000, 0x000000066c000000, 0x000000066d000000|  0%| F|  |TAMS 0x000000066c000000, 0x000000066c000000| Untracked 
[2025-05-19T18:14:54.640+0000][10.086s][1668][1784][trace] GC(0) |  89|0x000000066d000000, 0x000000066d000000, 0x000000066e000000|  0%| F|  |TAMS 0x000000066d000000, 0x000000066d000000| Untracked 
[2025-05-19T18:14:54.640+0000][10.086s][1668][1784][trace] GC(0) |  90|0x000000066e000000, 0x000000066e000000, 0x000000066f000000|  0%| F|  |TAMS 0x000000066e000000, 0x000000066e000000| Untracked 
[2025-05-19T18:14:54.640+0000][10.086s][1668][1784][trace] GC(0) |  91|0x000000066f000000, 0x000000066f000000, 0x0000000670000000|  0%| F|  |TAMS 0x000000066f000000, 0x000000066f000000| Untracked 
[2025-05-19T18:14:54.640+0000][10.086s][1668][1784][trace] GC(0) |  92|0x0000000670000000, 0x0000000670000000, 0x0000000671000000|  0%| F|  |TAMS 0x0000000670000000, 0x0000000670000000| Untracked 
[2025-05-19T18:14:54.640+0000][10.086s][1668][1784][trace] GC(0) |  93|0x0000000671000000, 0x0000000671000000, 0x0000000672000000|  0%| F|  |TAMS 0x0000000671000000, 0x0000000671000000| Untracked 
[2025-05-19T18:14:54.640+0000][10.086s][1668][1784][trace] GC(0) |  94|0x0000000672000000, 0x0000000672000000, 0x0000000673000000|  0%| F|  |TAMS 0x0000000672000000, 0x0000000672000000| Untracked 
[2025-05-19T18:14:54.640+0000][10.086s][1668][1784][trace] GC(0) |  95|0x0000000673000000, 0x0000000673000000, 0x0000000674000000|  0%| F|  |TAMS 0x0000000673000000, 0x0000000673000000| Untracked 
[2025-05-19T18:14:54.640+0000][10.086s][1668][1784][trace] GC(0) |  96|0x0000000674000000, 0x0000000674000000, 0x0000000675000000|  0%| F|  |TAMS 0x0000000674000000, 0x0000000674000000| Untracked 
[2025-05-19T18:14:54.640+0000][10.086s][1668][1784][trace] GC(0) |  97|0x0000000675000000, 0x0000000675000000, 0x0000000676000000|  0%| F|  |TAMS 0x0000000675000000, 0x0000000675000000| Untracked 
[2025-05-19T18:14:54.640+0000][10.086s][1668][1784][trace] GC(0) |  98|0x0000000676000000, 0x0000000676000000, 0x0000000677000000|  0%| F|  |TAMS 0x0000000676000000, 0x0000000676000000| Untracked 
[2025-05-19T18:14:54.640+0000][10.086s][1668][1784][trace] GC(0) |  99|0x0000000677000000, 0x0000000677000000, 0x0000000678000000|  0%| F|  |TAMS 0x0000000677000000, 0x0000000677000000| Untracked 
[2025-05-19T18:14:54.640+0000][10.086s][1668][1784][trace] GC(0) | 100|0x0000000678000000, 0x0000000678000000, 0x0000000679000000|  0%| F|  |TAMS 0x0000000678000000, 0x0000000678000000| Untracked 
[2025-05-19T18:14:54.640+0000][10.086s][1668][1784][trace] GC(0) | 101|0x0000000679000000, 0x0000000679000000, 0x000000067a000000|  0%| F|  |TAMS 0x0000000679000000, 0x0000000679000000| Untracked 
[2025-05-19T18:14:54.640+0000][10.086s][1668][1784][trace] GC(0) | 102|0x000000067a000000, 0x000000067a000000, 0x000000067b000000|  0%| F|  |TAMS 0x000000067a000000, 0x000000067a000000| Untracked 
[2025-05-19T18:14:54.640+0000][10.086s][1668][1784][trace] GC(0) | 103|0x000000067b000000, 0x000000067b000000, 0x000000067c000000|  0%| F|  |TAMS 0x000000067b000000, 0x000000067b000000| Untracked 
[2025-05-19T18:14:54.640+0000][10.086s][1668][1784][trace] GC(0) | 104|0x000000067c000000, 0x000000067c000000, 0x000000067d000000|  0%| F|  |TAMS 0x000000067c000000, 0x000000067c000000| Untracked 
[2025-05-19T18:14:54.640+0000][10.086s][1668][1784][trace] GC(0) | 105|0x000000067d000000, 0x000000067d000000, 0x000000067e000000|  0%| F|  |TAMS 0x000000067d000000, 0x000000067d000000| Untracked 
[2025-05-19T18:14:54.640+0000][10.086s][1668][1784][trace] GC(0) | 106|0x000000067e000000, 0x000000067e000000, 0x000000067f000000|  0%| F|  |TAMS 0x000000067e000000, 0x000000067e000000| Untracked 
[2025-05-19T18:14:54.640+0000][10.086s][1668][1784][trace] GC(0) | 107|0x000000067f000000, 0x000000067f000000, 0x0000000680000000|  0%| F|  |TAMS 0x000000067f000000, 0x000000067f000000| Untracked 
[2025-05-19T18:14:54.640+0000][10.086s][1668][1784][trace] GC(0) | 108|0x0000000680000000, 0x0000000680000000, 0x0000000681000000|  0%| F|  |TAMS 0x0000000680000000, 0x0000000680000000| Untracked 
[2025-05-19T18:14:54.640+0000][10.086s][1668][1784][trace] GC(0) | 109|0x0000000681000000, 0x0000000681000000, 0x0000000682000000|  0%| F|  |TAMS 0x0000000681000000, 0x0000000681000000| Untracked 
[2025-05-19T18:14:54.640+0000][10.086s][1668][1784][trace] GC(0) | 110|0x0000000682000000, 0x0000000682000000, 0x0000000683000000|  0%| F|  |TAMS 0x0000000682000000, 0x0000000682000000| Untracked 
[2025-05-19T18:14:54.640+0000][10.086s][1668][1784][trace] GC(0) | 111|0x0000000683000000, 0x0000000683000000, 0x0000000684000000|  0%| F|  |TAMS 0x0000000683000000, 0x0000000683000000| Untracked 
[2025-05-19T18:14:54.640+0000][10.086s][1668][1784][trace] GC(0) | 112|0x0000000684000000, 0x0000000684000000, 0x0000000685000000|  0%| F|  |TAMS 0x0000000684000000, 0x0000000684000000| Untracked 
[2025-05-19T18:14:54.640+0000][10.086s][1668][1784][trace] GC(0) | 113|0x0000000685000000, 0x0000000685000000, 0x0000000686000000|  0%| F|  |TAMS 0x0000000685000000, 0x0000000685000000| Untracked 
[2025-05-19T18:14:54.640+0000][10.086s][1668][1784][trace] GC(0) | 114|0x0000000686000000, 0x0000000686000000, 0x0000000687000000|  0%| F|  |TAMS 0x0000000686000000, 0x0000000686000000| Untracked 
[2025-05-19T18:14:54.640+0000][10.086s][1668][1784][trace] GC(0) | 115|0x0000000687000000, 0x0000000687000000, 0x0000000688000000|  0%| F|  |TAMS 0x0000000687000000, 0x0000000687000000| Untracked 
[2025-05-19T18:14:54.640+0000][10.086s][1668][1784][trace] GC(0) | 116|0x0000000688000000, 0x0000000688000000, 0x0000000689000000|  0%| F|  |TAMS 0x0000000688000000, 0x0000000688000000| Untracked 
[2025-05-19T18:14:54.640+0000][10.086s][1668][1784][trace] GC(0) | 117|0x0000000689000000, 0x0000000689000000, 0x000000068a000000|  0%| F|  |TAMS 0x0000000689000000, 0x0000000689000000| Untracked 
[2025-05-19T18:14:54.640+0000][10.086s][1668][1784][trace] GC(0) | 118|0x000000068a000000, 0x000000068a000000, 0x000000068b000000|  0%| F|  |TAMS 0x000000068a000000, 0x000000068a000000| Untracked 
[2025-05-19T18:14:54.640+0000][10.086s][1668][1784][trace] GC(0) | 119|0x000000068b000000, 0x000000068b000000, 0x000000068c000000|  0%| F|  |TAMS 0x000000068b000000, 0x000000068b000000| Untracked 
[2025-05-19T18:14:54.640+0000][10.086s][1668][1784][trace] GC(0) | 120|0x000000068c000000, 0x000000068c000000, 0x000000068d000000|  0%| F|  |TAMS 0x000000068c000000, 0x000000068c000000| Untracked 
[2025-05-19T18:14:54.640+0000][10.086s][1668][1784][trace] GC(0) | 121|0x000000068d000000, 0x000000068d000000, 0x000000068e000000|  0%| F|  |TAMS 0x000000068d000000, 0x000000068d000000| Untracked 
[2025-05-19T18:14:54.640+0000][10.086s][1668][1784][trace] GC(0) | 122|0x000000068e000000, 0x000000068e000000, 0x000000068f000000|  0%| F|  |TAMS 0x000000068e000000, 0x000000068e000000| Untracked 
[2025-05-19T18:14:54.640+0000][10.086s][1668][1784][trace] GC(0) | 123|0x000000068f000000, 0x000000068f000000, 0x0000000690000000|  0%| F|  |TAMS 0x000000068f000000, 0x000000068f000000| Untracked 
[2025-05-19T18:14:54.640+0000][10.086s][1668][1784][trace] GC(0) | 124|0x0000000690000000, 0x0000000690000000, 0x0000000691000000|  0%| F|  |TAMS 0x0000000690000000, 0x0000000690000000| Untracked 
[2025-05-19T18:14:54.640+0000][10.086s][1668][1784][trace] GC(0) | 125|0x0000000691000000, 0x0000000691000000, 0x0000000692000000|  0%| F|  |TAMS 0x0000000691000000, 0x0000000691000000| Untracked 
[2025-05-19T18:14:54.640+0000][10.086s][1668][1784][trace] GC(0) | 126|0x0000000692000000, 0x0000000692000000, 0x0000000693000000|  0%| F|  |TAMS 0x0000000692000000, 0x0000000692000000| Untracked 
[2025-05-19T18:14:54.640+0000][10.086s][1668][1784][trace] GC(0) | 127|0x0000000693000000, 0x0000000693000000, 0x0000000694000000|  0%| F|  |TAMS 0x0000000693000000, 0x0000000693000000| Untracked 
[2025-05-19T18:14:54.640+0000][10.086s][1668][1784][trace] GC(0) | 128|0x0000000694000000, 0x0000000694000000, 0x0000000695000000|  0%| F|  |TAMS 0x0000000694000000, 0x0000000694000000| Untracked 
[2025-05-19T18:14:54.640+0000][10.086s][1668][1784][trace] GC(0) | 129|0x0000000695000000, 0x0000000695000000, 0x0000000696000000|  0%| F|  |TAMS 0x0000000695000000, 0x0000000695000000| Untracked 
[2025-05-19T18:14:54.640+0000][10.086s][1668][1784][trace] GC(0) | 130|0x0000000696000000, 0x0000000696000000, 0x0000000697000000|  0%| F|  |TAMS 0x0000000696000000, 0x0000000696000000| Untracked 
[2025-05-19T18:14:54.640+0000][10.086s][1668][1784][trace] GC(0) | 131|0x0000000697000000, 0x0000000697000000, 0x0000000698000000|  0%| F|  |TAMS 0x0000000697000000, 0x0000000697000000| Untracked 
[2025-05-19T18:14:54.640+0000][10.086s][1668][1784][trace] GC(0) | 132|0x0000000698000000, 0x0000000698000000, 0x0000000699000000|  0%| F|  |TAMS 0x0000000698000000, 0x0000000698000000| Untracked 
[2025-05-19T18:14:54.640+0000][10.086s][1668][1784][trace] GC(0) | 133|0x0000000699000000, 0x0000000699000000, 0x000000069a000000|  0%| F|  |TAMS 0x0000000699000000, 0x0000000699000000| Untracked 
[2025-05-19T18:14:54.640+0000][10.086s][1668][1784][trace] GC(0) | 134|0x000000069a000000, 0x000000069a000000, 0x000000069b000000|  0%| F|  |TAMS 0x000000069a000000, 0x000000069a000000| Untracked 
[2025-05-19T18:14:54.640+0000][10.086s][1668][1784][trace] GC(0) | 135|0x000000069b000000, 0x000000069b000000, 0x000000069c000000|  0%| F|  |TAMS 0x000000069b000000, 0x000000069b000000| Untracked 
[2025-05-19T18:14:54.640+0000][10.086s][1668][1784][trace] GC(0) | 136|0x000000069c000000, 0x000000069c000000, 0x000000069d000000|  0%| F|  |TAMS 0x000000069c000000, 0x000000069c000000| Untracked 
[2025-05-19T18:14:54.640+0000][10.086s][1668][1784][trace] GC(0) | 137|0x000000069d000000, 0x000000069d000000, 0x000000069e000000|  0%| F|  |TAMS 0x000000069d000000, 0x000000069d000000| Untracked 
[2025-05-19T18:14:54.640+0000][10.086s][1668][1784][trace] GC(0) | 138|0x000000069e000000, 0x000000069e000000, 0x000000069f000000|  0%| F|  |TAMS 0x000000069e000000, 0x000000069e000000| Untracked 
[2025-05-19T18:14:54.640+0000][10.086s][1668][1784][trace] GC(0) | 139|0x000000069f000000, 0x000000069f000000, 0x00000006a0000000|  0%| F|  |TAMS 0x000000069f000000, 0x000000069f000000| Untracked 
[2025-05-19T18:14:54.640+0000][10.086s][1668][1784][trace] GC(0) | 140|0x00000006a0000000, 0x00000006a0000000, 0x00000006a1000000|  0%| F|  |TAMS 0x00000006a0000000, 0x00000006a0000000| Untracked 
[2025-05-19T18:14:54.640+0000][10.086s][1668][1784][trace] GC(0) | 141|0x00000006a1000000, 0x00000006a1000000, 0x00000006a2000000|  0%| F|  |TAMS 0x00000006a1000000, 0x00000006a1000000| Untracked 
[2025-05-19T18:14:54.640+0000][10.086s][1668][1784][trace] GC(0) | 142|0x00000006a2000000, 0x00000006a2000000, 0x00000006a3000000|  0%| F|  |TAMS 0x00000006a2000000, 0x00000006a2000000| Untracked 
[2025-05-19T18:14:54.640+0000][10.086s][1668][1784][trace] GC(0) | 143|0x00000006a3000000, 0x00000006a3000000, 0x00000006a4000000|  0%| F|  |TAMS 0x00000006a3000000, 0x00000006a3000000| Untracked 
[2025-05-19T18:14:54.640+0000][10.087s][1668][1784][trace] GC(0) | 144|0x00000006a4000000, 0x00000006a4000000, 0x00000006a5000000|  0%| F|  |TAMS 0x00000006a4000000, 0x00000006a4000000| Untracked 
[2025-05-19T18:14:54.640+0000][10.087s][1668][1784][trace] GC(0) | 145|0x00000006a5000000, 0x00000006a5000000, 0x00000006a6000000|  0%| F|  |TAMS 0x00000006a5000000, 0x00000006a5000000| Untracked 
[2025-05-19T18:14:54.640+0000][10.087s][1668][1784][trace] GC(0) | 146|0x00000006a6000000, 0x00000006a6000000, 0x00000006a7000000|  0%| F|  |TAMS 0x00000006a6000000, 0x00000006a6000000| Untracked 
[2025-05-19T18:14:54.640+0000][10.087s][1668][1784][trace] GC(0) | 147|0x00000006a7000000, 0x00000006a7000000, 0x00000006a8000000|  0%| F|  |TAMS 0x00000006a7000000, 0x00000006a7000000| Untracked 
[2025-05-19T18:14:54.640+0000][10.087s][1668][1784][trace] GC(0) | 148|0x00000006a8000000, 0x00000006a8000000, 0x00000006a9000000|  0%| F|  |TAMS 0x00000006a8000000, 0x00000006a8000000| Untracked 
[2025-05-19T18:14:54.640+0000][10.087s][1668][1784][trace] GC(0) | 149|0x00000006a9000000, 0x00000006a9000000, 0x00000006aa000000|  0%| F|  |TAMS 0x00000006a9000000, 0x00000006a9000000| Untracked 
[2025-05-19T18:14:54.640+0000][10.087s][1668][1784][trace] GC(0) | 150|0x00000006aa000000, 0x00000006aa000000, 0x00000006ab000000|  0%| F|  |TAMS 0x00000006aa000000, 0x00000006aa000000| Untracked 
[2025-05-19T18:14:54.640+0000][10.087s][1668][1784][trace] GC(0) | 151|0x00000006ab000000, 0x00000006ab000000, 0x00000006ac000000|  0%| F|  |TAMS 0x00000006ab000000, 0x00000006ab000000| Untracked 
[2025-05-19T18:14:54.640+0000][10.087s][1668][1784][trace] GC(0) | 152|0x00000006ac000000, 0x00000006ac000000, 0x00000006ad000000|  0%| F|  |TAMS 0x00000006ac000000, 0x00000006ac000000| Untracked 
[2025-05-19T18:14:54.640+0000][10.087s][1668][1784][trace] GC(0) | 153|0x00000006ad000000, 0x00000006ad000000, 0x00000006ae000000|  0%| F|  |TAMS 0x00000006ad000000, 0x00000006ad000000| Untracked 
[2025-05-19T18:14:54.640+0000][10.087s][1668][1784][trace] GC(0) | 154|0x00000006ae000000, 0x00000006ae000000, 0x00000006af000000|  0%| F|  |TAMS 0x00000006ae000000, 0x00000006ae000000| Untracked 
[2025-05-19T18:14:54.640+0000][10.087s][1668][1784][trace] GC(0) | 155|0x00000006af000000, 0x00000006af000000, 0x00000006b0000000|  0%| F|  |TAMS 0x00000006af000000, 0x00000006af000000| Untracked 
[2025-05-19T18:14:54.640+0000][10.087s][1668][1784][trace] GC(0) | 156|0x00000006b0000000, 0x00000006b0000000, 0x00000006b1000000|  0%| F|  |TAMS 0x00000006b0000000, 0x00000006b0000000| Untracked 
[2025-05-19T18:14:54.640+0000][10.087s][1668][1784][trace] GC(0) | 157|0x00000006b1000000, 0x00000006b1000000, 0x00000006b2000000|  0%| F|  |TAMS 0x00000006b1000000, 0x00000006b1000000| Untracked 
[2025-05-19T18:14:54.640+0000][10.087s][1668][1784][trace] GC(0) | 158|0x00000006b2000000, 0x00000006b2000000, 0x00000006b3000000|  0%| F|  |TAMS 0x00000006b2000000, 0x00000006b2000000| Untracked 
[2025-05-19T18:14:54.640+0000][10.087s][1668][1784][trace] GC(0) | 159|0x00000006b3000000, 0x00000006b3000000, 0x00000006b4000000|  0%| F|  |TAMS 0x00000006b3000000, 0x00000006b3000000| Untracked 
[2025-05-19T18:14:54.640+0000][10.087s][1668][1784][trace] GC(0) | 160|0x00000006b4000000, 0x00000006b4000000, 0x00000006b5000000|  0%| F|  |TAMS 0x00000006b4000000, 0x00000006b4000000| Untracked 
[2025-05-19T18:14:54.640+0000][10.087s][1668][1784][trace] GC(0) | 161|0x00000006b5000000, 0x00000006b5000000, 0x00000006b6000000|  0%| F|  |TAMS 0x00000006b5000000, 0x00000006b5000000| Untracked 
[2025-05-19T18:14:54.640+0000][10.087s][1668][1784][trace] GC(0) | 162|0x00000006b6000000, 0x00000006b6000000, 0x00000006b7000000|  0%| F|  |TAMS 0x00000006b6000000, 0x00000006b6000000| Untracked 
[2025-05-19T18:14:54.640+0000][10.087s][1668][1784][trace] GC(0) | 163|0x00000006b7000000, 0x00000006b7000000, 0x00000006b8000000|  0%| F|  |TAMS 0x00000006b7000000, 0x00000006b7000000| Untracked 
[2025-05-19T18:14:54.640+0000][10.087s][1668][1784][trace] GC(0) | 164|0x00000006b8000000, 0x00000006b8000000, 0x00000006b9000000|  0%| F|  |TAMS 0x00000006b8000000, 0x00000006b8000000| Untracked 
[2025-05-19T18:14:54.640+0000][10.087s][1668][1784][trace] GC(0) | 165|0x00000006b9000000, 0x00000006b9000000, 0x00000006ba000000|  0%| F|  |TAMS 0x00000006b9000000, 0x00000006b9000000| Untracked 
[2025-05-19T18:14:54.640+0000][10.087s][1668][1784][trace] GC(0) | 166|0x00000006ba000000, 0x00000006ba000000, 0x00000006bb000000|  0%| F|  |TAMS 0x00000006ba000000, 0x00000006ba000000| Untracked 
[2025-05-19T18:14:54.640+0000][10.087s][1668][1784][trace] GC(0) | 167|0x00000006bb000000, 0x00000006bb000000, 0x00000006bc000000|  0%| F|  |TAMS 0x00000006bb000000, 0x00000006bb000000| Untracked 
[2025-05-19T18:14:54.640+0000][10.087s][1668][1784][trace] GC(0) | 168|0x00000006bc000000, 0x00000006bc000000, 0x00000006bd000000|  0%| F|  |TAMS 0x00000006bc000000, 0x00000006bc000000| Untracked 
[2025-05-19T18:14:54.640+0000][10.087s][1668][1784][trace] GC(0) | 169|0x00000006bd000000, 0x00000006bd000000, 0x00000006be000000|  0%| F|  |TAMS 0x00000006bd000000, 0x00000006bd000000| Untracked 
[2025-05-19T18:14:54.640+0000][10.087s][1668][1784][trace] GC(0) | 170|0x00000006be000000, 0x00000006be000000, 0x00000006bf000000|  0%| F|  |TAMS 0x00000006be000000, 0x00000006be000000| Untracked 
[2025-05-19T18:14:54.640+0000][10.087s][1668][1784][trace] GC(0) | 171|0x00000006bf000000, 0x00000006bf000000, 0x00000006c0000000|  0%| F|  |TAMS 0x00000006bf000000, 0x00000006bf000000| Untracked 
[2025-05-19T18:14:54.640+0000][10.087s][1668][1784][trace] GC(0) | 172|0x00000006c0000000, 0x00000006c0000000, 0x00000006c1000000|  0%| F|  |TAMS 0x00000006c0000000, 0x00000006c0000000| Untracked 
[2025-05-19T18:14:54.640+0000][10.087s][1668][1784][trace] GC(0) | 173|0x00000006c1000000, 0x00000006c1000000, 0x00000006c2000000|  0%| F|  |TAMS 0x00000006c1000000, 0x00000006c1000000| Untracked 
[2025-05-19T18:14:54.640+0000][10.087s][1668][1784][trace] GC(0) | 174|0x00000006c2000000, 0x00000006c2000000, 0x00000006c3000000|  0%| F|  |TAMS 0x00000006c2000000, 0x00000006c2000000| Untracked 
[2025-05-19T18:14:54.640+0000][10.087s][1668][1784][trace] GC(0) | 175|0x00000006c3000000, 0x00000006c3000000, 0x00000006c4000000|  0%| F|  |TAMS 0x00000006c3000000, 0x00000006c3000000| Untracked 
[2025-05-19T18:14:54.640+0000][10.087s][1668][1784][trace] GC(0) | 176|0x00000006c4000000, 0x00000006c4000000, 0x00000006c5000000|  0%| F|  |TAMS 0x00000006c4000000, 0x00000006c4000000| Untracked 
[2025-05-19T18:14:54.640+0000][10.087s][1668][1784][trace] GC(0) | 177|0x00000006c5000000, 0x00000006c5000000, 0x00000006c6000000|  0%| F|  |TAMS 0x00000006c5000000, 0x00000006c5000000| Untracked 
[2025-05-19T18:14:54.640+0000][10.087s][1668][1784][trace] GC(0) | 178|0x00000006c6000000, 0x00000006c6000000, 0x00000006c7000000|  0%| F|  |TAMS 0x00000006c6000000, 0x00000006c6000000| Untracked 
[2025-05-19T18:14:54.640+0000][10.087s][1668][1784][trace] GC(0) | 179|0x00000006c7000000, 0x00000006c7000000, 0x00000006c8000000|  0%| F|  |TAMS 0x00000006c7000000, 0x00000006c7000000| Untracked 
[2025-05-19T18:14:54.640+0000][10.087s][1668][1784][trace] GC(0) | 180|0x00000006c8000000, 0x00000006c8000000, 0x00000006c9000000|  0%| F|  |TAMS 0x00000006c8000000, 0x00000006c8000000| Untracked 
[2025-05-19T18:14:54.640+0000][10.087s][1668][1784][trace] GC(0) | 181|0x00000006c9000000, 0x00000006c9000000, 0x00000006ca000000|  0%| F|  |TAMS 0x00000006c9000000, 0x00000006c9000000| Untracked 
[2025-05-19T18:14:54.640+0000][10.087s][1668][1784][trace] GC(0) | 182|0x00000006ca000000, 0x00000006ca000000, 0x00000006cb000000|  0%| F|  |TAMS 0x00000006ca000000, 0x00000006ca000000| Untracked 
[2025-05-19T18:14:54.640+0000][10.087s][1668][1784][trace] GC(0) | 183|0x00000006cb000000, 0x00000006cb000000, 0x00000006cc000000|  0%| F|  |TAMS 0x00000006cb000000, 0x00000006cb000000| Untracked 
[2025-05-19T18:14:54.640+0000][10.087s][1668][1784][trace] GC(0) | 184|0x00000006cc000000, 0x00000006cc000000, 0x00000006cd000000|  0%| F|  |TAMS 0x00000006cc000000, 0x00000006cc000000| Untracked 
[2025-05-19T18:14:54.640+0000][10.087s][1668][1784][trace] GC(0) | 185|0x00000006cd000000, 0x00000006cd000000, 0x00000006ce000000|  0%| F|  |TAMS 0x00000006cd000000, 0x00000006cd000000| Untracked 
[2025-05-19T18:14:54.640+0000][10.087s][1668][1784][trace] GC(0) | 186|0x00000006ce000000, 0x00000006ce000000, 0x00000006cf000000|  0%| F|  |TAMS 0x00000006ce000000, 0x00000006ce000000| Untracked 
[2025-05-19T18:14:54.640+0000][10.087s][1668][1784][trace] GC(0) | 187|0x00000006cf000000, 0x00000006cf000000, 0x00000006d0000000|  0%| F|  |TAMS 0x00000006cf000000, 0x00000006cf000000| Untracked 
[2025-05-19T18:14:54.640+0000][10.087s][1668][1784][trace] GC(0) | 188|0x00000006d0000000, 0x00000006d0000000, 0x00000006d1000000|  0%| F|  |TAMS 0x00000006d0000000, 0x00000006d0000000| Untracked 
[2025-05-19T18:14:54.640+0000][10.087s][1668][1784][trace] GC(0) | 189|0x00000006d1000000, 0x00000006d1000000, 0x00000006d2000000|  0%| F|  |TAMS 0x00000006d1000000, 0x00000006d1000000| Untracked 
[2025-05-19T18:14:54.640+0000][10.087s][1668][1784][trace] GC(0) | 190|0x00000006d2000000, 0x00000006d2000000, 0x00000006d3000000|  0%| F|  |TAMS 0x00000006d2000000, 0x00000006d2000000| Untracked 
[2025-05-19T18:14:54.640+0000][10.087s][1668][1784][trace] GC(0) | 191|0x00000006d3000000, 0x00000006d3000000, 0x00000006d4000000|  0%| F|  |TAMS 0x00000006d3000000, 0x00000006d3000000| Untracked 
[2025-05-19T18:14:54.640+0000][10.087s][1668][1784][trace] GC(0) | 192|0x00000006d4000000, 0x00000006d4000000, 0x00000006d5000000|  0%| F|  |TAMS 0x00000006d4000000, 0x00000006d4000000| Untracked 
[2025-05-19T18:14:54.640+0000][10.087s][1668][1784][trace] GC(0) | 193|0x00000006d5000000, 0x00000006d5000000, 0x00000006d6000000|  0%| F|  |TAMS 0x00000006d5000000, 0x00000006d5000000| Untracked 
[2025-05-19T18:14:54.640+0000][10.087s][1668][1784][trace] GC(0) | 194|0x00000006d6000000, 0x00000006d6000000, 0x00000006d7000000|  0%| F|  |TAMS 0x00000006d6000000, 0x00000006d6000000| Untracked 
[2025-05-19T18:14:54.640+0000][10.087s][1668][1784][trace] GC(0) | 195|0x00000006d7000000, 0x00000006d7000000, 0x00000006d8000000|  0%| F|  |TAMS 0x00000006d7000000, 0x00000006d7000000| Untracked 
[2025-05-19T18:14:54.640+0000][10.087s][1668][1784][trace] GC(0) | 196|0x00000006d8000000, 0x00000006d8000000, 0x00000006d9000000|  0%| F|  |TAMS 0x00000006d8000000, 0x00000006d8000000| Untracked 
[2025-05-19T18:14:54.640+0000][10.087s][1668][1784][trace] GC(0) | 197|0x00000006d9000000, 0x00000006d9000000, 0x00000006da000000|  0%| F|  |TAMS 0x00000006d9000000, 0x00000006d9000000| Untracked 
[2025-05-19T18:14:54.640+0000][10.087s][1668][1784][trace] GC(0) | 198|0x00000006da000000, 0x00000006da000000, 0x00000006db000000|  0%| F|  |TAMS 0x00000006da000000, 0x00000006da000000| Untracked 
[2025-05-19T18:14:54.640+0000][10.087s][1668][1784][trace] GC(0) | 199|0x00000006db000000, 0x00000006db000000, 0x00000006dc000000|  0%| F|  |TAMS 0x00000006db000000, 0x00000006db000000| Untracked 
[2025-05-19T18:14:54.640+0000][10.087s][1668][1784][trace] GC(0) | 200|0x00000006dc000000, 0x00000006dc000000, 0x00000006dd000000|  0%| F|  |TAMS 0x00000006dc000000, 0x00000006dc000000| Untracked 
[2025-05-19T18:14:54.640+0000][10.087s][1668][1784][trace] GC(0) | 201|0x00000006dd000000, 0x00000006dd000000, 0x00000006de000000|  0%| F|  |TAMS 0x00000006dd000000, 0x00000006dd000000| Untracked 
[2025-05-19T18:14:54.640+0000][10.087s][1668][1784][trace] GC(0) | 202|0x00000006de000000, 0x00000006de000000, 0x00000006df000000|  0%| F|  |TAMS 0x00000006de000000, 0x00000006de000000| Untracked 
[2025-05-19T18:14:54.640+0000][10.087s][1668][1784][trace] GC(0) | 203|0x00000006df000000, 0x00000006df000000, 0x00000006e0000000|  0%| F|  |TAMS 0x00000006df000000, 0x00000006df000000| Untracked 
[2025-05-19T18:14:54.640+0000][10.087s][1668][1784][trace] GC(0) | 204|0x00000006e0000000, 0x00000006e0000000, 0x00000006e1000000|  0%| F|  |TAMS 0x00000006e0000000, 0x00000006e0000000| Untracked 
[2025-05-19T18:14:54.640+0000][10.087s][1668][1784][trace] GC(0) | 205|0x00000006e1000000, 0x00000006e1000000, 0x00000006e2000000|  0%| F|  |TAMS 0x00000006e1000000, 0x00000006e1000000| Untracked 
[2025-05-19T18:14:54.640+0000][10.087s][1668][1784][trace] GC(0) | 206|0x00000006e2000000, 0x00000006e2000000, 0x00000006e3000000|  0%| F|  |TAMS 0x00000006e2000000, 0x00000006e2000000| Untracked 
[2025-05-19T18:14:54.640+0000][10.087s][1668][1784][trace] GC(0) | 207|0x00000006e3000000, 0x00000006e3000000, 0x00000006e4000000|  0%| F|  |TAMS 0x00000006e3000000, 0x00000006e3000000| Untracked 
[2025-05-19T18:14:54.640+0000][10.087s][1668][1784][trace] GC(0) | 208|0x00000006e4000000, 0x00000006e4000000, 0x00000006e5000000|  0%| F|  |TAMS 0x00000006e4000000, 0x00000006e4000000| Untracked 
[2025-05-19T18:14:54.640+0000][10.087s][1668][1784][trace] GC(0) | 209|0x00000006e5000000, 0x00000006e5000000, 0x00000006e6000000|  0%| F|  |TAMS 0x00000006e5000000, 0x00000006e5000000| Untracked 
[2025-05-19T18:14:54.640+0000][10.087s][1668][1784][trace] GC(0) | 210|0x00000006e6000000, 0x00000006e6000000, 0x00000006e7000000|  0%| F|  |TAMS 0x00000006e6000000, 0x00000006e6000000| Untracked 
[2025-05-19T18:14:54.640+0000][10.087s][1668][1784][trace] GC(0) | 211|0x00000006e7000000, 0x00000006e7000000, 0x00000006e8000000|  0%| F|  |TAMS 0x00000006e7000000, 0x00000006e7000000| Untracked 
[2025-05-19T18:14:54.640+0000][10.087s][1668][1784][trace] GC(0) | 212|0x00000006e8000000, 0x00000006e8000000, 0x00000006e9000000|  0%| F|  |TAMS 0x00000006e8000000, 0x00000006e8000000| Untracked 
[2025-05-19T18:14:54.641+0000][10.087s][1668][1784][trace] GC(0) | 213|0x00000006e9000000, 0x00000006e9000000, 0x00000006ea000000|  0%| F|  |TAMS 0x00000006e9000000, 0x00000006e9000000| Untracked 
[2025-05-19T18:14:54.641+0000][10.087s][1668][1784][trace] GC(0) | 214|0x00000006ea000000, 0x00000006ea000000, 0x00000006eb000000|  0%| F|  |TAMS 0x00000006ea000000, 0x00000006ea000000| Untracked 
[2025-05-19T18:14:54.641+0000][10.087s][1668][1784][trace] GC(0) | 215|0x00000006eb000000, 0x00000006eb000000, 0x00000006ec000000|  0%| F|  |TAMS 0x00000006eb000000, 0x00000006eb000000| Untracked 
[2025-05-19T18:14:54.641+0000][10.087s][1668][1784][trace] GC(0) | 216|0x00000006ec000000, 0x00000006ec000000, 0x00000006ed000000|  0%| F|  |TAMS 0x00000006ec000000, 0x00000006ec000000| Untracked 
[2025-05-19T18:14:54.641+0000][10.087s][1668][1784][trace] GC(0) | 217|0x00000006ed000000, 0x00000006ed000000, 0x00000006ee000000|  0%| F|  |TAMS 0x00000006ed000000, 0x00000006ed000000| Untracked 
[2025-05-19T18:14:54.641+0000][10.087s][1668][1784][trace] GC(0) | 218|0x00000006ee000000, 0x00000006ee000000, 0x00000006ef000000|  0%| F|  |TAMS 0x00000006ee000000, 0x00000006ee000000| Untracked 
[2025-05-19T18:14:54.641+0000][10.087s][1668][1784][trace] GC(0) | 219|0x00000006ef000000, 0x00000006ef000000, 0x00000006f0000000|  0%| F|  |TAMS 0x00000006ef000000, 0x00000006ef000000| Untracked 
[2025-05-19T18:14:54.641+0000][10.087s][1668][1784][trace] GC(0) | 220|0x00000006f0000000, 0x00000006f0000000, 0x00000006f1000000|  0%| F|  |TAMS 0x00000006f0000000, 0x00000006f0000000| Untracked 
[2025-05-19T18:14:54.641+0000][10.087s][1668][1784][trace] GC(0) | 221|0x00000006f1000000, 0x00000006f1000000, 0x00000006f2000000|  0%| F|  |TAMS 0x00000006f1000000, 0x00000006f1000000| Untracked 
[2025-05-19T18:14:54.641+0000][10.087s][1668][1784][trace] GC(0) | 222|0x00000006f2000000, 0x00000006f2000000, 0x00000006f3000000|  0%| F|  |TAMS 0x00000006f2000000, 0x00000006f2000000| Untracked 
[2025-05-19T18:14:54.641+0000][10.087s][1668][1784][trace] GC(0) | 223|0x00000006f3000000, 0x00000006f3000000, 0x00000006f4000000|  0%| F|  |TAMS 0x00000006f3000000, 0x00000006f3000000| Untracked 
[2025-05-19T18:14:54.641+0000][10.087s][1668][1784][trace] GC(0) | 224|0x00000006f4000000, 0x00000006f4000000, 0x00000006f5000000|  0%| F|  |TAMS 0x00000006f4000000, 0x00000006f4000000| Untracked 
[2025-05-19T18:14:54.641+0000][10.087s][1668][1784][trace] GC(0) | 225|0x00000006f5000000, 0x00000006f5000000, 0x00000006f6000000|  0%| F|  |TAMS 0x00000006f5000000, 0x00000006f5000000| Untracked 
[2025-05-19T18:14:54.641+0000][10.087s][1668][1784][trace] GC(0) | 226|0x00000006f6000000, 0x00000006f6000000, 0x00000006f7000000|  0%| F|  |TAMS 0x00000006f6000000, 0x00000006f6000000| Untracked 
[2025-05-19T18:14:54.641+0000][10.087s][1668][1784][trace] GC(0) | 227|0x00000006f7000000, 0x00000006f7000000, 0x00000006f8000000|  0%| F|  |TAMS 0x00000006f7000000, 0x00000006f7000000| Untracked 
[2025-05-19T18:14:54.641+0000][10.087s][1668][1784][trace] GC(0) | 228|0x00000006f8000000, 0x00000006f8000000, 0x00000006f9000000|  0%| F|  |TAMS 0x00000006f8000000, 0x00000006f8000000| Untracked 
[2025-05-19T18:14:54.641+0000][10.087s][1668][1784][trace] GC(0) | 229|0x00000006f9000000, 0x00000006f9000000, 0x00000006fa000000|  0%| F|  |TAMS 0x00000006f9000000, 0x00000006f9000000| Untracked 
[2025-05-19T18:14:54.641+0000][10.087s][1668][1784][trace] GC(0) | 230|0x00000006fa000000, 0x00000006fa000000, 0x00000006fb000000|  0%| F|  |TAMS 0x00000006fa000000, 0x00000006fa000000| Untracked 
[2025-05-19T18:14:54.641+0000][10.087s][1668][1784][trace] GC(0) | 231|0x00000006fb000000, 0x00000006fb000000, 0x00000006fc000000|  0%| F|  |TAMS 0x00000006fb000000, 0x00000006fb000000| Untracked 
[2025-05-19T18:14:54.641+0000][10.087s][1668][1784][trace] GC(0) | 232|0x00000006fc000000, 0x00000006fc000000, 0x00000006fd000000|  0%| F|  |TAMS 0x00000006fc000000, 0x00000006fc000000| Untracked 
[2025-05-19T18:14:54.641+0000][10.087s][1668][1784][trace] GC(0) | 233|0x00000006fd000000, 0x00000006fd000000, 0x00000006fe000000|  0%| F|  |TAMS 0x00000006fd000000, 0x00000006fd000000| Untracked 
[2025-05-19T18:14:54.641+0000][10.087s][1668][1784][trace] GC(0) | 234|0x00000006fe000000, 0x00000006fe000000, 0x00000006ff000000|  0%| F|  |TAMS 0x00000006fe000000, 0x00000006fe000000| Untracked 
[2025-05-19T18:14:54.641+0000][10.087s][1668][1784][trace] GC(0) | 235|0x00000006ff000000, 0x00000006ff000000, 0x0000000700000000|  0%| F|  |TAMS 0x00000006ff000000, 0x00000006ff000000| Untracked 
[2025-05-19T18:14:54.641+0000][10.087s][1668][1784][trace] GC(0) | 236|0x0000000700000000, 0x0000000700000000, 0x0000000701000000|  0%| F|  |TAMS 0x0000000700000000, 0x0000000700000000| Untracked 
[2025-05-19T18:14:54.641+0000][10.087s][1668][1784][trace] GC(0) | 237|0x0000000701000000, 0x0000000701000000, 0x0000000702000000|  0%| F|  |TAMS 0x0000000701000000, 0x0000000701000000| Untracked 
[2025-05-19T18:14:54.641+0000][10.087s][1668][1784][trace] GC(0) | 238|0x0000000702000000, 0x0000000702000000, 0x0000000703000000|  0%| F|  |TAMS 0x0000000702000000, 0x0000000702000000| Untracked 
[2025-05-19T18:14:54.641+0000][10.087s][1668][1784][trace] GC(0) | 239|0x0000000703000000, 0x0000000703000000, 0x0000000704000000|  0%| F|  |TAMS 0x0000000703000000, 0x0000000703000000| Untracked 
[2025-05-19T18:14:54.641+0000][10.087s][1668][1784][trace] GC(0) | 240|0x0000000704000000, 0x0000000704000000, 0x0000000705000000|  0%| F|  |TAMS 0x0000000704000000, 0x0000000704000000| Untracked 
[2025-05-19T18:14:54.641+0000][10.087s][1668][1784][trace] GC(0) | 241|0x0000000705000000, 0x0000000705000000, 0x0000000706000000|  0%| F|  |TAMS 0x0000000705000000, 0x0000000705000000| Untracked 
[2025-05-19T18:14:54.641+0000][10.087s][1668][1784][trace] GC(0) | 242|0x0000000706000000, 0x0000000706000000, 0x0000000707000000|  0%| F|  |TAMS 0x0000000706000000, 0x0000000706000000| Untracked 
[2025-05-19T18:14:54.641+0000][10.087s][1668][1784][trace] GC(0) | 243|0x0000000707000000, 0x0000000707000000, 0x0000000708000000|  0%| F|  |TAMS 0x0000000707000000, 0x0000000707000000| Untracked 
[2025-05-19T18:14:54.641+0000][10.087s][1668][1784][trace] GC(0) | 244|0x0000000708000000, 0x0000000708000000, 0x0000000709000000|  0%| F|  |TAMS 0x0000000708000000, 0x0000000708000000| Untracked 
[2025-05-19T18:14:54.641+0000][10.087s][1668][1784][trace] GC(0) | 245|0x0000000709000000, 0x0000000709000000, 0x000000070a000000|  0%| F|  |TAMS 0x0000000709000000, 0x0000000709000000| Untracked 
[2025-05-19T18:14:54.641+0000][10.087s][1668][1784][trace] GC(0) | 246|0x000000070a000000, 0x000000070a000000, 0x000000070b000000|  0%| F|  |TAMS 0x000000070a000000, 0x000000070a000000| Untracked 
[2025-05-19T18:14:54.641+0000][10.087s][1668][1784][trace] GC(0) | 247|0x000000070b000000, 0x000000070b000000, 0x000000070c000000|  0%| F|  |TAMS 0x000000070b000000, 0x000000070b000000| Untracked 
[2025-05-19T18:14:54.641+0000][10.087s][1668][1784][trace] GC(0) | 248|0x000000070c000000, 0x000000070c000000, 0x000000070d000000|  0%| F|  |TAMS 0x000000070c000000, 0x000000070c000000| Untracked 
[2025-05-19T18:14:54.641+0000][10.087s][1668][1784][trace] GC(0) | 249|0x000000070d000000, 0x000000070d000000, 0x000000070e000000|  0%| F|  |TAMS 0x000000070d000000, 0x000000070d000000| Untracked 
[2025-05-19T18:14:54.641+0000][10.087s][1668][1784][trace] GC(0) | 250|0x000000070e000000, 0x000000070e000000, 0x000000070f000000|  0%| F|  |TAMS 0x000000070e000000, 0x000000070e000000| Untracked 
[2025-05-19T18:14:54.641+0000][10.087s][1668][1784][trace] GC(0) | 251|0x000000070f000000, 0x000000070f000000, 0x0000000710000000|  0%| F|  |TAMS 0x000000070f000000, 0x000000070f000000| Untracked 
[2025-05-19T18:14:54.641+0000][10.087s][1668][1784][trace] GC(0) | 252|0x0000000710000000, 0x0000000710000000, 0x0000000711000000|  0%| F|  |TAMS 0x0000000710000000, 0x0000000710000000| Untracked 
[2025-05-19T18:14:54.641+0000][10.087s][1668][1784][trace] GC(0) | 253|0x0000000711000000, 0x0000000711000000, 0x0000000712000000|  0%| F|  |TAMS 0x0000000711000000, 0x0000000711000000| Untracked 
[2025-05-19T18:14:54.641+0000][10.087s][1668][1784][trace] GC(0) | 254|0x0000000712000000, 0x0000000712000000, 0x0000000713000000|  0%| F|  |TAMS 0x0000000712000000, 0x0000000712000000| Untracked 
[2025-05-19T18:14:54.641+0000][10.087s][1668][1784][trace] GC(0) | 255|0x0000000713000000, 0x0000000713000000, 0x0000000714000000|  0%| F|  |TAMS 0x0000000713000000, 0x0000000713000000| Untracked 
[2025-05-19T18:14:54.641+0000][10.087s][1668][1784][trace] GC(0) | 256|0x0000000714000000, 0x0000000714000000, 0x0000000715000000|  0%| F|  |TAMS 0x0000000714000000, 0x0000000714000000| Untracked 
[2025-05-19T18:14:54.641+0000][10.087s][1668][1784][trace] GC(0) | 257|0x0000000715000000, 0x0000000715000000, 0x0000000716000000|  0%| F|  |TAMS 0x0000000715000000, 0x0000000715000000| Untracked 
[2025-05-19T18:14:54.641+0000][10.087s][1668][1784][trace] GC(0) | 258|0x0000000716000000, 0x0000000716000000, 0x0000000717000000|  0%| F|  |TAMS 0x0000000716000000, 0x0000000716000000| Untracked 
[2025-05-19T18:14:54.641+0000][10.087s][1668][1784][trace] GC(0) | 259|0x0000000717000000, 0x0000000717000000, 0x0000000718000000|  0%| F|  |TAMS 0x0000000717000000, 0x0000000717000000| Untracked 
[2025-05-19T18:14:54.641+0000][10.087s][1668][1784][trace] GC(0) | 260|0x0000000718000000, 0x0000000718000000, 0x0000000719000000|  0%| F|  |TAMS 0x0000000718000000, 0x0000000718000000| Untracked 
[2025-05-19T18:14:54.641+0000][10.087s][1668][1784][trace] GC(0) | 261|0x0000000719000000, 0x0000000719000000, 0x000000071a000000|  0%| F|  |TAMS 0x0000000719000000, 0x0000000719000000| Untracked 
[2025-05-19T18:14:54.641+0000][10.087s][1668][1784][trace] GC(0) | 262|0x000000071a000000, 0x000000071a000000, 0x000000071b000000|  0%| F|  |TAMS 0x000000071a000000, 0x000000071a000000| Untracked 
[2025-05-19T18:14:54.641+0000][10.087s][1668][1784][trace] GC(0) | 263|0x000000071b000000, 0x000000071b000000, 0x000000071c000000|  0%| F|  |TAMS 0x000000071b000000, 0x000000071b000000| Untracked 
[2025-05-19T18:14:54.641+0000][10.087s][1668][1784][trace] GC(0) | 264|0x000000071c000000, 0x000000071c000000, 0x000000071d000000|  0%| F|  |TAMS 0x000000071c000000, 0x000000071c000000| Untracked 
[2025-05-19T18:14:54.641+0000][10.087s][1668][1784][trace] GC(0) | 265|0x000000071d000000, 0x000000071d000000, 0x000000071e000000|  0%| F|  |TAMS 0x000000071d000000, 0x000000071d000000| Untracked 
[2025-05-19T18:14:54.641+0000][10.087s][1668][1784][trace] GC(0) | 266|0x000000071e000000, 0x000000071e000000, 0x000000071f000000|  0%| F|  |TAMS 0x000000071e000000, 0x000000071e000000| Untracked 
[2025-05-19T18:14:54.641+0000][10.087s][1668][1784][trace] GC(0) | 267|0x000000071f000000, 0x000000071f000000, 0x0000000720000000|  0%| F|  |TAMS 0x000000071f000000, 0x000000071f000000| Untracked 
[2025-05-19T18:14:54.641+0000][10.087s][1668][1784][trace] GC(0) | 268|0x0000000720000000, 0x0000000720000000, 0x0000000721000000|  0%| F|  |TAMS 0x0000000720000000, 0x0000000720000000| Untracked 
[2025-05-19T18:14:54.641+0000][10.087s][1668][1784][trace] GC(0) | 269|0x0000000721000000, 0x0000000721000000, 0x0000000722000000|  0%| F|  |TAMS 0x0000000721000000, 0x0000000721000000| Untracked 
[2025-05-19T18:14:54.641+0000][10.087s][1668][1784][trace] GC(0) | 270|0x0000000722000000, 0x0000000722000000, 0x0000000723000000|  0%| F|  |TAMS 0x0000000722000000, 0x0000000722000000| Untracked 
[2025-05-19T18:14:54.641+0000][10.087s][1668][1784][trace] GC(0) | 271|0x0000000723000000, 0x0000000723000000, 0x0000000724000000|  0%| F|  |TAMS 0x0000000723000000, 0x0000000723000000| Untracked 
[2025-05-19T18:14:54.641+0000][10.087s][1668][1784][trace] GC(0) | 272|0x0000000724000000, 0x0000000724000000, 0x0000000725000000|  0%| F|  |TAMS 0x0000000724000000, 0x0000000724000000| Untracked 
[2025-05-19T18:14:54.641+0000][10.087s][1668][1784][trace] GC(0) | 273|0x0000000725000000, 0x0000000725000000, 0x0000000726000000|  0%| F|  |TAMS 0x0000000725000000, 0x0000000725000000| Untracked 
[2025-05-19T18:14:54.641+0000][10.087s][1668][1784][trace] GC(0) | 274|0x0000000726000000, 0x0000000726000000, 0x0000000727000000|  0%| F|  |TAMS 0x0000000726000000, 0x0000000726000000| Untracked 
[2025-05-19T18:14:54.641+0000][10.087s][1668][1784][trace] GC(0) | 275|0x0000000727000000, 0x0000000727000000, 0x0000000728000000|  0%| F|  |TAMS 0x0000000727000000, 0x0000000727000000| Untracked 
[2025-05-19T18:14:54.641+0000][10.087s][1668][1784][trace] GC(0) | 276|0x0000000728000000, 0x0000000728000000, 0x0000000729000000|  0%| F|  |TAMS 0x0000000728000000, 0x0000000728000000| Untracked 
[2025-05-19T18:14:54.641+0000][10.087s][1668][1784][trace] GC(0) | 277|0x0000000729000000, 0x0000000729000000, 0x000000072a000000|  0%| F|  |TAMS 0x0000000729000000, 0x0000000729000000| Untracked 
[2025-05-19T18:14:54.641+0000][10.087s][1668][1784][trace] GC(0) | 278|0x000000072a000000, 0x000000072a000000, 0x000000072b000000|  0%| F|  |TAMS 0x000000072a000000, 0x000000072a000000| Untracked 
[2025-05-19T18:14:54.641+0000][10.087s][1668][1784][trace] GC(0) | 279|0x000000072b000000, 0x000000072b000000, 0x000000072c000000|  0%| F|  |TAMS 0x000000072b000000, 0x000000072b000000| Untracked 
[2025-05-19T18:14:54.641+0000][10.087s][1668][1784][trace] GC(0) | 280|0x000000072c000000, 0x000000072c000000, 0x000000072d000000|  0%| F|  |TAMS 0x000000072c000000, 0x000000072c000000| Untracked 
[2025-05-19T18:14:54.641+0000][10.087s][1668][1784][trace] GC(0) | 281|0x000000072d000000, 0x000000072d000000, 0x000000072e000000|  0%| F|  |TAMS 0x000000072d000000, 0x000000072d000000| Untracked 
[2025-05-19T18:14:54.641+0000][10.087s][1668][1784][trace] GC(0) | 282|0x000000072e000000, 0x000000072e000000, 0x000000072f000000|  0%| F|  |TAMS 0x000000072e000000, 0x000000072e000000| Untracked 
[2025-05-19T18:14:54.641+0000][10.087s][1668][1784][trace] GC(0) | 283|0x000000072f000000, 0x000000072f000000, 0x0000000730000000|  0%| F|  |TAMS 0x000000072f000000, 0x000000072f000000| Untracked 
[2025-05-19T18:14:54.641+0000][10.087s][1668][1784][trace] GC(0) | 284|0x0000000730000000, 0x0000000730000000, 0x0000000731000000|  0%| F|  |TAMS 0x0000000730000000, 0x0000000730000000| Untracked 
[2025-05-19T18:14:54.641+0000][10.087s][1668][1784][trace] GC(0) | 285|0x0000000731000000, 0x0000000731000000, 0x0000000732000000|  0%| F|  |TAMS 0x0000000731000000, 0x0000000731000000| Untracked 
[2025-05-19T18:14:54.641+0000][10.087s][1668][1784][trace] GC(0) | 286|0x0000000732000000, 0x0000000732000000, 0x0000000733000000|  0%| F|  |TAMS 0x0000000732000000, 0x0000000732000000| Untracked 
[2025-05-19T18:14:54.641+0000][10.087s][1668][1784][trace] GC(0) | 287|0x0000000733000000, 0x0000000733000000, 0x0000000734000000|  0%| F|  |TAMS 0x0000000733000000, 0x0000000733000000| Untracked 
[2025-05-19T18:14:54.641+0000][10.087s][1668][1784][trace] GC(0) | 288|0x0000000734000000, 0x0000000734000000, 0x0000000735000000|  0%| F|  |TAMS 0x0000000734000000, 0x0000000734000000| Untracked 
[2025-05-19T18:14:54.641+0000][10.087s][1668][1784][trace] GC(0) | 289|0x0000000735000000, 0x0000000735000000, 0x0000000736000000|  0%| F|  |TAMS 0x0000000735000000, 0x0000000735000000| Untracked 
[2025-05-19T18:14:54.641+0000][10.087s][1668][1784][trace] GC(0) | 290|0x0000000736000000, 0x0000000736000000, 0x0000000737000000|  0%| F|  |TAMS 0x0000000736000000, 0x0000000736000000| Untracked 
[2025-05-19T18:14:54.641+0000][10.087s][1668][1784][trace] GC(0) | 291|0x0000000737000000, 0x0000000737000000, 0x0000000738000000|  0%| F|  |TAMS 0x0000000737000000, 0x0000000737000000| Untracked 
[2025-05-19T18:14:54.641+0000][10.087s][1668][1784][trace] GC(0) | 292|0x0000000738000000, 0x0000000738000000, 0x0000000739000000|  0%| F|  |TAMS 0x0000000738000000, 0x0000000738000000| Untracked 
[2025-05-19T18:14:54.641+0000][10.087s][1668][1784][trace] GC(0) | 293|0x0000000739000000, 0x0000000739000000, 0x000000073a000000|  0%| F|  |TAMS 0x0000000739000000, 0x0000000739000000| Untracked 
[2025-05-19T18:14:54.641+0000][10.087s][1668][1784][trace] GC(0) | 294|0x000000073a000000, 0x000000073a000000, 0x000000073b000000|  0%| F|  |TAMS 0x000000073a000000, 0x000000073a000000| Untracked 
[2025-05-19T18:14:54.641+0000][10.087s][1668][1784][trace] GC(0) | 295|0x000000073b000000, 0x000000073b000000, 0x000000073c000000|  0%| F|  |TAMS 0x000000073b000000, 0x000000073b000000| Untracked 
[2025-05-19T18:14:54.641+0000][10.087s][1668][1784][trace] GC(0) | 296|0x000000073c000000, 0x000000073c000000, 0x000000073d000000|  0%| F|  |TAMS 0x000000073c000000, 0x000000073c000000| Untracked 
[2025-05-19T18:14:54.641+0000][10.087s][1668][1784][trace] GC(0) | 297|0x000000073d000000, 0x000000073d000000, 0x000000073e000000|  0%| F|  |TAMS 0x000000073d000000, 0x000000073d000000| Untracked 
[2025-05-19T18:14:54.641+0000][10.087s][1668][1784][trace] GC(0) | 298|0x000000073e000000, 0x000000073e000000, 0x000000073f000000|  0%| F|  |TAMS 0x000000073e000000, 0x000000073e000000| Untracked 
[2025-05-19T18:14:54.641+0000][10.087s][1668][1784][trace] GC(0) | 299|0x000000073f000000, 0x000000073f000000, 0x0000000740000000|  0%| F|  |TAMS 0x000000073f000000, 0x000000073f000000| Untracked 
[2025-05-19T18:14:54.641+0000][10.087s][1668][1784][trace] GC(0) | 300|0x0000000740000000, 0x0000000740000000, 0x0000000741000000|  0%| F|  |TAMS 0x0000000740000000, 0x0000000740000000| Untracked 
[2025-05-19T18:14:54.641+0000][10.087s][1668][1784][trace] GC(0) | 301|0x0000000741000000, 0x0000000741000000, 0x0000000742000000|  0%| F|  |TAMS 0x0000000741000000, 0x0000000741000000| Untracked 
[2025-05-19T18:14:54.641+0000][10.087s][1668][1784][trace] GC(0) | 302|0x0000000742000000, 0x0000000742000000, 0x0000000743000000|  0%| F|  |TAMS 0x0000000742000000, 0x0000000742000000| Untracked 
[2025-05-19T18:14:54.641+0000][10.087s][1668][1784][trace] GC(0) | 303|0x0000000743000000, 0x0000000743000000, 0x0000000744000000|  0%| F|  |TAMS 0x0000000743000000, 0x0000000743000000| Untracked 
[2025-05-19T18:14:54.641+0000][10.087s][1668][1784][trace] GC(0) | 304|0x0000000744000000, 0x0000000744000000, 0x0000000745000000|  0%| F|  |TAMS 0x0000000744000000, 0x0000000744000000| Untracked 
[2025-05-19T18:14:54.641+0000][10.087s][1668][1784][trace] GC(0) | 305|0x0000000745000000, 0x0000000745000000, 0x0000000746000000|  0%| F|  |TAMS 0x0000000745000000, 0x0000000745000000| Untracked 
[2025-05-19T18:14:54.641+0000][10.087s][1668][1784][trace] GC(0) | 306|0x0000000746000000, 0x0000000746000000, 0x0000000747000000|  0%| F|  |TAMS 0x0000000746000000, 0x0000000746000000| Untracked 
[2025-05-19T18:14:54.641+0000][10.087s][1668][1784][trace] GC(0) | 307|0x0000000747000000, 0x0000000747000000, 0x0000000748000000|  0%| F|  |TAMS 0x0000000747000000, 0x0000000747000000| Untracked 
[2025-05-19T18:14:54.641+0000][10.087s][1668][1784][trace] GC(0) | 308|0x0000000748000000, 0x0000000748000000, 0x0000000749000000|  0%| F|  |TAMS 0x0000000748000000, 0x0000000748000000| Untracked 
[2025-05-19T18:14:54.641+0000][10.087s][1668][1784][trace] GC(0) | 309|0x0000000749000000, 0x0000000749000000, 0x000000074a000000|  0%| F|  |TAMS 0x0000000749000000, 0x0000000749000000| Untracked 
[2025-05-19T18:14:54.641+0000][10.087s][1668][1784][trace] GC(0) | 310|0x000000074a000000, 0x000000074a000000, 0x000000074b000000|  0%| F|  |TAMS 0x000000074a000000, 0x000000074a000000| Untracked 
[2025-05-19T18:14:54.641+0000][10.087s][1668][1784][trace] GC(0) | 311|0x000000074b000000, 0x000000074b000000, 0x000000074c000000|  0%| F|  |TAMS 0x000000074b000000, 0x000000074b000000| Untracked 
[2025-05-19T18:14:54.641+0000][10.087s][1668][1784][trace] GC(0) | 312|0x000000074c000000, 0x000000074c000000, 0x000000074d000000|  0%| F|  |TAMS 0x000000074c000000, 0x000000074c000000| Untracked 
[2025-05-19T18:14:54.641+0000][10.087s][1668][1784][trace] GC(0) | 313|0x000000074d000000, 0x000000074d000000, 0x000000074e000000|  0%| F|  |TAMS 0x000000074d000000, 0x000000074d000000| Untracked 
[2025-05-19T18:14:54.641+0000][10.087s][1668][1784][trace] GC(0) | 314|0x000000074e000000, 0x000000074e000000, 0x000000074f000000|  0%| F|  |TAMS 0x000000074e000000, 0x000000074e000000| Untracked 
[2025-05-19T18:14:54.641+0000][10.087s][1668][1784][trace] GC(0) | 315|0x000000074f000000, 0x000000074f000000, 0x0000000750000000|  0%| F|  |TAMS 0x000000074f000000, 0x000000074f000000| Untracked 
[2025-05-19T18:14:54.641+0000][10.087s][1668][1784][trace] GC(0) | 316|0x0000000750000000, 0x0000000750000000, 0x0000000751000000|  0%| F|  |TAMS 0x0000000750000000, 0x0000000750000000| Untracked 
[2025-05-19T18:14:54.641+0000][10.087s][1668][1784][trace] GC(0) | 317|0x0000000751000000, 0x0000000751000000, 0x0000000752000000|  0%| F|  |TAMS 0x0000000751000000, 0x0000000751000000| Untracked 
[2025-05-19T18:14:54.641+0000][10.087s][1668][1784][trace] GC(0) | 318|0x0000000752000000, 0x0000000752000000, 0x0000000753000000|  0%| F|  |TAMS 0x0000000752000000, 0x0000000752000000| Untracked 
[2025-05-19T18:14:54.641+0000][10.087s][1668][1784][trace] GC(0) | 319|0x0000000753000000, 0x0000000753000000, 0x0000000754000000|  0%| F|  |TAMS 0x0000000753000000, 0x0000000753000000| Untracked 
[2025-05-19T18:14:54.641+0000][10.087s][1668][1784][trace] GC(0) | 320|0x0000000754000000, 0x0000000754000000, 0x0000000755000000|  0%| F|  |TAMS 0x0000000754000000, 0x0000000754000000| Untracked 
[2025-05-19T18:14:54.641+0000][10.087s][1668][1784][trace] GC(0) | 321|0x0000000755000000, 0x0000000755000000, 0x0000000756000000|  0%| F|  |TAMS 0x0000000755000000, 0x0000000755000000| Untracked 
[2025-05-19T18:14:54.641+0000][10.087s][1668][1784][trace] GC(0) | 322|0x0000000756000000, 0x0000000756000000, 0x0000000757000000|  0%| F|  |TAMS 0x0000000756000000, 0x0000000756000000| Untracked 
[2025-05-19T18:14:54.641+0000][10.087s][1668][1784][trace] GC(0) | 323|0x0000000757000000, 0x0000000757000000, 0x0000000758000000|  0%| F|  |TAMS 0x0000000757000000, 0x0000000757000000| Untracked 
[2025-05-19T18:14:54.641+0000][10.088s][1668][1784][trace] GC(0) | 324|0x0000000758000000, 0x0000000758000000, 0x0000000759000000|  0%| F|  |TAMS 0x0000000758000000, 0x0000000758000000| Untracked 
[2025-05-19T18:14:54.641+0000][10.088s][1668][1784][trace] GC(0) | 325|0x0000000759000000, 0x0000000759000000, 0x000000075a000000|  0%| F|  |TAMS 0x0000000759000000, 0x0000000759000000| Untracked 
[2025-05-19T18:14:54.641+0000][10.088s][1668][1784][trace] GC(0) | 326|0x000000075a000000, 0x000000075a000000, 0x000000075b000000|  0%| F|  |TAMS 0x000000075a000000, 0x000000075a000000| Untracked 
[2025-05-19T18:14:54.641+0000][10.088s][1668][1784][trace] GC(0) | 327|0x000000075b000000, 0x000000075b000000, 0x000000075c000000|  0%| F|  |TAMS 0x000000075b000000, 0x000000075b000000| Untracked 
[2025-05-19T18:14:54.641+0000][10.088s][1668][1784][trace] GC(0) | 328|0x000000075c000000, 0x000000075c000000, 0x000000075d000000|  0%| F|  |TAMS 0x000000075c000000, 0x000000075c000000| Untracked 
[2025-05-19T18:14:54.641+0000][10.088s][1668][1784][trace] GC(0) | 329|0x000000075d000000, 0x000000075d000000, 0x000000075e000000|  0%| F|  |TAMS 0x000000075d000000, 0x000000075d000000| Untracked 
[2025-05-19T18:14:54.641+0000][10.088s][1668][1784][trace] GC(0) | 330|0x000000075e000000, 0x000000075e000000, 0x000000075f000000|  0%| F|  |TAMS 0x000000075e000000, 0x000000075e000000| Untracked 
[2025-05-19T18:14:54.641+0000][10.088s][1668][1784][trace] GC(0) | 331|0x000000075f000000, 0x000000075f000000, 0x0000000760000000|  0%| F|  |TAMS 0x000000075f000000, 0x000000075f000000| Untracked 
[2025-05-19T18:14:54.641+0000][10.088s][1668][1784][trace] GC(0) | 332|0x0000000760000000, 0x0000000760000000, 0x0000000761000000|  0%| F|  |TAMS 0x0000000760000000, 0x0000000760000000| Untracked 
[2025-05-19T18:14:54.641+0000][10.088s][1668][1784][trace] GC(0) | 333|0x0000000761000000, 0x0000000761000000, 0x0000000762000000|  0%| F|  |TAMS 0x0000000761000000, 0x0000000761000000| Untracked 
[2025-05-19T18:14:54.641+0000][10.088s][1668][1784][trace] GC(0) | 334|0x0000000762000000, 0x0000000762000000, 0x0000000763000000|  0%| F|  |TAMS 0x0000000762000000, 0x0000000762000000| Untracked 
[2025-05-19T18:14:54.641+0000][10.088s][1668][1784][trace] GC(0) | 335|0x0000000763000000, 0x0000000763000000, 0x0000000764000000|  0%| F|  |TAMS 0x0000000763000000, 0x0000000763000000| Untracked 
[2025-05-19T18:14:54.641+0000][10.088s][1668][1784][trace] GC(0) | 336|0x0000000764000000, 0x0000000764000000, 0x0000000765000000|  0%| F|  |TAMS 0x0000000764000000, 0x0000000764000000| Untracked 
[2025-05-19T18:14:54.641+0000][10.088s][1668][1784][trace] GC(0) | 337|0x0000000765000000, 0x0000000765000000, 0x0000000766000000|  0%| F|  |TAMS 0x0000000765000000, 0x0000000765000000| Untracked 
[2025-05-19T18:14:54.641+0000][10.088s][1668][1784][trace] GC(0) | 338|0x0000000766000000, 0x0000000766000000, 0x0000000767000000|  0%| F|  |TAMS 0x0000000766000000, 0x0000000766000000| Untracked 
[2025-05-19T18:14:54.641+0000][10.088s][1668][1784][trace] GC(0) | 339|0x0000000767000000, 0x0000000767000000, 0x0000000768000000|  0%| F|  |TAMS 0x0000000767000000, 0x0000000767000000| Untracked 
[2025-05-19T18:14:54.641+0000][10.088s][1668][1784][trace] GC(0) | 340|0x0000000768000000, 0x0000000768000000, 0x0000000769000000|  0%| F|  |TAMS 0x0000000768000000, 0x0000000768000000| Untracked 
[2025-05-19T18:14:54.641+0000][10.088s][1668][1784][trace] GC(0) | 341|0x0000000769000000, 0x0000000769000000, 0x000000076a000000|  0%| F|  |TAMS 0x0000000769000000, 0x0000000769000000| Untracked 
[2025-05-19T18:14:54.641+0000][10.088s][1668][1784][trace] GC(0) | 342|0x000000076a000000, 0x000000076a000000, 0x000000076b000000|  0%| F|  |TAMS 0x000000076a000000, 0x000000076a000000| Untracked 
[2025-05-19T18:14:54.641+0000][10.088s][1668][1784][trace] GC(0) | 343|0x000000076b000000, 0x000000076b000000, 0x000000076c000000|  0%| F|  |TAMS 0x000000076b000000, 0x000000076b000000| Untracked 
[2025-05-19T18:14:54.641+0000][10.088s][1668][1784][trace] GC(0) | 344|0x000000076c000000, 0x000000076c000000, 0x000000076d000000|  0%| F|  |TAMS 0x000000076c000000, 0x000000076c000000| Untracked 
[2025-05-19T18:14:54.641+0000][10.088s][1668][1784][trace] GC(0) | 345|0x000000076d000000, 0x000000076d000000, 0x000000076e000000|  0%| F|  |TAMS 0x000000076d000000, 0x000000076d000000| Untracked 
[2025-05-19T18:14:54.641+0000][10.088s][1668][1784][trace] GC(0) | 346|0x000000076e000000, 0x000000076e000000, 0x000000076f000000|  0%| F|  |TAMS 0x000000076e000000, 0x000000076e000000| Untracked 
[2025-05-19T18:14:54.641+0000][10.088s][1668][1784][trace] GC(0) | 347|0x000000076f000000, 0x000000076f000000, 0x0000000770000000|  0%| F|  |TAMS 0x000000076f000000, 0x000000076f000000| Untracked 
[2025-05-19T18:14:54.641+0000][10.088s][1668][1784][trace] GC(0) | 348|0x0000000770000000, 0x0000000770000000, 0x0000000771000000|  0%| F|  |TAMS 0x0000000770000000, 0x0000000770000000| Untracked 
[2025-05-19T18:14:54.641+0000][10.088s][1668][1784][trace] GC(0) | 349|0x0000000771000000, 0x0000000771000000, 0x0000000772000000|  0%| F|  |TAMS 0x0000000771000000, 0x0000000771000000| Untracked 
[2025-05-19T18:14:54.641+0000][10.088s][1668][1784][trace] GC(0) | 350|0x0000000772000000, 0x0000000772000000, 0x0000000773000000|  0%| F|  |TAMS 0x0000000772000000, 0x0000000772000000| Untracked 
[2025-05-19T18:14:54.641+0000][10.088s][1668][1784][trace] GC(0) | 351|0x0000000773000000, 0x0000000773000000, 0x0000000774000000|  0%| F|  |TAMS 0x0000000773000000, 0x0000000773000000| Untracked 
[2025-05-19T18:14:54.641+0000][10.088s][1668][1784][trace] GC(0) | 352|0x0000000774000000, 0x0000000774000000, 0x0000000775000000|  0%| F|  |TAMS 0x0000000774000000, 0x0000000774000000| Untracked 
[2025-05-19T18:14:54.641+0000][10.088s][1668][1784][trace] GC(0) | 353|0x0000000775000000, 0x0000000775000000, 0x0000000776000000|  0%| F|  |TAMS 0x0000000775000000, 0x0000000775000000| Untracked 
[2025-05-19T18:14:54.641+0000][10.088s][1668][1784][trace] GC(0) | 354|0x0000000776000000, 0x0000000776000000, 0x0000000777000000|  0%| F|  |TAMS 0x0000000776000000, 0x0000000776000000| Untracked 
[2025-05-19T18:14:54.641+0000][10.088s][1668][1784][trace] GC(0) | 355|0x0000000777000000, 0x0000000777000000, 0x0000000778000000|  0%| F|  |TAMS 0x0000000777000000, 0x0000000777000000| Untracked 
[2025-05-19T18:14:54.641+0000][10.088s][1668][1784][trace] GC(0) | 356|0x0000000778000000, 0x0000000778000000, 0x0000000779000000|  0%| F|  |TAMS 0x0000000778000000, 0x0000000778000000| Untracked 
[2025-05-19T18:14:54.641+0000][10.088s][1668][1784][trace] GC(0) | 357|0x0000000779000000, 0x0000000779000000, 0x000000077a000000|  0%| F|  |TAMS 0x0000000779000000, 0x0000000779000000| Untracked 
[2025-05-19T18:14:54.641+0000][10.088s][1668][1784][trace] GC(0) | 358|0x000000077a000000, 0x000000077a000000, 0x000000077b000000|  0%| F|  |TAMS 0x000000077a000000, 0x000000077a000000| Untracked 
[2025-05-19T18:14:54.641+0000][10.088s][1668][1784][trace] GC(0) | 359|0x000000077b000000, 0x000000077b000000, 0x000000077c000000|  0%| F|  |TAMS 0x000000077b000000, 0x000000077b000000| Untracked 
[2025-05-19T18:14:54.641+0000][10.088s][1668][1784][trace] GC(0) | 360|0x000000077c000000, 0x000000077c000000, 0x000000077d000000|  0%| F|  |TAMS 0x000000077c000000, 0x000000077c000000| Untracked 
[2025-05-19T18:14:54.641+0000][10.088s][1668][1784][trace] GC(0) | 361|0x000000077d000000, 0x000000077d000000, 0x000000077e000000|  0%| F|  |TAMS 0x000000077d000000, 0x000000077d000000| Untracked 
[2025-05-19T18:14:54.641+0000][10.088s][1668][1784][trace] GC(0) | 362|0x000000077e000000, 0x000000077e000000, 0x000000077f000000|  0%| F|  |TAMS 0x000000077e000000, 0x000000077e000000| Untracked 
[2025-05-19T18:14:54.641+0000][10.088s][1668][1784][trace] GC(0) | 363|0x000000077f000000, 0x000000077f000000, 0x0000000780000000|  0%| F|  |TAMS 0x000000077f000000, 0x000000077f000000| Untracked 
[2025-05-19T18:14:54.641+0000][10.088s][1668][1784][trace] GC(0) | 364|0x0000000780000000, 0x0000000780000000, 0x0000000781000000|  0%| F|  |TAMS 0x0000000780000000, 0x0000000780000000| Untracked 
[2025-05-19T18:14:54.641+0000][10.088s][1668][1784][trace] GC(0) | 365|0x0000000781000000, 0x0000000781000000, 0x0000000782000000|  0%| F|  |TAMS 0x0000000781000000, 0x0000000781000000| Untracked 
[2025-05-19T18:14:54.641+0000][10.088s][1668][1784][trace] GC(0) | 366|0x0000000782000000, 0x0000000782000000, 0x0000000783000000|  0%| F|  |TAMS 0x0000000782000000, 0x0000000782000000| Untracked 
[2025-05-19T18:14:54.641+0000][10.088s][1668][1784][trace] GC(0) | 367|0x0000000783000000, 0x0000000783000000, 0x0000000784000000|  0%| F|  |TAMS 0x0000000783000000, 0x0000000783000000| Untracked 
[2025-05-19T18:14:54.642+0000][10.088s][1668][1784][trace] GC(0) | 368|0x0000000784000000, 0x0000000784000000, 0x0000000785000000|  0%| F|  |TAMS 0x0000000784000000, 0x0000000784000000| Untracked 
[2025-05-19T18:14:54.642+0000][10.088s][1668][1784][trace] GC(0) | 369|0x0000000785000000, 0x0000000785000000, 0x0000000786000000|  0%| F|  |TAMS 0x0000000785000000, 0x0000000785000000| Untracked 
[2025-05-19T18:14:54.642+0000][10.088s][1668][1784][trace] GC(0) | 370|0x0000000786000000, 0x0000000786000000, 0x0000000787000000|  0%| F|  |TAMS 0x0000000786000000, 0x0000000786000000| Untracked 
[2025-05-19T18:14:54.642+0000][10.088s][1668][1784][trace] GC(0) | 371|0x0000000787000000, 0x0000000787000000, 0x0000000788000000|  0%| F|  |TAMS 0x0000000787000000, 0x0000000787000000| Untracked 
[2025-05-19T18:14:54.642+0000][10.088s][1668][1784][trace] GC(0) | 372|0x0000000788000000, 0x0000000788000000, 0x0000000789000000|  0%| F|  |TAMS 0x0000000788000000, 0x0000000788000000| Untracked 
[2025-05-19T18:14:54.642+0000][10.088s][1668][1784][trace] GC(0) | 373|0x0000000789000000, 0x0000000789000000, 0x000000078a000000|  0%| F|  |TAMS 0x0000000789000000, 0x0000000789000000| Untracked 
[2025-05-19T18:14:54.642+0000][10.088s][1668][1784][trace] GC(0) | 374|0x000000078a000000, 0x000000078a000000, 0x000000078b000000|  0%| F|  |TAMS 0x000000078a000000, 0x000000078a000000| Untracked 
[2025-05-19T18:14:54.642+0000][10.088s][1668][1784][trace] GC(0) | 375|0x000000078b000000, 0x000000078b000000, 0x000000078c000000|  0%| F|  |TAMS 0x000000078b000000, 0x000000078b000000| Untracked 
[2025-05-19T18:14:54.642+0000][10.088s][1668][1784][trace] GC(0) | 376|0x000000078c000000, 0x000000078c000000, 0x000000078d000000|  0%| F|  |TAMS 0x000000078c000000, 0x000000078c000000| Untracked 
[2025-05-19T18:14:54.642+0000][10.088s][1668][1784][trace] GC(0) | 377|0x000000078d000000, 0x000000078d000000, 0x000000078e000000|  0%| F|  |TAMS 0x000000078d000000, 0x000000078d000000| Untracked 
[2025-05-19T18:14:54.642+0000][10.088s][1668][1784][trace] GC(0) | 378|0x000000078e000000, 0x000000078e000000, 0x000000078f000000|  0%| F|  |TAMS 0x000000078e000000, 0x000000078e000000| Untracked 
[2025-05-19T18:14:54.642+0000][10.088s][1668][1784][trace] GC(0) | 379|0x000000078f000000, 0x000000078f000000, 0x0000000790000000|  0%| F|  |TAMS 0x000000078f000000, 0x000000078f000000| Untracked 
[2025-05-19T18:14:54.642+0000][10.088s][1668][1784][trace] GC(0) | 380|0x0000000790000000, 0x0000000790000000, 0x0000000791000000|  0%| F|  |TAMS 0x0000000790000000, 0x0000000790000000| Untracked 
[2025-05-19T18:14:54.642+0000][10.088s][1668][1784][trace] GC(0) | 381|0x0000000791000000, 0x0000000791000000, 0x0000000792000000|  0%| F|  |TAMS 0x0000000791000000, 0x0000000791000000| Untracked 
[2025-05-19T18:14:54.642+0000][10.088s][1668][1784][trace] GC(0) | 382|0x0000000792000000, 0x0000000792000000, 0x0000000793000000|  0%| F|  |TAMS 0x0000000792000000, 0x0000000792000000| Untracked 
[2025-05-19T18:14:54.642+0000][10.088s][1668][1784][trace] GC(0) | 383|0x0000000793000000, 0x0000000793000000, 0x0000000794000000|  0%| F|  |TAMS 0x0000000793000000, 0x0000000793000000| Untracked 
[2025-05-19T18:14:54.642+0000][10.088s][1668][1784][trace] GC(0) | 384|0x0000000794000000, 0x0000000794000000, 0x0000000795000000|  0%| F|  |TAMS 0x0000000794000000, 0x0000000794000000| Untracked 
[2025-05-19T18:14:54.642+0000][10.088s][1668][1784][trace] GC(0) | 385|0x0000000795000000, 0x0000000795000000, 0x0000000796000000|  0%| F|  |TAMS 0x0000000795000000, 0x0000000795000000| Untracked 
[2025-05-19T18:14:54.642+0000][10.088s][1668][1784][trace] GC(0) | 386|0x0000000796000000, 0x0000000796000000, 0x0000000797000000|  0%| F|  |TAMS 0x0000000796000000, 0x0000000796000000| Untracked 
[2025-05-19T18:14:54.642+0000][10.088s][1668][1784][trace] GC(0) | 387|0x0000000797000000, 0x0000000797000000, 0x0000000798000000|  0%| F|  |TAMS 0x0000000797000000, 0x0000000797000000| Untracked 
[2025-05-19T18:14:54.642+0000][10.088s][1668][1784][trace] GC(0) | 388|0x0000000798000000, 0x0000000798000000, 0x0000000799000000|  0%| F|  |TAMS 0x0000000798000000, 0x0000000798000000| Untracked 
[2025-05-19T18:14:54.642+0000][10.088s][1668][1784][trace] GC(0) | 389|0x0000000799000000, 0x0000000799000000, 0x000000079a000000|  0%| F|  |TAMS 0x0000000799000000, 0x0000000799000000| Untracked 
[2025-05-19T18:14:54.642+0000][10.088s][1668][1784][trace] GC(0) | 390|0x000000079a000000, 0x000000079a000000, 0x000000079b000000|  0%| F|  |TAMS 0x000000079a000000, 0x000000079a000000| Untracked 
[2025-05-19T18:14:54.642+0000][10.088s][1668][1784][trace] GC(0) | 391|0x000000079b000000, 0x000000079b000000, 0x000000079c000000|  0%| F|  |TAMS 0x000000079b000000, 0x000000079b000000| Untracked 
[2025-05-19T18:14:54.642+0000][10.088s][1668][1784][trace] GC(0) | 392|0x000000079c000000, 0x000000079c000000, 0x000000079d000000|  0%| F|  |TAMS 0x000000079c000000, 0x000000079c000000| Untracked 
[2025-05-19T18:14:54.642+0000][10.088s][1668][1784][trace] GC(0) | 393|0x000000079d000000, 0x000000079d000000, 0x000000079e000000|  0%| F|  |TAMS 0x000000079d000000, 0x000000079d000000| Untracked 
[2025-05-19T18:14:54.642+0000][10.088s][1668][1784][trace] GC(0) | 394|0x000000079e000000, 0x000000079e000000, 0x000000079f000000|  0%| F|  |TAMS 0x000000079e000000, 0x000000079e000000| Untracked 
[2025-05-19T18:14:54.642+0000][10.088s][1668][1784][trace] GC(0) | 395|0x000000079f000000, 0x000000079f000000, 0x00000007a0000000|  0%| F|  |TAMS 0x000000079f000000, 0x000000079f000000| Untracked 
[2025-05-19T18:14:54.642+0000][10.088s][1668][1784][trace] GC(0) | 396|0x00000007a0000000, 0x00000007a0000000, 0x00000007a1000000|  0%| F|  |TAMS 0x00000007a0000000, 0x00000007a0000000| Untracked 
[2025-05-19T18:14:54.642+0000][10.088s][1668][1784][trace] GC(0) | 397|0x00000007a1000000, 0x00000007a1000000, 0x00000007a2000000|  0%| F|  |TAMS 0x00000007a1000000, 0x00000007a1000000| Untracked 
[2025-05-19T18:14:54.642+0000][10.088s][1668][1784][trace] GC(0) | 398|0x00000007a2000000, 0x00000007a2000000, 0x00000007a3000000|  0%| F|  |TAMS 0x00000007a2000000, 0x00000007a2000000| Untracked 
[2025-05-19T18:14:54.642+0000][10.088s][1668][1784][trace] GC(0) | 399|0x00000007a3000000, 0x00000007a3000000, 0x00000007a4000000|  0%| F|  |TAMS 0x00000007a3000000, 0x00000007a3000000| Untracked 
[2025-05-19T18:14:54.642+0000][10.088s][1668][1784][trace] GC(0) | 400|0x00000007a4000000, 0x00000007a4000000, 0x00000007a5000000|  0%| F|  |TAMS 0x00000007a4000000, 0x00000007a4000000| Untracked 
[2025-05-19T18:14:54.642+0000][10.088s][1668][1784][trace] GC(0) | 401|0x00000007a5000000, 0x00000007a5000000, 0x00000007a6000000|  0%| F|  |TAMS 0x00000007a5000000, 0x00000007a5000000| Untracked 
[2025-05-19T18:14:54.642+0000][10.088s][1668][1784][trace] GC(0) | 402|0x00000007a6000000, 0x00000007a6000000, 0x00000007a7000000|  0%| F|  |TAMS 0x00000007a6000000, 0x00000007a6000000| Untracked 
[2025-05-19T18:14:54.642+0000][10.088s][1668][1784][trace] GC(0) | 403|0x00000007a7000000, 0x00000007a7000000, 0x00000007a8000000|  0%| F|  |TAMS 0x00000007a7000000, 0x00000007a7000000| Untracked 
[2025-05-19T18:14:54.642+0000][10.088s][1668][1784][trace] GC(0) | 404|0x00000007a8000000, 0x00000007a8000000, 0x00000007a9000000|  0%| F|  |TAMS 0x00000007a8000000, 0x00000007a8000000| Untracked 
[2025-05-19T18:14:54.642+0000][10.088s][1668][1784][trace] GC(0) | 405|0x00000007a9000000, 0x00000007a9000000, 0x00000007aa000000|  0%| F|  |TAMS 0x00000007a9000000, 0x00000007a9000000| Untracked 
[2025-05-19T18:14:54.642+0000][10.088s][1668][1784][trace] GC(0) | 406|0x00000007aa000000, 0x00000007aa000000, 0x00000007ab000000|  0%| F|  |TAMS 0x00000007aa000000, 0x00000007aa000000| Untracked 
[2025-05-19T18:14:54.642+0000][10.088s][1668][1784][trace] GC(0) | 407|0x00000007ab000000, 0x00000007ab000000, 0x00000007ac000000|  0%| F|  |TAMS 0x00000007ab000000, 0x00000007ab000000| Untracked 
[2025-05-19T18:14:54.642+0000][10.088s][1668][1784][trace] GC(0) | 408|0x00000007ac000000, 0x00000007ac000000, 0x00000007ad000000|  0%| F|  |TAMS 0x00000007ac000000, 0x00000007ac000000| Untracked 
[2025-05-19T18:14:54.642+0000][10.088s][1668][1784][trace] GC(0) | 409|0x00000007ad000000, 0x00000007ad000000, 0x00000007ae000000|  0%| F|  |TAMS 0x00000007ad000000, 0x00000007ad000000| Untracked 
[2025-05-19T18:14:54.642+0000][10.088s][1668][1784][trace] GC(0) | 410|0x00000007ae000000, 0x00000007ae000000, 0x00000007af000000|  0%| F|  |TAMS 0x00000007ae000000, 0x00000007ae000000| Untracked 
[2025-05-19T18:14:54.642+0000][10.088s][1668][1784][trace] GC(0) | 411|0x00000007af000000, 0x00000007af000000, 0x00000007b0000000|  0%| F|  |TAMS 0x00000007af000000, 0x00000007af000000| Untracked 
[2025-05-19T18:14:54.642+0000][10.088s][1668][1784][trace] GC(0) | 412|0x00000007b0000000, 0x00000007b0000000, 0x00000007b1000000|  0%| F|  |TAMS 0x00000007b0000000, 0x00000007b0000000| Untracked 
[2025-05-19T18:14:54.642+0000][10.088s][1668][1784][trace] GC(0) | 413|0x00000007b1000000, 0x00000007b1000000, 0x00000007b2000000|  0%| F|  |TAMS 0x00000007b1000000, 0x00000007b1000000| Untracked 
[2025-05-19T18:14:54.642+0000][10.088s][1668][1784][trace] GC(0) | 414|0x00000007b2000000, 0x00000007b2000000, 0x00000007b3000000|  0%| F|  |TAMS 0x00000007b2000000, 0x00000007b2000000| Untracked 
[2025-05-19T18:14:54.642+0000][10.088s][1668][1784][trace] GC(0) | 415|0x00000007b3000000, 0x00000007b3000000, 0x00000007b4000000|  0%| F|  |TAMS 0x00000007b3000000, 0x00000007b3000000| Untracked 
[2025-05-19T18:14:54.642+0000][10.088s][1668][1784][trace] GC(0) | 416|0x00000007b4000000, 0x00000007b4000000, 0x00000007b5000000|  0%| F|  |TAMS 0x00000007b4000000, 0x00000007b4000000| Untracked 
[2025-05-19T18:14:54.642+0000][10.088s][1668][1784][trace] GC(0) | 417|0x00000007b5000000, 0x00000007b5000000, 0x00000007b6000000|  0%| F|  |TAMS 0x00000007b5000000, 0x00000007b5000000| Untracked 
[2025-05-19T18:14:54.642+0000][10.088s][1668][1784][trace] GC(0) | 418|0x00000007b6000000, 0x00000007b6000000, 0x00000007b7000000|  0%| F|  |TAMS 0x00000007b6000000, 0x00000007b6000000| Untracked 
[2025-05-19T18:14:54.642+0000][10.088s][1668][1784][trace] GC(0) | 419|0x00000007b7000000, 0x00000007b7000000, 0x00000007b8000000|  0%| F|  |TAMS 0x00000007b7000000, 0x00000007b7000000| Untracked 
[2025-05-19T18:14:54.642+0000][10.088s][1668][1784][trace] GC(0) | 420|0x00000007b8000000, 0x00000007b8000000, 0x00000007b9000000|  0%| F|  |TAMS 0x00000007b8000000, 0x00000007b8000000| Untracked 
[2025-05-19T18:14:54.642+0000][10.088s][1668][1784][trace] GC(0) | 421|0x00000007b9000000, 0x00000007b9000000, 0x00000007ba000000|  0%| F|  |TAMS 0x00000007b9000000, 0x00000007b9000000| Untracked 
[2025-05-19T18:14:54.642+0000][10.088s][1668][1784][trace] GC(0) | 422|0x00000007ba000000, 0x00000007ba000000, 0x00000007bb000000|  0%| F|  |TAMS 0x00000007ba000000, 0x00000007ba000000| Untracked 
[2025-05-19T18:14:54.642+0000][10.088s][1668][1784][trace] GC(0) | 423|0x00000007bb000000, 0x00000007bb000000, 0x00000007bc000000|  0%| F|  |TAMS 0x00000007bb000000, 0x00000007bb000000| Untracked 
[2025-05-19T18:14:54.642+0000][10.088s][1668][1784][trace] GC(0) | 424|0x00000007bc000000, 0x00000007bc000000, 0x00000007bd000000|  0%| F|  |TAMS 0x00000007bc000000, 0x00000007bc000000| Untracked 
[2025-05-19T18:14:54.642+0000][10.088s][1668][1784][trace] GC(0) | 425|0x00000007bd000000, 0x00000007bd000000, 0x00000007be000000|  0%| F|  |TAMS 0x00000007bd000000, 0x00000007bd000000| Untracked 
[2025-05-19T18:14:54.642+0000][10.088s][1668][1784][trace] GC(0) | 426|0x00000007be000000, 0x00000007bef48000, 0x00000007bf000000| 95%|OA|  |TAMS 0x00000007be000000, 0x00000007bef48000| Untracked 
[2025-05-19T18:14:54.642+0000][10.088s][1668][1784][trace] GC(0) | 427|0x00000007bf000000, 0x00000007bf06c000, 0x00000007c0000000|  2%|CA|  |TAMS 0x00000007bf000000, 0x00000007bf06c000| Untracked 
[2025-05-19T18:14:54.642+0000][10.088s][1668][1784][trace] GC(0) | 428|0x00000007c0000000, 0x00000007c0000000, 0x00000007c1000000|  0%| F|  |TAMS 0x00000007c0000000, 0x00000007c0000000| Untracked 
[2025-05-19T18:14:54.642+0000][10.088s][1668][1784][trace] GC(0) | 429|0x00000007c1000000, 0x00000007c1000000, 0x00000007c2000000|  0%| F|  |TAMS 0x00000007c1000000, 0x00000007c1000000| Untracked 
[2025-05-19T18:14:54.642+0000][10.088s][1668][1784][trace] GC(0) | 430|0x00000007c2000000, 0x00000007c2000000, 0x00000007c3000000|  0%| F|  |TAMS 0x00000007c2000000, 0x00000007c2000000| Untracked 
[2025-05-19T18:14:54.642+0000][10.088s][1668][1784][trace] GC(0) | 431|0x00000007c3000000, 0x00000007c3000000, 0x00000007c4000000|  0%| F|  |TAMS 0x00000007c3000000, 0x00000007c3000000| Untracked 
[2025-05-19T18:14:54.642+0000][10.088s][1668][1784][trace] GC(0) | 432|0x00000007c4000000, 0x00000007c4000000, 0x00000007c5000000|  0%| F|  |TAMS 0x00000007c4000000, 0x00000007c4000000| Untracked 
[2025-05-19T18:14:54.642+0000][10.088s][1668][1784][trace] GC(0) | 433|0x00000007c5000000, 0x00000007c5000000, 0x00000007c6000000|  0%| F|  |TAMS 0x00000007c5000000, 0x00000007c5000000| Untracked 
[2025-05-19T18:14:54.642+0000][10.088s][1668][1784][trace] GC(0) | 434|0x00000007c6000000, 0x00000007c6000000, 0x00000007c7000000|  0%| F|  |TAMS 0x00000007c6000000, 0x00000007c6000000| Untracked 
[2025-05-19T18:14:54.642+0000][10.088s][1668][1784][trace] GC(0) | 435|0x00000007c7000000, 0x00000007c7000000, 0x00000007c8000000|  0%| F|  |TAMS 0x00000007c7000000, 0x00000007c7000000| Untracked 
[2025-05-19T18:14:54.642+0000][10.088s][1668][1784][trace] GC(0) | 436|0x00000007c8000000, 0x00000007c8000000, 0x00000007c9000000|  0%| F|  |TAMS 0x00000007c8000000, 0x00000007c8000000| Untracked 
[2025-05-19T18:14:54.642+0000][10.088s][1668][1784][trace] GC(0) | 437|0x00000007c9000000, 0x00000007c9000000, 0x00000007ca000000|  0%| F|  |TAMS 0x00000007c9000000, 0x00000007c9000000| Untracked 
[2025-05-19T18:14:54.642+0000][10.088s][1668][1784][trace] GC(0) | 438|0x00000007ca000000, 0x00000007ca000000, 0x00000007cb000000|  0%| F|  |TAMS 0x00000007ca000000, 0x00000007ca000000| Untracked 
[2025-05-19T18:14:54.642+0000][10.088s][1668][1784][trace] GC(0) | 439|0x00000007cb000000, 0x00000007cb000000, 0x00000007cc000000|  0%| F|  |TAMS 0x00000007cb000000, 0x00000007cb000000| Untracked 
[2025-05-19T18:14:54.642+0000][10.088s][1668][1784][trace] GC(0) | 440|0x00000007cc000000, 0x00000007cc000000, 0x00000007cd000000|  0%| F|  |TAMS 0x00000007cc000000, 0x00000007cc000000| Untracked 
[2025-05-19T18:14:54.642+0000][10.088s][1668][1784][trace] GC(0) | 441|0x00000007cd000000, 0x00000007cd000000, 0x00000007ce000000|  0%| F|  |TAMS 0x00000007cd000000, 0x00000007cd000000| Untracked 
[2025-05-19T18:14:54.642+0000][10.088s][1668][1784][trace] GC(0) | 442|0x00000007ce000000, 0x00000007ce000000, 0x00000007cf000000|  0%| F|  |TAMS 0x00000007ce000000, 0x00000007ce000000| Untracked 
[2025-05-19T18:14:54.642+0000][10.088s][1668][1784][trace] GC(0) | 443|0x00000007cf000000, 0x00000007cf000000, 0x00000007d0000000|  0%| F|  |TAMS 0x00000007cf000000, 0x00000007cf000000| Untracked 
[2025-05-19T18:14:54.642+0000][10.088s][1668][1784][trace] GC(0) | 444|0x00000007d0000000, 0x00000007d0000000, 0x00000007d1000000|  0%| F|  |TAMS 0x00000007d0000000, 0x00000007d0000000| Untracked 
[2025-05-19T18:14:54.642+0000][10.088s][1668][1784][trace] GC(0) | 445|0x00000007d1000000, 0x00000007d1000000, 0x00000007d2000000|  0%| F|  |TAMS 0x00000007d1000000, 0x00000007d1000000| Untracked 
[2025-05-19T18:14:54.642+0000][10.088s][1668][1784][trace] GC(0) | 446|0x00000007d2000000, 0x00000007d2000000, 0x00000007d3000000|  0%| F|  |TAMS 0x00000007d2000000, 0x00000007d2000000| Untracked 
[2025-05-19T18:14:54.642+0000][10.088s][1668][1784][trace] GC(0) | 447|0x00000007d3000000, 0x00000007d3000000, 0x00000007d4000000|  0%| F|  |TAMS 0x00000007d3000000, 0x00000007d3000000| Untracked 
[2025-05-19T18:14:54.642+0000][10.088s][1668][1784][trace] GC(0) | 448|0x00000007d4000000, 0x00000007d4000000, 0x00000007d5000000|  0%| F|  |TAMS 0x00000007d4000000, 0x00000007d4000000| Untracked 
[2025-05-19T18:14:54.642+0000][10.088s][1668][1784][trace] GC(0) | 449|0x00000007d5000000, 0x00000007d5000000, 0x00000007d6000000|  0%| F|  |TAMS 0x00000007d5000000, 0x00000007d5000000| Untracked 
[2025-05-19T18:14:54.642+0000][10.088s][1668][1784][trace] GC(0) | 450|0x00000007d6000000, 0x00000007d6000000, 0x00000007d7000000|  0%| F|  |TAMS 0x00000007d6000000, 0x00000007d6000000| Untracked 
[2025-05-19T18:14:54.642+0000][10.088s][1668][1784][trace] GC(0) | 451|0x00000007d7000000, 0x00000007d7000000, 0x00000007d8000000|  0%| F|  |TAMS 0x00000007d7000000, 0x00000007d7000000| Untracked 
[2025-05-19T18:14:54.642+0000][10.088s][1668][1784][trace] GC(0) | 452|0x00000007d8000000, 0x00000007d8000000, 0x00000007d9000000|  0%| F|  |TAMS 0x00000007d8000000, 0x00000007d8000000| Untracked 
[2025-05-19T18:14:54.642+0000][10.088s][1668][1784][trace] GC(0) | 453|0x00000007d9000000, 0x00000007d9000000, 0x00000007da000000|  0%| F|  |TAMS 0x00000007d9000000, 0x00000007d9000000| Untracked 
[2025-05-19T18:14:54.642+0000][10.088s][1668][1784][trace] GC(0) | 454|0x00000007da000000, 0x00000007da000000, 0x00000007db000000|  0%| F|  |TAMS 0x00000007da000000, 0x00000007da000000| Untracked 
[2025-05-19T18:14:54.642+0000][10.088s][1668][1784][trace] GC(0) | 455|0x00000007db000000, 0x00000007db000000, 0x00000007dc000000|  0%| F|  |TAMS 0x00000007db000000, 0x00000007db000000| Untracked 
[2025-05-19T18:14:54.642+0000][10.088s][1668][1784][trace] GC(0) | 456|0x00000007dc000000, 0x00000007dc000000, 0x00000007dd000000|  0%| F|  |TAMS 0x00000007dc000000, 0x00000007dc000000| Untracked 
[2025-05-19T18:14:54.642+0000][10.088s][1668][1784][trace] GC(0) | 457|0x00000007dd000000, 0x00000007dd000000, 0x00000007de000000|  0%| F|  |TAMS 0x00000007dd000000, 0x00000007dd000000| Untracked 
[2025-05-19T18:14:54.642+0000][10.088s][1668][1784][trace] GC(0) | 458|0x00000007de000000, 0x00000007de000000, 0x00000007df000000|  0%| F|  |TAMS 0x00000007de000000, 0x00000007de000000| Untracked 
[2025-05-19T18:14:54.642+0000][10.088s][1668][1784][trace] GC(0) | 459|0x00000007df000000, 0x00000007df000000, 0x00000007e0000000|  0%| F|  |TAMS 0x00000007df000000, 0x00000007df000000| Untracked 
[2025-05-19T18:14:54.642+0000][10.088s][1668][1784][trace] GC(0) | 460|0x00000007e0000000, 0x00000007e0000000, 0x00000007e1000000|  0%| F|  |TAMS 0x00000007e0000000, 0x00000007e0000000| Untracked 
[2025-05-19T18:14:54.642+0000][10.088s][1668][1784][trace] GC(0) | 461|0x00000007e1000000, 0x00000007e1000000, 0x00000007e2000000|  0%| F|  |TAMS 0x00000007e1000000, 0x00000007e1000000| Untracked 
[2025-05-19T18:14:54.642+0000][10.088s][1668][1784][trace] GC(0) | 462|0x00000007e2000000, 0x00000007e2000000, 0x00000007e3000000|  0%| F|  |TAMS 0x00000007e2000000, 0x00000007e2000000| Untracked 
[2025-05-19T18:14:54.642+0000][10.088s][1668][1784][trace] GC(0) | 463|0x00000007e3000000, 0x00000007e3000000, 0x00000007e4000000|  0%| F|  |TAMS 0x00000007e3000000, 0x00000007e3000000| Untracked 
[2025-05-19T18:14:54.642+0000][10.088s][1668][1784][trace] GC(0) | 464|0x00000007e4000000, 0x00000007e4000000, 0x00000007e5000000|  0%| F|  |TAMS 0x00000007e4000000, 0x00000007e4000000| Untracked 
[2025-05-19T18:14:54.642+0000][10.088s][1668][1784][trace] GC(0) | 465|0x00000007e5000000, 0x00000007e5000000, 0x00000007e6000000|  0%| F|  |TAMS 0x00000007e5000000, 0x00000007e5000000| Untracked 
[2025-05-19T18:14:54.642+0000][10.088s][1668][1784][trace] GC(0) | 466|0x00000007e6000000, 0x00000007e6000000, 0x00000007e7000000|  0%| F|  |TAMS 0x00000007e6000000, 0x00000007e6000000| Untracked 
[2025-05-19T18:14:54.642+0000][10.088s][1668][1784][trace] GC(0) | 467|0x00000007e7000000, 0x00000007e7000000, 0x00000007e8000000|  0%| F|  |TAMS 0x00000007e7000000, 0x00000007e7000000| Untracked 
[2025-05-19T18:14:54.642+0000][10.088s][1668][1784][trace] GC(0) | 468|0x00000007e8000000, 0x00000007e8000000, 0x00000007e9000000|  0%| F|  |TAMS 0x00000007e8000000, 0x00000007e8000000| Untracked 
[2025-05-19T18:14:54.642+0000][10.088s][1668][1784][trace] GC(0) | 469|0x00000007e9000000, 0x00000007e9000000, 0x00000007ea000000|  0%| F|  |TAMS 0x00000007e9000000, 0x00000007e9000000| Untracked 
[2025-05-19T18:14:54.642+0000][10.088s][1668][1784][trace] GC(0) | 470|0x00000007ea000000, 0x00000007ea000000, 0x00000007eb000000|  0%| F|  |TAMS 0x00000007ea000000, 0x00000007ea000000| Untracked 
[2025-05-19T18:14:54.642+0000][10.088s][1668][1784][trace] GC(0) | 471|0x00000007eb000000, 0x00000007eb000000, 0x00000007ec000000|  0%| F|  |TAMS 0x00000007eb000000, 0x00000007eb000000| Untracked 
[2025-05-19T18:14:54.642+0000][10.088s][1668][1784][trace] GC(0) | 472|0x00000007ec000000, 0x00000007ec000000, 0x00000007ed000000|  0%| F|  |TAMS 0x00000007ec000000, 0x00000007ec000000| Untracked 
[2025-05-19T18:14:54.642+0000][10.088s][1668][1784][trace] GC(0) | 473|0x00000007ed000000, 0x00000007ed000000, 0x00000007ee000000|  0%| F|  |TAMS 0x00000007ed000000, 0x00000007ed000000| Untracked 
[2025-05-19T18:14:54.642+0000][10.088s][1668][1784][trace] GC(0) | 474|0x00000007ee000000, 0x00000007ee000000, 0x00000007ef000000|  0%| F|  |TAMS 0x00000007ee000000, 0x00000007ee000000| Untracked 
[2025-05-19T18:14:54.642+0000][10.088s][1668][1784][trace] GC(0) | 475|0x00000007ef000000, 0x00000007ef000000, 0x00000007f0000000|  0%| F|  |TAMS 0x00000007ef000000, 0x00000007ef000000| Untracked 
[2025-05-19T18:14:54.642+0000][10.088s][1668][1784][trace] GC(0) | 476|0x00000007f0000000, 0x00000007f0000000, 0x00000007f1000000|  0%| F|  |TAMS 0x00000007f0000000, 0x00000007f0000000| Untracked 
[2025-05-19T18:14:54.642+0000][10.088s][1668][1784][trace] GC(0) | 477|0x00000007f1000000, 0x00000007f1000000, 0x00000007f2000000|  0%| F|  |TAMS 0x00000007f1000000, 0x00000007f1000000| Untracked 
[2025-05-19T18:14:54.642+0000][10.088s][1668][1784][trace] GC(0) | 478|0x00000007f2000000, 0x00000007f2000000, 0x00000007f3000000|  0%| F|  |TAMS 0x00000007f2000000, 0x00000007f2000000| Untracked 
[2025-05-19T18:14:54.642+0000][10.088s][1668][1784][trace] GC(0) | 479|0x00000007f3000000, 0x00000007f3000000, 0x00000007f4000000|  0%| F|  |TAMS 0x00000007f3000000, 0x00000007f3000000| Untracked 
[2025-05-19T18:14:54.642+0000][10.088s][1668][1784][trace] GC(0) | 480|0x00000007f4000000, 0x00000007f4000000, 0x00000007f5000000|  0%| F|  |TAMS 0x00000007f4000000, 0x00000007f4000000| Untracked 
[2025-05-19T18:14:54.642+0000][10.088s][1668][1784][trace] GC(0) | 481|0x00000007f5000000, 0x00000007f5b66da8, 0x00000007f6000000| 71%| S|CS|TAMS 0x00000007f5000000, 0x00000007f5000000| Complete 
[2025-05-19T18:14:54.642+0000][10.088s][1668][1784][trace] GC(0) | 482|0x00000007f6000000, 0x00000007f6000000, 0x00000007f7000000|  0%| F|  |TAMS 0x00000007f6000000, 0x00000007f6000000| Untracked 
[2025-05-19T18:14:54.642+0000][10.088s][1668][1784][trace] GC(0) | 483|0x00000007f7000000, 0x00000007f7000000, 0x00000007f8000000|  0%| F|  |TAMS 0x00000007f7000000, 0x00000007f7000000| Untracked 
[2025-05-19T18:14:54.642+0000][10.088s][1668][1784][trace] GC(0) | 484|0x00000007f8000000, 0x00000007f8000000, 0x00000007f9000000|  0%| F|  |TAMS 0x00000007f8000000, 0x00000007f8000000| Untracked 
[2025-05-19T18:14:54.642+0000][10.088s][1668][1784][trace] GC(0) | 485|0x00000007f9000000, 0x00000007f9000000, 0x00000007fa000000|  0%| F|  |TAMS 0x00000007f9000000, 0x00000007f9000000| Untracked 
[2025-05-19T18:14:54.642+0000][10.088s][1668][1784][trace] GC(0) | 486|0x00000007fa000000, 0x00000007fa000000, 0x00000007fb000000|  0%| F|  |TAMS 0x00000007fa000000, 0x00000007fa000000| Untracked 
[2025-05-19T18:14:54.642+0000][10.089s][1668][1784][trace] GC(0) | 487|0x00000007fb000000, 0x00000007fb000000, 0x00000007fc000000|  0%| F|  |TAMS 0x00000007fb000000, 0x00000007fb000000| Untracked 
[2025-05-19T18:14:54.642+0000][10.089s][1668][1784][trace] GC(0) | 488|0x00000007fc000000, 0x00000007fc000000, 0x00000007fd000000|  0%| F|  |TAMS 0x00000007fc000000, 0x00000007fc000000| Untracked 
[2025-05-19T18:14:54.642+0000][10.089s][1668][1784][trace] GC(0) | 489|0x00000007fd000000, 0x00000007fd000000, 0x00000007fe000000|  0%| F|  |TAMS 0x00000007fd000000, 0x00000007fd000000| Untracked 
[2025-05-19T18:14:54.642+0000][10.089s][1668][1784][trace] GC(0) | 490|0x00000007fe000000, 0x00000007fe000000, 0x00000007ff000000|  0%| F|  |TAMS 0x00000007fe000000, 0x00000007fe000000| Untracked 
[2025-05-19T18:14:54.642+0000][10.089s][1668][1784][trace] GC(0) | 491|0x00000007ff000000, 0x00000007ff000000, 0x0000000800000000|  0%| F|  |TAMS 0x00000007ff000000, 0x00000007ff000000| Untracked 
[2025-05-19T18:14:54.642+0000][10.089s][1668][1784][info ] GC(0) Pause Young (Concurrent Start) (Metadata GC Threshold) 167M->27M(7872M) 24.044ms
[2025-05-19T18:14:54.643+0000][10.089s][1668][1773][info ] GC(1) Concurrent Cycle
[2025-05-19T18:14:54.643+0000][10.089s][1668][1784][info ] Leaving safepoint region
[2025-05-19T18:14:54.643+0000][10.089s][1668][1784][info ] Total time for which application threads were stopped: 0.0276475 seconds, Stopping threads took: 0.0000157 seconds
[2025-05-19T18:14:54.657+0000][10.103s][1668][1784][info ] Application time: 0.0142193 seconds
[2025-05-19T18:14:54.657+0000][10.104s][1668][1784][info ] Entering safepoint region: CGC_Operation
[2025-05-19T18:14:54.666+0000][10.112s][1668][1784][info ] GC(1) Pause Remark 35M->35M(7872M) 8.391ms
[2025-05-19T18:14:54.666+0000][10.112s][1668][1784][info ] Leaving safepoint region
[2025-05-19T18:14:54.666+0000][10.112s][1668][1784][info ] Total time for which application threads were stopped: 0.0087766 seconds, Stopping threads took: 0.0000150 seconds
[2025-05-19T18:14:54.667+0000][10.114s][1668][1784][info ] Application time: 0.0013444 seconds
[2025-05-19T18:14:54.667+0000][10.114s][1668][1784][info ] Entering safepoint region: CGC_Operation
[2025-05-19T18:14:54.668+0000][10.114s][1668][1784][info ] GC(1) Pause Cleanup 35M->35M(7872M) 0.218ms
[2025-05-19T18:14:54.668+0000][10.114s][1668][1784][info ] Leaving safepoint region
[2025-05-19T18:14:54.668+0000][10.114s][1668][1784][info ] Total time for which application threads were stopped: 0.0004458 seconds, Stopping threads took: 0.0000700 seconds
[2025-05-19T18:14:54.781+0000][10.227s][1668][1773][info ] GC(1) Concurrent Cycle 138.418ms
[2025-05-19T18:14:55.161+0000][10.608s][1668][1771][trace] Restored java.util.logging.StreamHandler archived mirror 0x00000007bef022e8
[2025-05-19T18:14:55.161+0000][10.608s][1668][1771][trace] Restored java.util.logging.Formatter archived mirror 0x00000007bef021f0
[2025-05-19T18:14:55.161+0000][10.608s][1668][1771][trace] Restored java.util.logging.SimpleFormatter archived mirror 0x00000007bef02140
[2025-05-19T18:14:55.162+0000][10.608s][1668][1771][trace] Restored jdk.internal.logger.SimpleConsoleLogger$Formatting archived mirror 0x00000007bef01ca0
[2025-05-19T18:14:55.162+0000][10.608s][1668][1771][trace] Restored java.util.logging.ErrorManager archived mirror 0x00000007bef01be8
[2025-05-19T18:14:55.163+0000][10.609s][1668][1771][trace] Restored java.util.logging.Handler$1 archived mirror 0x00000007bef01b78
[2025-05-19T18:14:55.163+0000][10.610s][1668][1771][trace] Restored java.util.logging.StreamHandler$1 archived mirror 0x00000007bef01b08
[2025-05-19T18:14:55.203+0000][10.649s][1668][1784][info ] Application time: 0.5349743 seconds
[2025-05-19T18:14:55.203+0000][10.649s][1668][1784][info ] Entering safepoint region: Deoptimize
[2025-05-19T18:14:55.204+0000][10.650s][1668][1784][info ] Leaving safepoint region
[2025-05-19T18:14:55.204+0000][10.650s][1668][1784][info ] Total time for which application threads were stopped: 0.0011819 seconds, Stopping threads took: 0.0000153 seconds
[2025-05-19T18:14:55.236+0000][10.683s][1668][1784][info ] Application time: 0.0322813 seconds
[2025-05-19T18:14:55.236+0000][10.683s][1668][1784][info ] Entering safepoint region: Deoptimize
[2025-05-19T18:14:55.238+0000][10.684s][1668][1784][info ] Leaving safepoint region
[2025-05-19T18:14:55.238+0000][10.684s][1668][1784][info ] Total time for which application threads were stopped: 0.0013433 seconds, Stopping threads took: 0.0000328 seconds
[2025-05-19T18:14:55.388+0000][10.834s][1668][1784][info ] Application time: 0.1499391 seconds
[2025-05-19T18:14:55.388+0000][10.834s][1668][1784][info ] Entering safepoint region: Deoptimize
[2025-05-19T18:14:55.388+0000][10.835s][1668][1784][info ] Leaving safepoint region
[2025-05-19T18:14:55.388+0000][10.835s][1668][1784][info ] Total time for which application threads were stopped: 0.0005950 seconds, Stopping threads took: 0.0000215 seconds
[2025-05-19T18:14:55.443+0000][10.889s][1668][1771][trace] Restored java.time.format.DateTimeFormatter archived mirror 0x00000007bef0c520
[2025-05-19T18:14:55.443+0000][10.889s][1668][1771][trace] Restored java.time.format.DateTimeFormatterBuilder archived mirror 0x00000007bef0c3c0
[2025-05-19T18:14:55.444+0000][10.890s][1668][1771][trace] Restored java.time.temporal.TemporalQuery archived mirror 0x00000007bef0c1a0
[2025-05-19T18:14:55.447+0000][10.893s][1668][1771][trace] Restored java.time.temporal.IsoFields archived mirror 0x00000007bef0b860
[2025-05-19T18:14:55.447+0000][10.893s][1668][1771][trace] Restored java.time.temporal.IsoFields$Field archived mirror 0x00000007bef0b798
[2025-05-19T18:14:55.447+0000][10.894s][1668][1771][trace] Restored java.time.temporal.IsoFields$Field$1 archived mirror 0x00000007bef0b710
[2025-05-19T18:14:55.448+0000][10.894s][1668][1771][trace] Restored java.time.temporal.IsoFields$Field$2 archived mirror 0x00000007bef0b688
[2025-05-19T18:14:55.448+0000][10.894s][1668][1771][trace] Restored java.time.temporal.IsoFields$Field$3 archived mirror 0x00000007bef0b5f8
[2025-05-19T18:14:55.448+0000][10.894s][1668][1771][trace] Restored java.time.temporal.IsoFields$Field$4 archived mirror 0x00000007bef0b570
[2025-05-19T18:14:55.448+0000][10.894s][1668][1771][trace] Restored java.time.temporal.IsoFields$Unit archived mirror 0x00000007bef0b4c8
[2025-05-19T18:14:55.448+0000][10.895s][1668][1771][trace] Restored java.time.temporal.JulianFields archived mirror 0x00000007bef0b428
[2025-05-19T18:14:55.448+0000][10.895s][1668][1771][trace] Restored java.time.temporal.JulianFields$Field archived mirror 0x00000007bef0b368
[2025-05-19T18:14:55.449+0000][10.895s][1668][1771][trace] Restored java.time.format.DateTimeFormatterBuilder$2 archived mirror 0x00000007bef0b2f8
[2025-05-19T18:14:55.449+0000][10.896s][1668][1771][trace] Restored java.time.format.SignStyle archived mirror 0x00000007bef0b248
[2025-05-19T18:14:55.450+0000][10.896s][1668][1771][trace] Restored java.time.format.DateTimeFormatterBuilder$DateTimePrinterParser archived mirror 0x00000007bef0b1d8
[2025-05-19T18:14:55.451+0000][10.898s][1668][1771][trace] Restored java.time.format.DateTimeFormatterBuilder$NumberPrinterParser archived mirror 0x00000007bef0b130
[2025-05-19T18:14:55.455+0000][10.901s][1668][1771][trace] Restored java.time.format.DateTimeFormatterBuilder$CharLiteralPrinterParser archived mirror 0x00000007bef0b0a8
[2025-05-19T18:14:55.455+0000][10.901s][1668][1771][trace] Restored java.time.format.ResolverStyle archived mirror 0x00000007bef0b008
[2025-05-19T18:14:55.456+0000][10.902s][1668][1771][trace] Restored java.time.chrono.Chronology archived mirror 0x00000007bef0af70
[2025-05-19T18:14:55.456+0000][10.902s][1668][1771][trace] Restored java.time.chrono.AbstractChronology archived mirror 0x00000007bef0ae78
[2025-05-19T18:14:55.457+0000][10.903s][1668][1771][trace] Restored java.time.chrono.IsoChronology archived mirror 0x00000007bef0adb0
[2025-05-19T18:14:55.457+0000][10.903s][1668][1771][trace] Restored java.time.format.DateTimeFormatterBuilder$CompositePrinterParser archived mirror 0x00000007bef0abe8
[2025-05-19T18:14:55.457+0000][10.903s][1668][1771][trace] Restored java.time.format.DecimalStyle archived mirror 0x00000007bef0ab50
[2025-05-19T18:14:55.457+0000][10.903s][1668][1771][trace] Restored java.time.format.DateTimeFormatterBuilder$SettingsParser archived mirror 0x00000007bef0aa90
[2025-05-19T18:14:55.457+0000][10.903s][1668][1771][trace] Restored java.time.format.DateTimeFormatterBuilder$OffsetIdPrinterParser archived mirror 0x00000007bef0a968
[2025-05-19T18:14:55.457+0000][10.904s][1668][1771][trace] Restored java.time.format.DateTimeFormatterBuilder$FractionPrinterParser archived mirror 0x00000007bef0a8b8
[2025-05-19T18:14:55.457+0000][10.904s][1668][1771][trace] Restored java.time.format.DateTimeFormatterBuilder$ZoneIdPrinterParser archived mirror 0x00000007bef0a828
[2025-05-19T18:14:55.457+0000][10.904s][1668][1771][trace] Restored java.time.format.DateTimeFormatterBuilder$StringLiteralPrinterParser archived mirror 0x00000007bef0a7a0
[2025-05-19T18:14:55.457+0000][10.904s][1668][1771][trace] Restored java.time.format.DateTimeFormatterBuilder$InstantPrinterParser archived mirror 0x00000007bef0a708
[2025-05-19T18:14:55.457+0000][10.904s][1668][1771][trace] Restored java.time.format.TextStyle archived mirror 0x00000007bef0a5d8
[2025-05-19T18:14:55.458+0000][10.904s][1668][1771][trace] Restored java.time.format.DateTimeTextProvider$LocaleStore archived mirror 0x00000007bef0a4f0
[2025-05-19T18:14:55.458+0000][10.904s][1668][1771][trace] Restored java.time.format.DateTimeTextProvider archived mirror 0x00000007bef0a178
[2025-05-19T18:14:55.458+0000][10.904s][1668][1771][trace] Restored java.time.format.DateTimeTextProvider$1 archived mirror 0x00000007bef0a108
[2025-05-19T18:14:55.458+0000][10.904s][1668][1771][trace] Restored java.time.format.DateTimeFormatterBuilder$1 archived mirror 0x00000007bef09f70
[2025-05-19T18:14:55.458+0000][10.904s][1668][1771][trace] Restored java.time.format.DateTimeFormatterBuilder$TextPrinterParser archived mirror 0x00000007bef09ee0
[2025-05-19T18:14:55.458+0000][10.904s][1668][1771][trace] Restored java.time.chrono.ChronoPeriod archived mirror 0x00000007bef09e58
[2025-05-19T18:14:55.459+0000][10.905s][1668][1771][trace] Restored java.time.Period archived mirror 0x00000007bef09d90
[2025-05-19T18:14:55.921+0000][11.368s][1668][1784][info ] Application time: 0.5330088 seconds
[2025-05-19T18:14:55.922+0000][11.369s][1668][1784][info ] Entering safepoint region: Deoptimize
[2025-05-19T18:14:55.923+0000][11.370s][1668][1784][info ] Leaving safepoint region
[2025-05-19T18:14:55.923+0000][11.370s][1668][1784][info ] Total time for which application threads were stopped: 0.0019888 seconds, Stopping threads took: 0.0008893 seconds
[2025-05-19T18:14:56.187+0000][11.634s][1668][1771][trace] Restored java.math.BigDecimal$1 archived mirror 0x00000007bef08930
[2025-05-19T18:14:56.205+0000][11.652s][1668][1771][trace] Restored java.time.temporal.TemporalQueries archived mirror 0x00000007bef09098
[2025-05-19T18:14:56.205+0000][11.652s][1668][1771][trace] Restored java.time.temporal.TemporalQueries$1 archived mirror 0x00000007bef09010
[2025-05-19T18:14:56.205+0000][11.652s][1668][1771][trace] Restored java.time.temporal.TemporalQueries$2 archived mirror 0x00000007bef08f88
[2025-05-19T18:14:56.205+0000][11.652s][1668][1771][trace] Restored java.time.temporal.TemporalQueries$3 archived mirror 0x00000007bef08f00
[2025-05-19T18:14:56.205+0000][11.652s][1668][1771][trace] Restored java.time.temporal.TemporalQueries$4 archived mirror 0x00000007bef08e78
[2025-05-19T18:14:56.205+0000][11.652s][1668][1771][trace] Restored java.time.temporal.TemporalQueries$5 archived mirror 0x00000007bef08df0
[2025-05-19T18:14:56.205+0000][11.652s][1668][1771][trace] Restored java.time.temporal.TemporalQueries$6 archived mirror 0x00000007bef08d68
[2025-05-19T18:14:56.205+0000][11.652s][1668][1771][trace] Restored java.time.temporal.TemporalQueries$7 archived mirror 0x00000007bef08ce0
[2025-05-19T18:14:56.925+0000][12.371s][1668][1784][info ] Application time: 1.0014113 seconds
[2025-05-19T18:14:56.926+0000][12.372s][1668][1784][info ] Entering safepoint region: Cleanup
[2025-05-19T18:14:56.926+0000][12.373s][1668][1784][info ] Leaving safepoint region
[2025-05-19T18:14:56.926+0000][12.373s][1668][1784][info ] Total time for which application threads were stopped: 0.0014566 seconds, Stopping threads took: 0.0012364 seconds
[2025-05-19T18:14:57.517+0000][12.964s][1668][1784][info ] Application time: 0.5906729 seconds
[2025-05-19T18:14:57.517+0000][12.964s][1668][1784][info ] Entering safepoint region: Deoptimize
[2025-05-19T18:14:57.518+0000][12.964s][1668][1784][info ] Leaving safepoint region
[2025-05-19T18:14:57.518+0000][12.964s][1668][1784][info ] Total time for which application threads were stopped: 0.0006839 seconds, Stopping threads took: 0.0000170 seconds
[2025-05-19T18:14:57.650+0000][13.096s][1668][1784][info ] Application time: 0.1317051 seconds
[2025-05-19T18:14:57.650+0000][13.096s][1668][1784][info ] Entering safepoint region: Deoptimize
[2025-05-19T18:14:57.650+0000][13.097s][1668][1784][info ] Leaving safepoint region
[2025-05-19T18:14:57.650+0000][13.097s][1668][1784][info ] Total time for which application threads were stopped: 0.0006227 seconds, Stopping threads took: 0.0000125 seconds
[2025-05-19T18:14:57.690+0000][13.136s][1668][1784][info ] Application time: 0.0392826 seconds
[2025-05-19T18:14:57.690+0000][13.136s][1668][1784][info ] Entering safepoint region: CollectForMetadataAllocation
[2025-05-19T18:14:57.690+0000][13.136s][1668][1784][debug] GC(2) Heap before GC invocations=2 (full 0): garbage-first heap   total 8060928K, used 322667K [0x0000000614000000, 0x0000000800000000)
[2025-05-19T18:14:57.690+0000][13.136s][1668][1784][debug] GC(2)   region size 16384K, 21 young (344064K), 1 survivors (16384K)
[2025-05-19T18:14:57.690+0000][13.136s][1668][1784][debug] GC(2)  Metaspace       used 34630K, capacity 35771K, committed 35840K, reserved 1081344K
[2025-05-19T18:14:57.690+0000][13.136s][1668][1784][debug] GC(2)   class space    used 3927K, capacity 4452K, committed 4480K, reserved 1048576K
[2025-05-19T18:14:57.690+0000][13.136s][1668][1784][trace] GC(2) Heap Regions: E=young(eden), S=young(survivor), O=old, HS=humongous(starts), HC=humongous(continues), CS=collection set, F=free, A=archive, TAMS=top-at-mark-start (previous, next)
[2025-05-19T18:14:57.690+0000][13.136s][1668][1784][trace] GC(2) |   0|0x0000000614000000, 0x0000000614000000, 0x0000000615000000|  0%| F|  |TAMS 0x0000000614000000, 0x0000000614000000| Untracked 
[2025-05-19T18:14:57.690+0000][13.136s][1668][1784][trace] GC(2) |   1|0x0000000615000000, 0x0000000615000000, 0x0000000616000000|  0%| F|  |TAMS 0x0000000615000000, 0x0000000615000000| Untracked 
[2025-05-19T18:14:57.690+0000][13.136s][1668][1784][trace] GC(2) |   2|0x0000000616000000, 0x0000000616000000, 0x0000000617000000|  0%| F|  |TAMS 0x0000000616000000, 0x0000000616000000| Untracked 
[2025-05-19T18:14:57.690+0000][13.136s][1668][1784][trace] GC(2) |   3|0x0000000617000000, 0x0000000617000000, 0x0000000618000000|  0%| F|  |TAMS 0x0000000617000000, 0x0000000617000000| Untracked 
[2025-05-19T18:14:57.690+0000][13.136s][1668][1784][trace] GC(2) |   4|0x0000000618000000, 0x0000000618000000, 0x0000000619000000|  0%| F|  |TAMS 0x0000000618000000, 0x0000000618000000| Untracked 
[2025-05-19T18:14:57.690+0000][13.136s][1668][1784][trace] GC(2) |   5|0x0000000619000000, 0x0000000619000000, 0x000000061a000000|  0%| F|  |TAMS 0x0000000619000000, 0x0000000619000000| Untracked 
[2025-05-19T18:14:57.690+0000][13.136s][1668][1784][trace] GC(2) |   6|0x000000061a000000, 0x000000061a000000, 0x000000061b000000|  0%| F|  |TAMS 0x000000061a000000, 0x000000061a000000| Untracked 
[2025-05-19T18:14:57.690+0000][13.136s][1668][1784][trace] GC(2) |   7|0x000000061b000000, 0x000000061b000000, 0x000000061c000000|  0%| F|  |TAMS 0x000000061b000000, 0x000000061b000000| Untracked 
[2025-05-19T18:14:57.690+0000][13.136s][1668][1784][trace] GC(2) |   8|0x000000061c000000, 0x000000061c000000, 0x000000061d000000|  0%| F|  |TAMS 0x000000061c000000, 0x000000061c000000| Untracked 
[2025-05-19T18:14:57.690+0000][13.136s][1668][1784][trace] GC(2) |   9|0x000000061d000000, 0x000000061d000000, 0x000000061e000000|  0%| F|  |TAMS 0x000000061d000000, 0x000000061d000000| Untracked 
[2025-05-19T18:14:57.690+0000][13.136s][1668][1784][trace] GC(2) |  10|0x000000061e000000, 0x000000061e000000, 0x000000061f000000|  0%| F|  |TAMS 0x000000061e000000, 0x000000061e000000| Untracked 
[2025-05-19T18:14:57.690+0000][13.136s][1668][1784][trace] GC(2) |  11|0x000000061f000000, 0x000000061f000000, 0x0000000620000000|  0%| F|  |TAMS 0x000000061f000000, 0x000000061f000000| Untracked 
[2025-05-19T18:14:57.690+0000][13.137s][1668][1784][trace] GC(2) |  12|0x0000000620000000, 0x0000000620000000, 0x0000000621000000|  0%| F|  |TAMS 0x0000000620000000, 0x0000000620000000| Untracked 
[2025-05-19T18:14:57.690+0000][13.137s][1668][1784][trace] GC(2) |  13|0x0000000621000000, 0x0000000621000000, 0x0000000622000000|  0%| F|  |TAMS 0x0000000621000000, 0x0000000621000000| Untracked 
[2025-05-19T18:14:57.690+0000][13.137s][1668][1784][trace] GC(2) |  14|0x0000000622000000, 0x0000000622000000, 0x0000000623000000|  0%| F|  |TAMS 0x0000000622000000, 0x0000000622000000| Untracked 
[2025-05-19T18:14:57.690+0000][13.137s][1668][1784][trace] GC(2) |  15|0x0000000623000000, 0x0000000623000000, 0x0000000624000000|  0%| F|  |TAMS 0x0000000623000000, 0x0000000623000000| Untracked 
[2025-05-19T18:14:57.690+0000][13.137s][1668][1784][trace] GC(2) |  16|0x0000000624000000, 0x0000000624000000, 0x0000000625000000|  0%| F|  |TAMS 0x0000000624000000, 0x0000000624000000| Untracked 
[2025-05-19T18:14:57.690+0000][13.137s][1668][1784][trace] GC(2) |  17|0x0000000625000000, 0x0000000625000000, 0x0000000626000000|  0%| F|  |TAMS 0x0000000625000000, 0x0000000625000000| Untracked 
[2025-05-19T18:14:57.690+0000][13.137s][1668][1784][trace] GC(2) |  18|0x0000000626000000, 0x0000000626000000, 0x0000000627000000|  0%| F|  |TAMS 0x0000000626000000, 0x0000000626000000| Untracked 
[2025-05-19T18:14:57.690+0000][13.137s][1668][1784][trace] GC(2) |  19|0x0000000627000000, 0x0000000627000000, 0x0000000628000000|  0%| F|  |TAMS 0x0000000627000000, 0x0000000627000000| Untracked 
[2025-05-19T18:14:57.690+0000][13.137s][1668][1784][trace] GC(2) |  20|0x0000000628000000, 0x0000000628000000, 0x0000000629000000|  0%| F|  |TAMS 0x0000000628000000, 0x0000000628000000| Untracked 
[2025-05-19T18:14:57.690+0000][13.137s][1668][1784][trace] GC(2) |  21|0x0000000629000000, 0x0000000629000000, 0x000000062a000000|  0%| F|  |TAMS 0x0000000629000000, 0x0000000629000000| Untracked 
[2025-05-19T18:14:57.690+0000][13.137s][1668][1784][trace] GC(2) |  22|0x000000062a000000, 0x000000062a000000, 0x000000062b000000|  0%| F|  |TAMS 0x000000062a000000, 0x000000062a000000| Untracked 
[2025-05-19T18:14:57.690+0000][13.137s][1668][1784][trace] GC(2) |  23|0x000000062b000000, 0x000000062b000000, 0x000000062c000000|  0%| F|  |TAMS 0x000000062b000000, 0x000000062b000000| Untracked 
[2025-05-19T18:14:57.690+0000][13.137s][1668][1784][trace] GC(2) |  24|0x000000062c000000, 0x000000062c000000, 0x000000062d000000|  0%| F|  |TAMS 0x000000062c000000, 0x000000062c000000| Untracked 
[2025-05-19T18:14:57.690+0000][13.137s][1668][1784][trace] GC(2) |  25|0x000000062d000000, 0x000000062d000000, 0x000000062e000000|  0%| F|  |TAMS 0x000000062d000000, 0x000000062d000000| Untracked 
[2025-05-19T18:14:57.690+0000][13.137s][1668][1784][trace] GC(2) |  26|0x000000062e000000, 0x000000062e000000, 0x000000062f000000|  0%| F|  |TAMS 0x000000062e000000, 0x000000062e000000| Untracked 
[2025-05-19T18:14:57.690+0000][13.137s][1668][1784][trace] GC(2) |  27|0x000000062f000000, 0x000000062f000000, 0x0000000630000000|  0%| F|  |TAMS 0x000000062f000000, 0x000000062f000000| Untracked 
[2025-05-19T18:14:57.690+0000][13.137s][1668][1784][trace] GC(2) |  28|0x0000000630000000, 0x0000000630000000, 0x0000000631000000|  0%| F|  |TAMS 0x0000000630000000, 0x0000000630000000| Untracked 
[2025-05-19T18:14:57.690+0000][13.137s][1668][1784][trace] GC(2) |  29|0x0000000631000000, 0x0000000631000000, 0x0000000632000000|  0%| F|  |TAMS 0x0000000631000000, 0x0000000631000000| Untracked 
[2025-05-19T18:14:57.690+0000][13.137s][1668][1784][trace] GC(2) |  30|0x0000000632000000, 0x0000000632000000, 0x0000000633000000|  0%| F|  |TAMS 0x0000000632000000, 0x0000000632000000| Untracked 
[2025-05-19T18:14:57.690+0000][13.137s][1668][1784][trace] GC(2) |  31|0x0000000633000000, 0x0000000633000000, 0x0000000634000000|  0%| F|  |TAMS 0x0000000633000000, 0x0000000633000000| Untracked 
[2025-05-19T18:14:57.690+0000][13.137s][1668][1784][trace] GC(2) |  32|0x0000000634000000, 0x0000000634000000, 0x0000000635000000|  0%| F|  |TAMS 0x0000000634000000, 0x0000000634000000| Untracked 
[2025-05-19T18:14:57.690+0000][13.137s][1668][1784][trace] GC(2) |  33|0x0000000635000000, 0x0000000635000000, 0x0000000636000000|  0%| F|  |TAMS 0x0000000635000000, 0x0000000635000000| Untracked 
[2025-05-19T18:14:57.690+0000][13.137s][1668][1784][trace] GC(2) |  34|0x0000000636000000, 0x0000000636000000, 0x0000000637000000|  0%| F|  |TAMS 0x0000000636000000, 0x0000000636000000| Untracked 
[2025-05-19T18:14:57.690+0000][13.137s][1668][1784][trace] GC(2) |  35|0x0000000637000000, 0x0000000637000000, 0x0000000638000000|  0%| F|  |TAMS 0x0000000637000000, 0x0000000637000000| Untracked 
[2025-05-19T18:14:57.690+0000][13.137s][1668][1784][trace] GC(2) |  36|0x0000000638000000, 0x0000000638000000, 0x0000000639000000|  0%| F|  |TAMS 0x0000000638000000, 0x0000000638000000| Untracked 
[2025-05-19T18:14:57.690+0000][13.137s][1668][1784][trace] GC(2) |  37|0x0000000639000000, 0x0000000639000000, 0x000000063a000000|  0%| F|  |TAMS 0x0000000639000000, 0x0000000639000000| Untracked 
[2025-05-19T18:14:57.690+0000][13.137s][1668][1784][trace] GC(2) |  38|0x000000063a000000, 0x000000063a000000, 0x000000063b000000|  0%| F|  |TAMS 0x000000063a000000, 0x000000063a000000| Untracked 
[2025-05-19T18:14:57.690+0000][13.137s][1668][1784][trace] GC(2) |  39|0x000000063b000000, 0x000000063b000000, 0x000000063c000000|  0%| F|  |TAMS 0x000000063b000000, 0x000000063b000000| Untracked 
[2025-05-19T18:14:57.690+0000][13.137s][1668][1784][trace] GC(2) |  40|0x000000063c000000, 0x000000063c000000, 0x000000063d000000|  0%| F|  |TAMS 0x000000063c000000, 0x000000063c000000| Untracked 
[2025-05-19T18:14:57.690+0000][13.137s][1668][1784][trace] GC(2) |  41|0x000000063d000000, 0x000000063d000000, 0x000000063e000000|  0%| F|  |TAMS 0x000000063d000000, 0x000000063d000000| Untracked 
[2025-05-19T18:14:57.690+0000][13.137s][1668][1784][trace] GC(2) |  42|0x000000063e000000, 0x000000063e000000, 0x000000063f000000|  0%| F|  |TAMS 0x000000063e000000, 0x000000063e000000| Untracked 
[2025-05-19T18:14:57.690+0000][13.137s][1668][1784][trace] GC(2) |  43|0x000000063f000000, 0x000000063f000000, 0x0000000640000000|  0%| F|  |TAMS 0x000000063f000000, 0x000000063f000000| Untracked 
[2025-05-19T18:14:57.690+0000][13.137s][1668][1784][trace] GC(2) |  44|0x0000000640000000, 0x0000000640000000, 0x0000000641000000|  0%| F|  |TAMS 0x0000000640000000, 0x0000000640000000| Untracked 
[2025-05-19T18:14:57.690+0000][13.137s][1668][1784][trace] GC(2) |  45|0x0000000641000000, 0x0000000641000000, 0x0000000642000000|  0%| F|  |TAMS 0x0000000641000000, 0x0000000641000000| Untracked 
[2025-05-19T18:14:57.690+0000][13.137s][1668][1784][trace] GC(2) |  46|0x0000000642000000, 0x0000000642000000, 0x0000000643000000|  0%| F|  |TAMS 0x0000000642000000, 0x0000000642000000| Untracked 
[2025-05-19T18:14:57.690+0000][13.137s][1668][1784][trace] GC(2) |  47|0x0000000643000000, 0x0000000643000000, 0x0000000644000000|  0%| F|  |TAMS 0x0000000643000000, 0x0000000643000000| Untracked 
[2025-05-19T18:14:57.690+0000][13.137s][1668][1784][trace] GC(2) |  48|0x0000000644000000, 0x0000000644000000, 0x0000000645000000|  0%| F|  |TAMS 0x0000000644000000, 0x0000000644000000| Untracked 
[2025-05-19T18:14:57.690+0000][13.137s][1668][1784][trace] GC(2) |  49|0x0000000645000000, 0x0000000645000000, 0x0000000646000000|  0%| F|  |TAMS 0x0000000645000000, 0x0000000645000000| Untracked 
[2025-05-19T18:14:57.690+0000][13.137s][1668][1784][trace] GC(2) |  50|0x0000000646000000, 0x0000000646000000, 0x0000000647000000|  0%| F|  |TAMS 0x0000000646000000, 0x0000000646000000| Untracked 
[2025-05-19T18:14:57.690+0000][13.137s][1668][1784][trace] GC(2) |  51|0x0000000647000000, 0x0000000647000000, 0x0000000648000000|  0%| F|  |TAMS 0x0000000647000000, 0x0000000647000000| Untracked 
[2025-05-19T18:14:57.690+0000][13.137s][1668][1784][trace] GC(2) |  52|0x0000000648000000, 0x0000000648000000, 0x0000000649000000|  0%| F|  |TAMS 0x0000000648000000, 0x0000000648000000| Untracked 
[2025-05-19T18:14:57.690+0000][13.137s][1668][1784][trace] GC(2) |  53|0x0000000649000000, 0x0000000649000000, 0x000000064a000000|  0%| F|  |TAMS 0x0000000649000000, 0x0000000649000000| Untracked 
[2025-05-19T18:14:57.690+0000][13.137s][1668][1784][trace] GC(2) |  54|0x000000064a000000, 0x000000064a000000, 0x000000064b000000|  0%| F|  |TAMS 0x000000064a000000, 0x000000064a000000| Untracked 
[2025-05-19T18:14:57.690+0000][13.137s][1668][1784][trace] GC(2) |  55|0x000000064b000000, 0x000000064b000000, 0x000000064c000000|  0%| F|  |TAMS 0x000000064b000000, 0x000000064b000000| Untracked 
[2025-05-19T18:14:57.690+0000][13.137s][1668][1784][trace] GC(2) |  56|0x000000064c000000, 0x000000064c000000, 0x000000064d000000|  0%| F|  |TAMS 0x000000064c000000, 0x000000064c000000| Untracked 
[2025-05-19T18:14:57.690+0000][13.137s][1668][1784][trace] GC(2) |  57|0x000000064d000000, 0x000000064d000000, 0x000000064e000000|  0%| F|  |TAMS 0x000000064d000000, 0x000000064d000000| Untracked 
[2025-05-19T18:14:57.690+0000][13.137s][1668][1784][trace] GC(2) |  58|0x000000064e000000, 0x000000064e000000, 0x000000064f000000|  0%| F|  |TAMS 0x000000064e000000, 0x000000064e000000| Untracked 
[2025-05-19T18:14:57.690+0000][13.137s][1668][1784][trace] GC(2) |  59|0x000000064f000000, 0x000000064f000000, 0x0000000650000000|  0%| F|  |TAMS 0x000000064f000000, 0x000000064f000000| Untracked 
[2025-05-19T18:14:57.690+0000][13.137s][1668][1784][trace] GC(2) |  60|0x0000000650000000, 0x0000000650000000, 0x0000000651000000|  0%| F|  |TAMS 0x0000000650000000, 0x0000000650000000| Untracked 
[2025-05-19T18:14:57.690+0000][13.137s][1668][1784][trace] GC(2) |  61|0x0000000651000000, 0x0000000651000000, 0x0000000652000000|  0%| F|  |TAMS 0x0000000651000000, 0x0000000651000000| Untracked 
[2025-05-19T18:14:57.690+0000][13.137s][1668][1784][trace] GC(2) |  62|0x0000000652000000, 0x0000000652000000, 0x0000000653000000|  0%| F|  |TAMS 0x0000000652000000, 0x0000000652000000| Untracked 
[2025-05-19T18:14:57.690+0000][13.137s][1668][1784][trace] GC(2) |  63|0x0000000653000000, 0x0000000653000000, 0x0000000654000000|  0%| F|  |TAMS 0x0000000653000000, 0x0000000653000000| Untracked 
[2025-05-19T18:14:57.690+0000][13.137s][1668][1784][trace] GC(2) |  64|0x0000000654000000, 0x0000000654000000, 0x0000000655000000|  0%| F|  |TAMS 0x0000000654000000, 0x0000000654000000| Untracked 
[2025-05-19T18:14:57.690+0000][13.137s][1668][1784][trace] GC(2) |  65|0x0000000655000000, 0x0000000655000000, 0x0000000656000000|  0%| F|  |TAMS 0x0000000655000000, 0x0000000655000000| Untracked 
[2025-05-19T18:14:57.690+0000][13.137s][1668][1784][trace] GC(2) |  66|0x0000000656000000, 0x0000000656000000, 0x0000000657000000|  0%| F|  |TAMS 0x0000000656000000, 0x0000000656000000| Untracked 
[2025-05-19T18:14:57.690+0000][13.137s][1668][1784][trace] GC(2) |  67|0x0000000657000000, 0x0000000657000000, 0x0000000658000000|  0%| F|  |TAMS 0x0000000657000000, 0x0000000657000000| Untracked 
[2025-05-19T18:14:57.691+0000][13.137s][1668][1784][trace] GC(2) |  68|0x0000000658000000, 0x0000000658000000, 0x0000000659000000|  0%| F|  |TAMS 0x0000000658000000, 0x0000000658000000| Untracked 
[2025-05-19T18:14:57.691+0000][13.137s][1668][1784][trace] GC(2) |  69|0x0000000659000000, 0x0000000659000000, 0x000000065a000000|  0%| F|  |TAMS 0x0000000659000000, 0x0000000659000000| Untracked 
[2025-05-19T18:14:57.691+0000][13.137s][1668][1784][trace] GC(2) |  70|0x000000065a000000, 0x000000065a000000, 0x000000065b000000|  0%| F|  |TAMS 0x000000065a000000, 0x000000065a000000| Untracked 
[2025-05-19T18:14:57.691+0000][13.137s][1668][1784][trace] GC(2) |  71|0x000000065b000000, 0x000000065b000000, 0x000000065c000000|  0%| F|  |TAMS 0x000000065b000000, 0x000000065b000000| Untracked 
[2025-05-19T18:14:57.691+0000][13.137s][1668][1784][trace] GC(2) |  72|0x000000065c000000, 0x000000065c000000, 0x000000065d000000|  0%| F|  |TAMS 0x000000065c000000, 0x000000065c000000| Untracked 
[2025-05-19T18:14:57.691+0000][13.137s][1668][1784][trace] GC(2) |  73|0x000000065d000000, 0x000000065d000000, 0x000000065e000000|  0%| F|  |TAMS 0x000000065d000000, 0x000000065d000000| Untracked 
[2025-05-19T18:14:57.691+0000][13.137s][1668][1784][trace] GC(2) |  74|0x000000065e000000, 0x000000065e000000, 0x000000065f000000|  0%| F|  |TAMS 0x000000065e000000, 0x000000065e000000| Untracked 
[2025-05-19T18:14:57.691+0000][13.137s][1668][1784][trace] GC(2) |  75|0x000000065f000000, 0x000000065f000000, 0x0000000660000000|  0%| F|  |TAMS 0x000000065f000000, 0x000000065f000000| Untracked 
[2025-05-19T18:14:57.691+0000][13.137s][1668][1784][trace] GC(2) |  76|0x0000000660000000, 0x0000000660000000, 0x0000000661000000|  0%| F|  |TAMS 0x0000000660000000, 0x0000000660000000| Untracked 
[2025-05-19T18:14:57.691+0000][13.137s][1668][1784][trace] GC(2) |  77|0x0000000661000000, 0x0000000661000000, 0x0000000662000000|  0%| F|  |TAMS 0x0000000661000000, 0x0000000661000000| Untracked 
[2025-05-19T18:14:57.691+0000][13.137s][1668][1784][trace] GC(2) |  78|0x0000000662000000, 0x0000000662000000, 0x0000000663000000|  0%| F|  |TAMS 0x0000000662000000, 0x0000000662000000| Untracked 
[2025-05-19T18:14:57.691+0000][13.137s][1668][1784][trace] GC(2) |  79|0x0000000663000000, 0x0000000663000000, 0x0000000664000000|  0%| F|  |TAMS 0x0000000663000000, 0x0000000663000000| Untracked 
[2025-05-19T18:14:57.691+0000][13.137s][1668][1784][trace] GC(2) |  80|0x0000000664000000, 0x0000000664000000, 0x0000000665000000|  0%| F|  |TAMS 0x0000000664000000, 0x0000000664000000| Untracked 
[2025-05-19T18:14:57.691+0000][13.137s][1668][1784][trace] GC(2) |  81|0x0000000665000000, 0x0000000665000000, 0x0000000666000000|  0%| F|  |TAMS 0x0000000665000000, 0x0000000665000000| Untracked 
[2025-05-19T18:14:57.691+0000][13.137s][1668][1784][trace] GC(2) |  82|0x0000000666000000, 0x0000000666000000, 0x0000000667000000|  0%| F|  |TAMS 0x0000000666000000, 0x0000000666000000| Untracked 
[2025-05-19T18:14:57.691+0000][13.137s][1668][1784][trace] GC(2) |  83|0x0000000667000000, 0x0000000667000000, 0x0000000668000000|  0%| F|  |TAMS 0x0000000667000000, 0x0000000667000000| Untracked 
[2025-05-19T18:14:57.691+0000][13.137s][1668][1784][trace] GC(2) |  84|0x0000000668000000, 0x0000000668000000, 0x0000000669000000|  0%| F|  |TAMS 0x0000000668000000, 0x0000000668000000| Untracked 
[2025-05-19T18:14:57.691+0000][13.137s][1668][1784][trace] GC(2) |  85|0x0000000669000000, 0x0000000669000000, 0x000000066a000000|  0%| F|  |TAMS 0x0000000669000000, 0x0000000669000000| Untracked 
[2025-05-19T18:14:57.691+0000][13.137s][1668][1784][trace] GC(2) |  86|0x000000066a000000, 0x000000066a000000, 0x000000066b000000|  0%| F|  |TAMS 0x000000066a000000, 0x000000066a000000| Untracked 
[2025-05-19T18:14:57.691+0000][13.137s][1668][1784][trace] GC(2) |  87|0x000000066b000000, 0x000000066b000000, 0x000000066c000000|  0%| F|  |TAMS 0x000000066b000000, 0x000000066b000000| Untracked 
[2025-05-19T18:14:57.691+0000][13.137s][1668][1784][trace] GC(2) |  88|0x000000066c000000, 0x000000066c000000, 0x000000066d000000|  0%| F|  |TAMS 0x000000066c000000, 0x000000066c000000| Untracked 
[2025-05-19T18:14:57.691+0000][13.137s][1668][1784][trace] GC(2) |  89|0x000000066d000000, 0x000000066d000000, 0x000000066e000000|  0%| F|  |TAMS 0x000000066d000000, 0x000000066d000000| Untracked 
[2025-05-19T18:14:57.691+0000][13.137s][1668][1784][trace] GC(2) |  90|0x000000066e000000, 0x000000066e000000, 0x000000066f000000|  0%| F|  |TAMS 0x000000066e000000, 0x000000066e000000| Untracked 
[2025-05-19T18:14:57.691+0000][13.137s][1668][1784][trace] GC(2) |  91|0x000000066f000000, 0x000000066f000000, 0x0000000670000000|  0%| F|  |TAMS 0x000000066f000000, 0x000000066f000000| Untracked 
[2025-05-19T18:14:57.691+0000][13.137s][1668][1784][trace] GC(2) |  92|0x0000000670000000, 0x0000000670000000, 0x0000000671000000|  0%| F|  |TAMS 0x0000000670000000, 0x0000000670000000| Untracked 
[2025-05-19T18:14:57.691+0000][13.137s][1668][1784][trace] GC(2) |  93|0x0000000671000000, 0x0000000671000000, 0x0000000672000000|  0%| F|  |TAMS 0x0000000671000000, 0x0000000671000000| Untracked 
[2025-05-19T18:14:57.691+0000][13.137s][1668][1784][trace] GC(2) |  94|0x0000000672000000, 0x0000000672000000, 0x0000000673000000|  0%| F|  |TAMS 0x0000000672000000, 0x0000000672000000| Untracked 
[2025-05-19T18:14:57.691+0000][13.137s][1668][1784][trace] GC(2) |  95|0x0000000673000000, 0x0000000673000000, 0x0000000674000000|  0%| F|  |TAMS 0x0000000673000000, 0x0000000673000000| Untracked 
[2025-05-19T18:14:57.691+0000][13.137s][1668][1784][trace] GC(2) |  96|0x0000000674000000, 0x0000000674000000, 0x0000000675000000|  0%| F|  |TAMS 0x0000000674000000, 0x0000000674000000| Untracked 
[2025-05-19T18:14:57.691+0000][13.137s][1668][1784][trace] GC(2) |  97|0x0000000675000000, 0x0000000675000000, 0x0000000676000000|  0%| F|  |TAMS 0x0000000675000000, 0x0000000675000000| Untracked 
[2025-05-19T18:14:57.691+0000][13.137s][1668][1784][trace] GC(2) |  98|0x0000000676000000, 0x0000000676000000, 0x0000000677000000|  0%| F|  |TAMS 0x0000000676000000, 0x0000000676000000| Untracked 
[2025-05-19T18:14:57.691+0000][13.137s][1668][1784][trace] GC(2) |  99|0x0000000677000000, 0x0000000677000000, 0x0000000678000000|  0%| F|  |TAMS 0x0000000677000000, 0x0000000677000000| Untracked 
[2025-05-19T18:14:57.691+0000][13.137s][1668][1784][trace] GC(2) | 100|0x0000000678000000, 0x0000000678000000, 0x0000000679000000|  0%| F|  |TAMS 0x0000000678000000, 0x0000000678000000| Untracked 
[2025-05-19T18:14:57.691+0000][13.137s][1668][1784][trace] GC(2) | 101|0x0000000679000000, 0x0000000679000000, 0x000000067a000000|  0%| F|  |TAMS 0x0000000679000000, 0x0000000679000000| Untracked 
[2025-05-19T18:14:57.691+0000][13.137s][1668][1784][trace] GC(2) | 102|0x000000067a000000, 0x000000067a000000, 0x000000067b000000|  0%| F|  |TAMS 0x000000067a000000, 0x000000067a000000| Untracked 
[2025-05-19T18:14:57.691+0000][13.137s][1668][1784][trace] GC(2) | 103|0x000000067b000000, 0x000000067b000000, 0x000000067c000000|  0%| F|  |TAMS 0x000000067b000000, 0x000000067b000000| Untracked 
[2025-05-19T18:14:57.691+0000][13.137s][1668][1784][trace] GC(2) | 104|0x000000067c000000, 0x000000067c000000, 0x000000067d000000|  0%| F|  |TAMS 0x000000067c000000, 0x000000067c000000| Untracked 
[2025-05-19T18:14:57.691+0000][13.137s][1668][1784][trace] GC(2) | 105|0x000000067d000000, 0x000000067d000000, 0x000000067e000000|  0%| F|  |TAMS 0x000000067d000000, 0x000000067d000000| Untracked 
[2025-05-19T18:14:57.691+0000][13.137s][1668][1784][trace] GC(2) | 106|0x000000067e000000, 0x000000067e000000, 0x000000067f000000|  0%| F|  |TAMS 0x000000067e000000, 0x000000067e000000| Untracked 
[2025-05-19T18:14:57.691+0000][13.137s][1668][1784][trace] GC(2) | 107|0x000000067f000000, 0x000000067f000000, 0x0000000680000000|  0%| F|  |TAMS 0x000000067f000000, 0x000000067f000000| Untracked 
[2025-05-19T18:14:57.691+0000][13.137s][1668][1784][trace] GC(2) | 108|0x0000000680000000, 0x0000000680000000, 0x0000000681000000|  0%| F|  |TAMS 0x0000000680000000, 0x0000000680000000| Untracked 
[2025-05-19T18:14:57.691+0000][13.137s][1668][1784][trace] GC(2) | 109|0x0000000681000000, 0x0000000681000000, 0x0000000682000000|  0%| F|  |TAMS 0x0000000681000000, 0x0000000681000000| Untracked 
[2025-05-19T18:14:57.691+0000][13.137s][1668][1784][trace] GC(2) | 110|0x0000000682000000, 0x0000000682000000, 0x0000000683000000|  0%| F|  |TAMS 0x0000000682000000, 0x0000000682000000| Untracked 
[2025-05-19T18:14:57.691+0000][13.137s][1668][1784][trace] GC(2) | 111|0x0000000683000000, 0x0000000683000000, 0x0000000684000000|  0%| F|  |TAMS 0x0000000683000000, 0x0000000683000000| Untracked 
[2025-05-19T18:14:57.691+0000][13.137s][1668][1784][trace] GC(2) | 112|0x0000000684000000, 0x0000000684000000, 0x0000000685000000|  0%| F|  |TAMS 0x0000000684000000, 0x0000000684000000| Untracked 
[2025-05-19T18:14:57.691+0000][13.137s][1668][1784][trace] GC(2) | 113|0x0000000685000000, 0x0000000685000000, 0x0000000686000000|  0%| F|  |TAMS 0x0000000685000000, 0x0000000685000000| Untracked 
[2025-05-19T18:14:57.691+0000][13.137s][1668][1784][trace] GC(2) | 114|0x0000000686000000, 0x0000000686000000, 0x0000000687000000|  0%| F|  |TAMS 0x0000000686000000, 0x0000000686000000| Untracked 
[2025-05-19T18:14:57.691+0000][13.137s][1668][1784][trace] GC(2) | 115|0x0000000687000000, 0x0000000687000000, 0x0000000688000000|  0%| F|  |TAMS 0x0000000687000000, 0x0000000687000000| Untracked 
[2025-05-19T18:14:57.691+0000][13.137s][1668][1784][trace] GC(2) | 116|0x0000000688000000, 0x0000000688000000, 0x0000000689000000|  0%| F|  |TAMS 0x0000000688000000, 0x0000000688000000| Untracked 
[2025-05-19T18:14:57.691+0000][13.137s][1668][1784][trace] GC(2) | 117|0x0000000689000000, 0x0000000689000000, 0x000000068a000000|  0%| F|  |TAMS 0x0000000689000000, 0x0000000689000000| Untracked 
[2025-05-19T18:14:57.691+0000][13.137s][1668][1784][trace] GC(2) | 118|0x000000068a000000, 0x000000068a000000, 0x000000068b000000|  0%| F|  |TAMS 0x000000068a000000, 0x000000068a000000| Untracked 
[2025-05-19T18:14:57.691+0000][13.137s][1668][1784][trace] GC(2) | 119|0x000000068b000000, 0x000000068b000000, 0x000000068c000000|  0%| F|  |TAMS 0x000000068b000000, 0x000000068b000000| Untracked 
[2025-05-19T18:14:57.691+0000][13.137s][1668][1784][trace] GC(2) | 120|0x000000068c000000, 0x000000068c000000, 0x000000068d000000|  0%| F|  |TAMS 0x000000068c000000, 0x000000068c000000| Untracked 
[2025-05-19T18:14:57.691+0000][13.137s][1668][1784][trace] GC(2) | 121|0x000000068d000000, 0x000000068d000000, 0x000000068e000000|  0%| F|  |TAMS 0x000000068d000000, 0x000000068d000000| Untracked 
[2025-05-19T18:14:57.691+0000][13.137s][1668][1784][trace] GC(2) | 122|0x000000068e000000, 0x000000068e000000, 0x000000068f000000|  0%| F|  |TAMS 0x000000068e000000, 0x000000068e000000| Untracked 
[2025-05-19T18:14:57.691+0000][13.137s][1668][1784][trace] GC(2) | 123|0x000000068f000000, 0x000000068f000000, 0x0000000690000000|  0%| F|  |TAMS 0x000000068f000000, 0x000000068f000000| Untracked 
[2025-05-19T18:14:57.691+0000][13.137s][1668][1784][trace] GC(2) | 124|0x0000000690000000, 0x0000000690000000, 0x0000000691000000|  0%| F|  |TAMS 0x0000000690000000, 0x0000000690000000| Untracked 
[2025-05-19T18:14:57.691+0000][13.137s][1668][1784][trace] GC(2) | 125|0x0000000691000000, 0x0000000691000000, 0x0000000692000000|  0%| F|  |TAMS 0x0000000691000000, 0x0000000691000000| Untracked 
[2025-05-19T18:14:57.691+0000][13.137s][1668][1784][trace] GC(2) | 126|0x0000000692000000, 0x0000000692000000, 0x0000000693000000|  0%| F|  |TAMS 0x0000000692000000, 0x0000000692000000| Untracked 
[2025-05-19T18:14:57.691+0000][13.137s][1668][1784][trace] GC(2) | 127|0x0000000693000000, 0x0000000693000000, 0x0000000694000000|  0%| F|  |TAMS 0x0000000693000000, 0x0000000693000000| Untracked 
[2025-05-19T18:14:57.691+0000][13.137s][1668][1784][trace] GC(2) | 128|0x0000000694000000, 0x0000000694000000, 0x0000000695000000|  0%| F|  |TAMS 0x0000000694000000, 0x0000000694000000| Untracked 
[2025-05-19T18:14:57.691+0000][13.137s][1668][1784][trace] GC(2) | 129|0x0000000695000000, 0x0000000695000000, 0x0000000696000000|  0%| F|  |TAMS 0x0000000695000000, 0x0000000695000000| Untracked 
[2025-05-19T18:14:57.691+0000][13.137s][1668][1784][trace] GC(2) | 130|0x0000000696000000, 0x0000000696000000, 0x0000000697000000|  0%| F|  |TAMS 0x0000000696000000, 0x0000000696000000| Untracked 
[2025-05-19T18:14:57.691+0000][13.137s][1668][1784][trace] GC(2) | 131|0x0000000697000000, 0x0000000697000000, 0x0000000698000000|  0%| F|  |TAMS 0x0000000697000000, 0x0000000697000000| Untracked 
[2025-05-19T18:14:57.691+0000][13.137s][1668][1784][trace] GC(2) | 132|0x0000000698000000, 0x0000000698000000, 0x0000000699000000|  0%| F|  |TAMS 0x0000000698000000, 0x0000000698000000| Untracked 
[2025-05-19T18:14:57.691+0000][13.138s][1668][1784][trace] GC(2) | 133|0x0000000699000000, 0x0000000699000000, 0x000000069a000000|  0%| F|  |TAMS 0x0000000699000000, 0x0000000699000000| Untracked 
[2025-05-19T18:14:57.691+0000][13.138s][1668][1784][trace] GC(2) | 134|0x000000069a000000, 0x000000069a000000, 0x000000069b000000|  0%| F|  |TAMS 0x000000069a000000, 0x000000069a000000| Untracked 
[2025-05-19T18:14:57.691+0000][13.138s][1668][1784][trace] GC(2) | 135|0x000000069b000000, 0x000000069b000000, 0x000000069c000000|  0%| F|  |TAMS 0x000000069b000000, 0x000000069b000000| Untracked 
[2025-05-19T18:14:57.691+0000][13.138s][1668][1784][trace] GC(2) | 136|0x000000069c000000, 0x000000069c000000, 0x000000069d000000|  0%| F|  |TAMS 0x000000069c000000, 0x000000069c000000| Untracked 
[2025-05-19T18:14:57.691+0000][13.138s][1668][1784][trace] GC(2) | 137|0x000000069d000000, 0x000000069d000000, 0x000000069e000000|  0%| F|  |TAMS 0x000000069d000000, 0x000000069d000000| Untracked 
[2025-05-19T18:14:57.691+0000][13.138s][1668][1784][trace] GC(2) | 138|0x000000069e000000, 0x000000069e000000, 0x000000069f000000|  0%| F|  |TAMS 0x000000069e000000, 0x000000069e000000| Untracked 
[2025-05-19T18:14:57.691+0000][13.138s][1668][1784][trace] GC(2) | 139|0x000000069f000000, 0x000000069f000000, 0x00000006a0000000|  0%| F|  |TAMS 0x000000069f000000, 0x000000069f000000| Untracked 
[2025-05-19T18:14:57.691+0000][13.138s][1668][1784][trace] GC(2) | 140|0x00000006a0000000, 0x00000006a0000000, 0x00000006a1000000|  0%| F|  |TAMS 0x00000006a0000000, 0x00000006a0000000| Untracked 
[2025-05-19T18:14:57.691+0000][13.138s][1668][1784][trace] GC(2) | 141|0x00000006a1000000, 0x00000006a1000000, 0x00000006a2000000|  0%| F|  |TAMS 0x00000006a1000000, 0x00000006a1000000| Untracked 
[2025-05-19T18:14:57.691+0000][13.138s][1668][1784][trace] GC(2) | 142|0x00000006a2000000, 0x00000006a2000000, 0x00000006a3000000|  0%| F|  |TAMS 0x00000006a2000000, 0x00000006a2000000| Untracked 
[2025-05-19T18:14:57.691+0000][13.138s][1668][1784][trace] GC(2) | 143|0x00000006a3000000, 0x00000006a3000000, 0x00000006a4000000|  0%| F|  |TAMS 0x00000006a3000000, 0x00000006a3000000| Untracked 
[2025-05-19T18:14:57.691+0000][13.138s][1668][1784][trace] GC(2) | 144|0x00000006a4000000, 0x00000006a4000000, 0x00000006a5000000|  0%| F|  |TAMS 0x00000006a4000000, 0x00000006a4000000| Untracked 
[2025-05-19T18:14:57.691+0000][13.138s][1668][1784][trace] GC(2) | 145|0x00000006a5000000, 0x00000006a5000000, 0x00000006a6000000|  0%| F|  |TAMS 0x00000006a5000000, 0x00000006a5000000| Untracked 
[2025-05-19T18:14:57.691+0000][13.138s][1668][1784][trace] GC(2) | 146|0x00000006a6000000, 0x00000006a6000000, 0x00000006a7000000|  0%| F|  |TAMS 0x00000006a6000000, 0x00000006a6000000| Untracked 
[2025-05-19T18:14:57.691+0000][13.138s][1668][1784][trace] GC(2) | 147|0x00000006a7000000, 0x00000006a7000000, 0x00000006a8000000|  0%| F|  |TAMS 0x00000006a7000000, 0x00000006a7000000| Untracked 
[2025-05-19T18:14:57.691+0000][13.138s][1668][1784][trace] GC(2) | 148|0x00000006a8000000, 0x00000006a8000000, 0x00000006a9000000|  0%| F|  |TAMS 0x00000006a8000000, 0x00000006a8000000| Untracked 
[2025-05-19T18:14:57.691+0000][13.138s][1668][1784][trace] GC(2) | 149|0x00000006a9000000, 0x00000006a9000000, 0x00000006aa000000|  0%| F|  |TAMS 0x00000006a9000000, 0x00000006a9000000| Untracked 
[2025-05-19T18:14:57.691+0000][13.138s][1668][1784][trace] GC(2) | 150|0x00000006aa000000, 0x00000006aa000000, 0x00000006ab000000|  0%| F|  |TAMS 0x00000006aa000000, 0x00000006aa000000| Untracked 
[2025-05-19T18:14:57.691+0000][13.138s][1668][1784][trace] GC(2) | 151|0x00000006ab000000, 0x00000006ab000000, 0x00000006ac000000|  0%| F|  |TAMS 0x00000006ab000000, 0x00000006ab000000| Untracked 
[2025-05-19T18:14:57.691+0000][13.138s][1668][1784][trace] GC(2) | 152|0x00000006ac000000, 0x00000006ac000000, 0x00000006ad000000|  0%| F|  |TAMS 0x00000006ac000000, 0x00000006ac000000| Untracked 
[2025-05-19T18:14:57.691+0000][13.138s][1668][1784][trace] GC(2) | 153|0x00000006ad000000, 0x00000006ad000000, 0x00000006ae000000|  0%| F|  |TAMS 0x00000006ad000000, 0x00000006ad000000| Untracked 
[2025-05-19T18:14:57.691+0000][13.138s][1668][1784][trace] GC(2) | 154|0x00000006ae000000, 0x00000006ae000000, 0x00000006af000000|  0%| F|  |TAMS 0x00000006ae000000, 0x00000006ae000000| Untracked 
[2025-05-19T18:14:57.691+0000][13.138s][1668][1784][trace] GC(2) | 155|0x00000006af000000, 0x00000006af000000, 0x00000006b0000000|  0%| F|  |TAMS 0x00000006af000000, 0x00000006af000000| Untracked 
[2025-05-19T18:14:57.691+0000][13.138s][1668][1784][trace] GC(2) | 156|0x00000006b0000000, 0x00000006b0000000, 0x00000006b1000000|  0%| F|  |TAMS 0x00000006b0000000, 0x00000006b0000000| Untracked 
[2025-05-19T18:14:57.691+0000][13.138s][1668][1784][trace] GC(2) | 157|0x00000006b1000000, 0x00000006b1000000, 0x00000006b2000000|  0%| F|  |TAMS 0x00000006b1000000, 0x00000006b1000000| Untracked 
[2025-05-19T18:14:57.691+0000][13.138s][1668][1784][trace] GC(2) | 158|0x00000006b2000000, 0x00000006b2000000, 0x00000006b3000000|  0%| F|  |TAMS 0x00000006b2000000, 0x00000006b2000000| Untracked 
[2025-05-19T18:14:57.691+0000][13.138s][1668][1784][trace] GC(2) | 159|0x00000006b3000000, 0x00000006b3000000, 0x00000006b4000000|  0%| F|  |TAMS 0x00000006b3000000, 0x00000006b3000000| Untracked 
[2025-05-19T18:14:57.692+0000][13.138s][1668][1784][trace] GC(2) | 160|0x00000006b4000000, 0x00000006b4000000, 0x00000006b5000000|  0%| F|  |TAMS 0x00000006b4000000, 0x00000006b4000000| Untracked 
[2025-05-19T18:14:57.692+0000][13.138s][1668][1784][trace] GC(2) | 161|0x00000006b5000000, 0x00000006b5000000, 0x00000006b6000000|  0%| F|  |TAMS 0x00000006b5000000, 0x00000006b5000000| Untracked 
[2025-05-19T18:14:57.692+0000][13.138s][1668][1784][trace] GC(2) | 162|0x00000006b6000000, 0x00000006b6000000, 0x00000006b7000000|  0%| F|  |TAMS 0x00000006b6000000, 0x00000006b6000000| Untracked 
[2025-05-19T18:14:57.692+0000][13.138s][1668][1784][trace] GC(2) | 163|0x00000006b7000000, 0x00000006b7000000, 0x00000006b8000000|  0%| F|  |TAMS 0x00000006b7000000, 0x00000006b7000000| Untracked 
[2025-05-19T18:14:57.692+0000][13.138s][1668][1784][trace] GC(2) | 164|0x00000006b8000000, 0x00000006b8000000, 0x00000006b9000000|  0%| F|  |TAMS 0x00000006b8000000, 0x00000006b8000000| Untracked 
[2025-05-19T18:14:57.692+0000][13.138s][1668][1784][trace] GC(2) | 165|0x00000006b9000000, 0x00000006b9000000, 0x00000006ba000000|  0%| F|  |TAMS 0x00000006b9000000, 0x00000006b9000000| Untracked 
[2025-05-19T18:14:57.692+0000][13.138s][1668][1784][trace] GC(2) | 166|0x00000006ba000000, 0x00000006ba000000, 0x00000006bb000000|  0%| F|  |TAMS 0x00000006ba000000, 0x00000006ba000000| Untracked 
[2025-05-19T18:14:57.692+0000][13.138s][1668][1784][trace] GC(2) | 167|0x00000006bb000000, 0x00000006bb000000, 0x00000006bc000000|  0%| F|  |TAMS 0x00000006bb000000, 0x00000006bb000000| Untracked 
[2025-05-19T18:14:57.692+0000][13.138s][1668][1784][trace] GC(2) | 168|0x00000006bc000000, 0x00000006bc000000, 0x00000006bd000000|  0%| F|  |TAMS 0x00000006bc000000, 0x00000006bc000000| Untracked 
[2025-05-19T18:14:57.692+0000][13.138s][1668][1784][trace] GC(2) | 169|0x00000006bd000000, 0x00000006bd000000, 0x00000006be000000|  0%| F|  |TAMS 0x00000006bd000000, 0x00000006bd000000| Untracked 
[2025-05-19T18:14:57.692+0000][13.138s][1668][1784][trace] GC(2) | 170|0x00000006be000000, 0x00000006be000000, 0x00000006bf000000|  0%| F|  |TAMS 0x00000006be000000, 0x00000006be000000| Untracked 
[2025-05-19T18:14:57.692+0000][13.138s][1668][1784][trace] GC(2) | 171|0x00000006bf000000, 0x00000006bf000000, 0x00000006c0000000|  0%| F|  |TAMS 0x00000006bf000000, 0x00000006bf000000| Untracked 
[2025-05-19T18:14:57.692+0000][13.138s][1668][1784][trace] GC(2) | 172|0x00000006c0000000, 0x00000006c0000000, 0x00000006c1000000|  0%| F|  |TAMS 0x00000006c0000000, 0x00000006c0000000| Untracked 
[2025-05-19T18:14:57.692+0000][13.138s][1668][1784][trace] GC(2) | 173|0x00000006c1000000, 0x00000006c1000000, 0x00000006c2000000|  0%| F|  |TAMS 0x00000006c1000000, 0x00000006c1000000| Untracked 
[2025-05-19T18:14:57.692+0000][13.138s][1668][1784][trace] GC(2) | 174|0x00000006c2000000, 0x00000006c2000000, 0x00000006c3000000|  0%| F|  |TAMS 0x00000006c2000000, 0x00000006c2000000| Untracked 
[2025-05-19T18:14:57.692+0000][13.138s][1668][1784][trace] GC(2) | 175|0x00000006c3000000, 0x00000006c3000000, 0x00000006c4000000|  0%| F|  |TAMS 0x00000006c3000000, 0x00000006c3000000| Untracked 
[2025-05-19T18:14:57.692+0000][13.138s][1668][1784][trace] GC(2) | 176|0x00000006c4000000, 0x00000006c4000000, 0x00000006c5000000|  0%| F|  |TAMS 0x00000006c4000000, 0x00000006c4000000| Untracked 
[2025-05-19T18:14:57.692+0000][13.138s][1668][1784][trace] GC(2) | 177|0x00000006c5000000, 0x00000006c5000000, 0x00000006c6000000|  0%| F|  |TAMS 0x00000006c5000000, 0x00000006c5000000| Untracked 
[2025-05-19T18:14:57.692+0000][13.138s][1668][1784][trace] GC(2) | 178|0x00000006c6000000, 0x00000006c6000000, 0x00000006c7000000|  0%| F|  |TAMS 0x00000006c6000000, 0x00000006c6000000| Untracked 
[2025-05-19T18:14:57.692+0000][13.138s][1668][1784][trace] GC(2) | 179|0x00000006c7000000, 0x00000006c7000000, 0x00000006c8000000|  0%| F|  |TAMS 0x00000006c7000000, 0x00000006c7000000| Untracked 
[2025-05-19T18:14:57.692+0000][13.138s][1668][1784][trace] GC(2) | 180|0x00000006c8000000, 0x00000006c8000000, 0x00000006c9000000|  0%| F|  |TAMS 0x00000006c8000000, 0x00000006c8000000| Untracked 
[2025-05-19T18:14:57.692+0000][13.138s][1668][1784][trace] GC(2) | 181|0x00000006c9000000, 0x00000006c9000000, 0x00000006ca000000|  0%| F|  |TAMS 0x00000006c9000000, 0x00000006c9000000| Untracked 
[2025-05-19T18:14:57.692+0000][13.138s][1668][1784][trace] GC(2) | 182|0x00000006ca000000, 0x00000006ca000000, 0x00000006cb000000|  0%| F|  |TAMS 0x00000006ca000000, 0x00000006ca000000| Untracked 
[2025-05-19T18:14:57.692+0000][13.138s][1668][1784][trace] GC(2) | 183|0x00000006cb000000, 0x00000006cb000000, 0x00000006cc000000|  0%| F|  |TAMS 0x00000006cb000000, 0x00000006cb000000| Untracked 
[2025-05-19T18:14:57.692+0000][13.138s][1668][1784][trace] GC(2) | 184|0x00000006cc000000, 0x00000006cc000000, 0x00000006cd000000|  0%| F|  |TAMS 0x00000006cc000000, 0x00000006cc000000| Untracked 
[2025-05-19T18:14:57.692+0000][13.138s][1668][1784][trace] GC(2) | 185|0x00000006cd000000, 0x00000006cd000000, 0x00000006ce000000|  0%| F|  |TAMS 0x00000006cd000000, 0x00000006cd000000| Untracked 
[2025-05-19T18:14:57.692+0000][13.138s][1668][1784][trace] GC(2) | 186|0x00000006ce000000, 0x00000006ce000000, 0x00000006cf000000|  0%| F|  |TAMS 0x00000006ce000000, 0x00000006ce000000| Untracked 
[2025-05-19T18:14:57.692+0000][13.138s][1668][1784][trace] GC(2) | 187|0x00000006cf000000, 0x00000006cf000000, 0x00000006d0000000|  0%| F|  |TAMS 0x00000006cf000000, 0x00000006cf000000| Untracked 
[2025-05-19T18:14:57.692+0000][13.138s][1668][1784][trace] GC(2) | 188|0x00000006d0000000, 0x00000006d0000000, 0x00000006d1000000|  0%| F|  |TAMS 0x00000006d0000000, 0x00000006d0000000| Untracked 
[2025-05-19T18:14:57.692+0000][13.138s][1668][1784][trace] GC(2) | 189|0x00000006d1000000, 0x00000006d1000000, 0x00000006d2000000|  0%| F|  |TAMS 0x00000006d1000000, 0x00000006d1000000| Untracked 
[2025-05-19T18:14:57.692+0000][13.138s][1668][1784][trace] GC(2) | 190|0x00000006d2000000, 0x00000006d2000000, 0x00000006d3000000|  0%| F|  |TAMS 0x00000006d2000000, 0x00000006d2000000| Untracked 
[2025-05-19T18:14:57.692+0000][13.138s][1668][1784][trace] GC(2) | 191|0x00000006d3000000, 0x00000006d3000000, 0x00000006d4000000|  0%| F|  |TAMS 0x00000006d3000000, 0x00000006d3000000| Untracked 
[2025-05-19T18:14:57.692+0000][13.138s][1668][1784][trace] GC(2) | 192|0x00000006d4000000, 0x00000006d4000000, 0x00000006d5000000|  0%| F|  |TAMS 0x00000006d4000000, 0x00000006d4000000| Untracked 
[2025-05-19T18:14:57.692+0000][13.138s][1668][1784][trace] GC(2) | 193|0x00000006d5000000, 0x00000006d5000000, 0x00000006d6000000|  0%| F|  |TAMS 0x00000006d5000000, 0x00000006d5000000| Untracked 
[2025-05-19T18:14:57.692+0000][13.138s][1668][1784][trace] GC(2) | 194|0x00000006d6000000, 0x00000006d6000000, 0x00000006d7000000|  0%| F|  |TAMS 0x00000006d6000000, 0x00000006d6000000| Untracked 
[2025-05-19T18:14:57.692+0000][13.138s][1668][1784][trace] GC(2) | 195|0x00000006d7000000, 0x00000006d7000000, 0x00000006d8000000|  0%| F|  |TAMS 0x00000006d7000000, 0x00000006d7000000| Untracked 
[2025-05-19T18:14:57.692+0000][13.138s][1668][1784][trace] GC(2) | 196|0x00000006d8000000, 0x00000006d8000000, 0x00000006d9000000|  0%| F|  |TAMS 0x00000006d8000000, 0x00000006d8000000| Untracked 
[2025-05-19T18:14:57.692+0000][13.138s][1668][1784][trace] GC(2) | 197|0x00000006d9000000, 0x00000006d9000000, 0x00000006da000000|  0%| F|  |TAMS 0x00000006d9000000, 0x00000006d9000000| Untracked 
[2025-05-19T18:14:57.692+0000][13.138s][1668][1784][trace] GC(2) | 198|0x00000006da000000, 0x00000006da000000, 0x00000006db000000|  0%| F|  |TAMS 0x00000006da000000, 0x00000006da000000| Untracked 
[2025-05-19T18:14:57.692+0000][13.138s][1668][1784][trace] GC(2) | 199|0x00000006db000000, 0x00000006db000000, 0x00000006dc000000|  0%| F|  |TAMS 0x00000006db000000, 0x00000006db000000| Untracked 
[2025-05-19T18:14:57.692+0000][13.138s][1668][1784][trace] GC(2) | 200|0x00000006dc000000, 0x00000006dc000000, 0x00000006dd000000|  0%| F|  |TAMS 0x00000006dc000000, 0x00000006dc000000| Untracked 
[2025-05-19T18:14:57.692+0000][13.138s][1668][1784][trace] GC(2) | 201|0x00000006dd000000, 0x00000006dd000000, 0x00000006de000000|  0%| F|  |TAMS 0x00000006dd000000, 0x00000006dd000000| Untracked 
[2025-05-19T18:14:57.692+0000][13.138s][1668][1784][trace] GC(2) | 202|0x00000006de000000, 0x00000006de000000, 0x00000006df000000|  0%| F|  |TAMS 0x00000006de000000, 0x00000006de000000| Untracked 
[2025-05-19T18:14:57.692+0000][13.138s][1668][1784][trace] GC(2) | 203|0x00000006df000000, 0x00000006df000000, 0x00000006e0000000|  0%| F|  |TAMS 0x00000006df000000, 0x00000006df000000| Untracked 
[2025-05-19T18:14:57.692+0000][13.138s][1668][1784][trace] GC(2) | 204|0x00000006e0000000, 0x00000006e0000000, 0x00000006e1000000|  0%| F|  |TAMS 0x00000006e0000000, 0x00000006e0000000| Untracked 
[2025-05-19T18:14:57.692+0000][13.138s][1668][1784][trace] GC(2) | 205|0x00000006e1000000, 0x00000006e1000000, 0x00000006e2000000|  0%| F|  |TAMS 0x00000006e1000000, 0x00000006e1000000| Untracked 
[2025-05-19T18:14:57.692+0000][13.138s][1668][1784][trace] GC(2) | 206|0x00000006e2000000, 0x00000006e2000000, 0x00000006e3000000|  0%| F|  |TAMS 0x00000006e2000000, 0x00000006e2000000| Untracked 
[2025-05-19T18:14:57.692+0000][13.138s][1668][1784][trace] GC(2) | 207|0x00000006e3000000, 0x00000006e3000000, 0x00000006e4000000|  0%| F|  |TAMS 0x00000006e3000000, 0x00000006e3000000| Untracked 
[2025-05-19T18:14:57.692+0000][13.139s][1668][1784][trace] GC(2) | 208|0x00000006e4000000, 0x00000006e4000000, 0x00000006e5000000|  0%| F|  |TAMS 0x00000006e4000000, 0x00000006e4000000| Untracked 
[2025-05-19T18:14:57.692+0000][13.139s][1668][1784][trace] GC(2) | 209|0x00000006e5000000, 0x00000006e5000000, 0x00000006e6000000|  0%| F|  |TAMS 0x00000006e5000000, 0x00000006e5000000| Untracked 
[2025-05-19T18:14:57.692+0000][13.139s][1668][1784][trace] GC(2) | 210|0x00000006e6000000, 0x00000006e6000000, 0x00000006e7000000|  0%| F|  |TAMS 0x00000006e6000000, 0x00000006e6000000| Untracked 
[2025-05-19T18:14:57.692+0000][13.139s][1668][1784][trace] GC(2) | 211|0x00000006e7000000, 0x00000006e7000000, 0x00000006e8000000|  0%| F|  |TAMS 0x00000006e7000000, 0x00000006e7000000| Untracked 
[2025-05-19T18:14:57.692+0000][13.139s][1668][1784][trace] GC(2) | 212|0x00000006e8000000, 0x00000006e8000000, 0x00000006e9000000|  0%| F|  |TAMS 0x00000006e8000000, 0x00000006e8000000| Untracked 
[2025-05-19T18:14:57.692+0000][13.139s][1668][1784][trace] GC(2) | 213|0x00000006e9000000, 0x00000006e9000000, 0x00000006ea000000|  0%| F|  |TAMS 0x00000006e9000000, 0x00000006e9000000| Untracked 
[2025-05-19T18:14:57.692+0000][13.139s][1668][1784][trace] GC(2) | 214|0x00000006ea000000, 0x00000006ea000000, 0x00000006eb000000|  0%| F|  |TAMS 0x00000006ea000000, 0x00000006ea000000| Untracked 
[2025-05-19T18:14:57.692+0000][13.139s][1668][1784][trace] GC(2) | 215|0x00000006eb000000, 0x00000006eb000000, 0x00000006ec000000|  0%| F|  |TAMS 0x00000006eb000000, 0x00000006eb000000| Untracked 
[2025-05-19T18:14:57.692+0000][13.139s][1668][1784][trace] GC(2) | 216|0x00000006ec000000, 0x00000006ec000000, 0x00000006ed000000|  0%| F|  |TAMS 0x00000006ec000000, 0x00000006ec000000| Untracked 
[2025-05-19T18:14:57.692+0000][13.139s][1668][1784][trace] GC(2) | 217|0x00000006ed000000, 0x00000006ed000000, 0x00000006ee000000|  0%| F|  |TAMS 0x00000006ed000000, 0x00000006ed000000| Untracked 
[2025-05-19T18:14:57.692+0000][13.139s][1668][1784][trace] GC(2) | 218|0x00000006ee000000, 0x00000006ee000000, 0x00000006ef000000|  0%| F|  |TAMS 0x00000006ee000000, 0x00000006ee000000| Untracked 
[2025-05-19T18:14:57.692+0000][13.139s][1668][1784][trace] GC(2) | 219|0x00000006ef000000, 0x00000006ef000000, 0x00000006f0000000|  0%| F|  |TAMS 0x00000006ef000000, 0x00000006ef000000| Untracked 
[2025-05-19T18:14:57.692+0000][13.139s][1668][1784][trace] GC(2) | 220|0x00000006f0000000, 0x00000006f0000000, 0x00000006f1000000|  0%| F|  |TAMS 0x00000006f0000000, 0x00000006f0000000| Untracked 
[2025-05-19T18:14:57.692+0000][13.139s][1668][1784][trace] GC(2) | 221|0x00000006f1000000, 0x00000006f1000000, 0x00000006f2000000|  0%| F|  |TAMS 0x00000006f1000000, 0x00000006f1000000| Untracked 
[2025-05-19T18:14:57.693+0000][13.139s][1668][1784][trace] GC(2) | 222|0x00000006f2000000, 0x00000006f2000000, 0x00000006f3000000|  0%| F|  |TAMS 0x00000006f2000000, 0x00000006f2000000| Untracked 
[2025-05-19T18:14:57.693+0000][13.139s][1668][1784][trace] GC(2) | 223|0x00000006f3000000, 0x00000006f3000000, 0x00000006f4000000|  0%| F|  |TAMS 0x00000006f3000000, 0x00000006f3000000| Untracked 
[2025-05-19T18:14:57.693+0000][13.139s][1668][1784][trace] GC(2) | 224|0x00000006f4000000, 0x00000006f4000000, 0x00000006f5000000|  0%| F|  |TAMS 0x00000006f4000000, 0x00000006f4000000| Untracked 
[2025-05-19T18:14:57.693+0000][13.139s][1668][1784][trace] GC(2) | 225|0x00000006f5000000, 0x00000006f5000000, 0x00000006f6000000|  0%| F|  |TAMS 0x00000006f5000000, 0x00000006f5000000| Untracked 
[2025-05-19T18:14:57.693+0000][13.139s][1668][1784][trace] GC(2) | 226|0x00000006f6000000, 0x00000006f6000000, 0x00000006f7000000|  0%| F|  |TAMS 0x00000006f6000000, 0x00000006f6000000| Untracked 
[2025-05-19T18:14:57.693+0000][13.139s][1668][1784][trace] GC(2) | 227|0x00000006f7000000, 0x00000006f7000000, 0x00000006f8000000|  0%| F|  |TAMS 0x00000006f7000000, 0x00000006f7000000| Untracked 
[2025-05-19T18:14:57.693+0000][13.139s][1668][1784][trace] GC(2) | 228|0x00000006f8000000, 0x00000006f8000000, 0x00000006f9000000|  0%| F|  |TAMS 0x00000006f8000000, 0x00000006f8000000| Untracked 
[2025-05-19T18:14:57.693+0000][13.139s][1668][1784][trace] GC(2) | 229|0x00000006f9000000, 0x00000006f9000000, 0x00000006fa000000|  0%| F|  |TAMS 0x00000006f9000000, 0x00000006f9000000| Untracked 
[2025-05-19T18:14:57.693+0000][13.139s][1668][1784][trace] GC(2) | 230|0x00000006fa000000, 0x00000006fa000000, 0x00000006fb000000|  0%| F|  |TAMS 0x00000006fa000000, 0x00000006fa000000| Untracked 
[2025-05-19T18:14:57.693+0000][13.139s][1668][1784][trace] GC(2) | 231|0x00000006fb000000, 0x00000006fb000000, 0x00000006fc000000|  0%| F|  |TAMS 0x00000006fb000000, 0x00000006fb000000| Untracked 
[2025-05-19T18:14:57.693+0000][13.139s][1668][1784][trace] GC(2) | 232|0x00000006fc000000, 0x00000006fc000000, 0x00000006fd000000|  0%| F|  |TAMS 0x00000006fc000000, 0x00000006fc000000| Untracked 
[2025-05-19T18:14:57.693+0000][13.139s][1668][1784][trace] GC(2) | 233|0x00000006fd000000, 0x00000006fd000000, 0x00000006fe000000|  0%| F|  |TAMS 0x00000006fd000000, 0x00000006fd000000| Untracked 
[2025-05-19T18:14:57.693+0000][13.139s][1668][1784][trace] GC(2) | 234|0x00000006fe000000, 0x00000006fe000000, 0x00000006ff000000|  0%| F|  |TAMS 0x00000006fe000000, 0x00000006fe000000| Untracked 
[2025-05-19T18:14:57.693+0000][13.139s][1668][1784][trace] GC(2) | 235|0x00000006ff000000, 0x00000006ff000000, 0x0000000700000000|  0%| F|  |TAMS 0x00000006ff000000, 0x00000006ff000000| Untracked 
[2025-05-19T18:14:57.693+0000][13.139s][1668][1784][trace] GC(2) | 236|0x0000000700000000, 0x0000000700000000, 0x0000000701000000|  0%| F|  |TAMS 0x0000000700000000, 0x0000000700000000| Untracked 
[2025-05-19T18:14:57.693+0000][13.139s][1668][1784][trace] GC(2) | 237|0x0000000701000000, 0x0000000701000000, 0x0000000702000000|  0%| F|  |TAMS 0x0000000701000000, 0x0000000701000000| Untracked 
[2025-05-19T18:14:57.693+0000][13.139s][1668][1784][trace] GC(2) | 238|0x0000000702000000, 0x0000000702000000, 0x0000000703000000|  0%| F|  |TAMS 0x0000000702000000, 0x0000000702000000| Untracked 
[2025-05-19T18:14:57.693+0000][13.139s][1668][1784][trace] GC(2) | 239|0x0000000703000000, 0x0000000703000000, 0x0000000704000000|  0%| F|  |TAMS 0x0000000703000000, 0x0000000703000000| Untracked 
[2025-05-19T18:14:57.693+0000][13.139s][1668][1784][trace] GC(2) | 240|0x0000000704000000, 0x0000000704000000, 0x0000000705000000|  0%| F|  |TAMS 0x0000000704000000, 0x0000000704000000| Untracked 
[2025-05-19T18:14:57.693+0000][13.139s][1668][1784][trace] GC(2) | 241|0x0000000705000000, 0x0000000705000000, 0x0000000706000000|  0%| F|  |TAMS 0x0000000705000000, 0x0000000705000000| Untracked 
[2025-05-19T18:14:57.693+0000][13.139s][1668][1784][trace] GC(2) | 242|0x0000000706000000, 0x0000000706000000, 0x0000000707000000|  0%| F|  |TAMS 0x0000000706000000, 0x0000000706000000| Untracked 
[2025-05-19T18:14:57.693+0000][13.139s][1668][1784][trace] GC(2) | 243|0x0000000707000000, 0x0000000707000000, 0x0000000708000000|  0%| F|  |TAMS 0x0000000707000000, 0x0000000707000000| Untracked 
[2025-05-19T18:14:57.693+0000][13.139s][1668][1784][trace] GC(2) | 244|0x0000000708000000, 0x0000000708000000, 0x0000000709000000|  0%| F|  |TAMS 0x0000000708000000, 0x0000000708000000| Untracked 
[2025-05-19T18:14:57.693+0000][13.139s][1668][1784][trace] GC(2) | 245|0x0000000709000000, 0x0000000709000000, 0x000000070a000000|  0%| F|  |TAMS 0x0000000709000000, 0x0000000709000000| Untracked 
[2025-05-19T18:14:57.693+0000][13.139s][1668][1784][trace] GC(2) | 246|0x000000070a000000, 0x000000070a000000, 0x000000070b000000|  0%| F|  |TAMS 0x000000070a000000, 0x000000070a000000| Untracked 
[2025-05-19T18:14:57.693+0000][13.139s][1668][1784][trace] GC(2) | 247|0x000000070b000000, 0x000000070b000000, 0x000000070c000000|  0%| F|  |TAMS 0x000000070b000000, 0x000000070b000000| Untracked 
[2025-05-19T18:14:57.693+0000][13.139s][1668][1784][trace] GC(2) | 248|0x000000070c000000, 0x000000070c000000, 0x000000070d000000|  0%| F|  |TAMS 0x000000070c000000, 0x000000070c000000| Untracked 
[2025-05-19T18:14:57.693+0000][13.139s][1668][1784][trace] GC(2) | 249|0x000000070d000000, 0x000000070d000000, 0x000000070e000000|  0%| F|  |TAMS 0x000000070d000000, 0x000000070d000000| Untracked 
[2025-05-19T18:14:57.693+0000][13.139s][1668][1784][trace] GC(2) | 250|0x000000070e000000, 0x000000070e000000, 0x000000070f000000|  0%| F|  |TAMS 0x000000070e000000, 0x000000070e000000| Untracked 
[2025-05-19T18:14:57.693+0000][13.139s][1668][1784][trace] GC(2) | 251|0x000000070f000000, 0x000000070f000000, 0x0000000710000000|  0%| F|  |TAMS 0x000000070f000000, 0x000000070f000000| Untracked 
[2025-05-19T18:14:57.693+0000][13.139s][1668][1784][trace] GC(2) | 252|0x0000000710000000, 0x0000000710000000, 0x0000000711000000|  0%| F|  |TAMS 0x0000000710000000, 0x0000000710000000| Untracked 
[2025-05-19T18:14:57.693+0000][13.139s][1668][1784][trace] GC(2) | 253|0x0000000711000000, 0x0000000711000000, 0x0000000712000000|  0%| F|  |TAMS 0x0000000711000000, 0x0000000711000000| Untracked 
[2025-05-19T18:14:57.693+0000][13.139s][1668][1784][trace] GC(2) | 254|0x0000000712000000, 0x0000000712000000, 0x0000000713000000|  0%| F|  |TAMS 0x0000000712000000, 0x0000000712000000| Untracked 
[2025-05-19T18:14:57.693+0000][13.139s][1668][1784][trace] GC(2) | 255|0x0000000713000000, 0x0000000713000000, 0x0000000714000000|  0%| F|  |TAMS 0x0000000713000000, 0x0000000713000000| Untracked 
[2025-05-19T18:14:57.693+0000][13.139s][1668][1784][trace] GC(2) | 256|0x0000000714000000, 0x0000000714000000, 0x0000000715000000|  0%| F|  |TAMS 0x0000000714000000, 0x0000000714000000| Untracked 
[2025-05-19T18:14:57.693+0000][13.139s][1668][1784][trace] GC(2) | 257|0x0000000715000000, 0x0000000715000000, 0x0000000716000000|  0%| F|  |TAMS 0x0000000715000000, 0x0000000715000000| Untracked 
[2025-05-19T18:14:57.693+0000][13.139s][1668][1784][trace] GC(2) | 258|0x0000000716000000, 0x0000000716000000, 0x0000000717000000|  0%| F|  |TAMS 0x0000000716000000, 0x0000000716000000| Untracked 
[2025-05-19T18:14:57.693+0000][13.139s][1668][1784][trace] GC(2) | 259|0x0000000717000000, 0x0000000717000000, 0x0000000718000000|  0%| F|  |TAMS 0x0000000717000000, 0x0000000717000000| Untracked 
[2025-05-19T18:14:57.693+0000][13.139s][1668][1784][trace] GC(2) | 260|0x0000000718000000, 0x0000000718000000, 0x0000000719000000|  0%| F|  |TAMS 0x0000000718000000, 0x0000000718000000| Untracked 
[2025-05-19T18:14:57.693+0000][13.139s][1668][1784][trace] GC(2) | 261|0x0000000719000000, 0x0000000719000000, 0x000000071a000000|  0%| F|  |TAMS 0x0000000719000000, 0x0000000719000000| Untracked 
[2025-05-19T18:14:57.693+0000][13.139s][1668][1784][trace] GC(2) | 262|0x000000071a000000, 0x000000071a000000, 0x000000071b000000|  0%| F|  |TAMS 0x000000071a000000, 0x000000071a000000| Untracked 
[2025-05-19T18:14:57.693+0000][13.140s][1668][1784][trace] GC(2) | 263|0x000000071b000000, 0x000000071b000000, 0x000000071c000000|  0%| F|  |TAMS 0x000000071b000000, 0x000000071b000000| Untracked 
[2025-05-19T18:14:57.693+0000][13.140s][1668][1784][trace] GC(2) | 264|0x000000071c000000, 0x000000071c000000, 0x000000071d000000|  0%| F|  |TAMS 0x000000071c000000, 0x000000071c000000| Untracked 
[2025-05-19T18:14:57.693+0000][13.140s][1668][1784][trace] GC(2) | 265|0x000000071d000000, 0x000000071d000000, 0x000000071e000000|  0%| F|  |TAMS 0x000000071d000000, 0x000000071d000000| Untracked 
[2025-05-19T18:14:57.693+0000][13.140s][1668][1784][trace] GC(2) | 266|0x000000071e000000, 0x000000071e000000, 0x000000071f000000|  0%| F|  |TAMS 0x000000071e000000, 0x000000071e000000| Untracked 
[2025-05-19T18:14:57.693+0000][13.140s][1668][1784][trace] GC(2) | 267|0x000000071f000000, 0x000000071f000000, 0x0000000720000000|  0%| F|  |TAMS 0x000000071f000000, 0x000000071f000000| Untracked 
[2025-05-19T18:14:57.693+0000][13.140s][1668][1784][trace] GC(2) | 268|0x0000000720000000, 0x0000000720000000, 0x0000000721000000|  0%| F|  |TAMS 0x0000000720000000, 0x0000000720000000| Untracked 
[2025-05-19T18:14:57.693+0000][13.140s][1668][1784][trace] GC(2) | 269|0x0000000721000000, 0x0000000721000000, 0x0000000722000000|  0%| F|  |TAMS 0x0000000721000000, 0x0000000721000000| Untracked 
[2025-05-19T18:14:57.693+0000][13.140s][1668][1784][trace] GC(2) | 270|0x0000000722000000, 0x0000000722000000, 0x0000000723000000|  0%| F|  |TAMS 0x0000000722000000, 0x0000000722000000| Untracked 
[2025-05-19T18:14:57.693+0000][13.140s][1668][1784][trace] GC(2) | 271|0x0000000723000000, 0x0000000723000000, 0x0000000724000000|  0%| F|  |TAMS 0x0000000723000000, 0x0000000723000000| Untracked 
[2025-05-19T18:14:57.693+0000][13.140s][1668][1784][trace] GC(2) | 272|0x0000000724000000, 0x0000000724000000, 0x0000000725000000|  0%| F|  |TAMS 0x0000000724000000, 0x0000000724000000| Untracked 
[2025-05-19T18:14:57.693+0000][13.140s][1668][1784][trace] GC(2) | 273|0x0000000725000000, 0x0000000725000000, 0x0000000726000000|  0%| F|  |TAMS 0x0000000725000000, 0x0000000725000000| Untracked 
[2025-05-19T18:14:57.693+0000][13.140s][1668][1784][trace] GC(2) | 274|0x0000000726000000, 0x0000000726000000, 0x0000000727000000|  0%| F|  |TAMS 0x0000000726000000, 0x0000000726000000| Untracked 
[2025-05-19T18:14:57.693+0000][13.140s][1668][1784][trace] GC(2) | 275|0x0000000727000000, 0x0000000727000000, 0x0000000728000000|  0%| F|  |TAMS 0x0000000727000000, 0x0000000727000000| Untracked 
[2025-05-19T18:14:57.693+0000][13.140s][1668][1784][trace] GC(2) | 276|0x0000000728000000, 0x0000000728000000, 0x0000000729000000|  0%| F|  |TAMS 0x0000000728000000, 0x0000000728000000| Untracked 
[2025-05-19T18:14:57.693+0000][13.140s][1668][1784][trace] GC(2) | 277|0x0000000729000000, 0x0000000729000000, 0x000000072a000000|  0%| F|  |TAMS 0x0000000729000000, 0x0000000729000000| Untracked 
[2025-05-19T18:14:57.693+0000][13.140s][1668][1784][trace] GC(2) | 278|0x000000072a000000, 0x000000072a000000, 0x000000072b000000|  0%| F|  |TAMS 0x000000072a000000, 0x000000072a000000| Untracked 
[2025-05-19T18:14:57.693+0000][13.140s][1668][1784][trace] GC(2) | 279|0x000000072b000000, 0x000000072b000000, 0x000000072c000000|  0%| F|  |TAMS 0x000000072b000000, 0x000000072b000000| Untracked 
[2025-05-19T18:14:57.693+0000][13.140s][1668][1784][trace] GC(2) | 280|0x000000072c000000, 0x000000072c000000, 0x000000072d000000|  0%| F|  |TAMS 0x000000072c000000, 0x000000072c000000| Untracked 
[2025-05-19T18:14:57.693+0000][13.140s][1668][1784][trace] GC(2) | 281|0x000000072d000000, 0x000000072d000000, 0x000000072e000000|  0%| F|  |TAMS 0x000000072d000000, 0x000000072d000000| Untracked 
[2025-05-19T18:14:57.693+0000][13.140s][1668][1784][trace] GC(2) | 282|0x000000072e000000, 0x000000072e000000, 0x000000072f000000|  0%| F|  |TAMS 0x000000072e000000, 0x000000072e000000| Untracked 
[2025-05-19T18:14:57.693+0000][13.140s][1668][1784][trace] GC(2) | 283|0x000000072f000000, 0x000000072f000000, 0x0000000730000000|  0%| F|  |TAMS 0x000000072f000000, 0x000000072f000000| Untracked 
[2025-05-19T18:14:57.693+0000][13.140s][1668][1784][trace] GC(2) | 284|0x0000000730000000, 0x0000000730000000, 0x0000000731000000|  0%| F|  |TAMS 0x0000000730000000, 0x0000000730000000| Untracked 
[2025-05-19T18:14:57.693+0000][13.140s][1668][1784][trace] GC(2) | 285|0x0000000731000000, 0x0000000731000000, 0x0000000732000000|  0%| F|  |TAMS 0x0000000731000000, 0x0000000731000000| Untracked 
[2025-05-19T18:14:57.693+0000][13.140s][1668][1784][trace] GC(2) | 286|0x0000000732000000, 0x0000000732000000, 0x0000000733000000|  0%| F|  |TAMS 0x0000000732000000, 0x0000000732000000| Untracked 
[2025-05-19T18:14:57.693+0000][13.140s][1668][1784][trace] GC(2) | 287|0x0000000733000000, 0x0000000733000000, 0x0000000734000000|  0%| F|  |TAMS 0x0000000733000000, 0x0000000733000000| Untracked 
[2025-05-19T18:14:57.693+0000][13.140s][1668][1784][trace] GC(2) | 288|0x0000000734000000, 0x0000000734000000, 0x0000000735000000|  0%| F|  |TAMS 0x0000000734000000, 0x0000000734000000| Untracked 
[2025-05-19T18:14:57.693+0000][13.140s][1668][1784][trace] GC(2) | 289|0x0000000735000000, 0x0000000735000000, 0x0000000736000000|  0%| F|  |TAMS 0x0000000735000000, 0x0000000735000000| Untracked 
[2025-05-19T18:14:57.693+0000][13.140s][1668][1784][trace] GC(2) | 290|0x0000000736000000, 0x0000000736000000, 0x0000000737000000|  0%| F|  |TAMS 0x0000000736000000, 0x0000000736000000| Untracked 
[2025-05-19T18:14:57.693+0000][13.140s][1668][1784][trace] GC(2) | 291|0x0000000737000000, 0x0000000737000000, 0x0000000738000000|  0%| F|  |TAMS 0x0000000737000000, 0x0000000737000000| Untracked 
[2025-05-19T18:14:57.693+0000][13.140s][1668][1784][trace] GC(2) | 292|0x0000000738000000, 0x0000000738000000, 0x0000000739000000|  0%| F|  |TAMS 0x0000000738000000, 0x0000000738000000| Untracked 
[2025-05-19T18:14:57.693+0000][13.140s][1668][1784][trace] GC(2) | 293|0x0000000739000000, 0x0000000739000000, 0x000000073a000000|  0%| F|  |TAMS 0x0000000739000000, 0x0000000739000000| Untracked 
[2025-05-19T18:14:57.693+0000][13.140s][1668][1784][trace] GC(2) | 294|0x000000073a000000, 0x000000073a000000, 0x000000073b000000|  0%| F|  |TAMS 0x000000073a000000, 0x000000073a000000| Untracked 
[2025-05-19T18:14:57.693+0000][13.140s][1668][1784][trace] GC(2) | 295|0x000000073b000000, 0x000000073b000000, 0x000000073c000000|  0%| F|  |TAMS 0x000000073b000000, 0x000000073b000000| Untracked 
[2025-05-19T18:14:57.693+0000][13.140s][1668][1784][trace] GC(2) | 296|0x000000073c000000, 0x000000073c000000, 0x000000073d000000|  0%| F|  |TAMS 0x000000073c000000, 0x000000073c000000| Untracked 
[2025-05-19T18:14:57.693+0000][13.140s][1668][1784][trace] GC(2) | 297|0x000000073d000000, 0x000000073d000000, 0x000000073e000000|  0%| F|  |TAMS 0x000000073d000000, 0x000000073d000000| Untracked 
[2025-05-19T18:14:57.693+0000][13.140s][1668][1784][trace] GC(2) | 298|0x000000073e000000, 0x000000073e000000, 0x000000073f000000|  0%| F|  |TAMS 0x000000073e000000, 0x000000073e000000| Untracked 
[2025-05-19T18:14:57.693+0000][13.140s][1668][1784][trace] GC(2) | 299|0x000000073f000000, 0x000000073f000000, 0x0000000740000000|  0%| F|  |TAMS 0x000000073f000000, 0x000000073f000000| Untracked 
[2025-05-19T18:14:57.694+0000][13.140s][1668][1784][trace] GC(2) | 300|0x0000000740000000, 0x0000000740000000, 0x0000000741000000|  0%| F|  |TAMS 0x0000000740000000, 0x0000000740000000| Untracked 
[2025-05-19T18:14:57.694+0000][13.140s][1668][1784][trace] GC(2) | 301|0x0000000741000000, 0x0000000741000000, 0x0000000742000000|  0%| F|  |TAMS 0x0000000741000000, 0x0000000741000000| Untracked 
[2025-05-19T18:14:57.694+0000][13.140s][1668][1784][trace] GC(2) | 302|0x0000000742000000, 0x0000000742000000, 0x0000000743000000|  0%| F|  |TAMS 0x0000000742000000, 0x0000000742000000| Untracked 
[2025-05-19T18:14:57.694+0000][13.140s][1668][1784][trace] GC(2) | 303|0x0000000743000000, 0x0000000743000000, 0x0000000744000000|  0%| F|  |TAMS 0x0000000743000000, 0x0000000743000000| Untracked 
[2025-05-19T18:14:57.694+0000][13.140s][1668][1784][trace] GC(2) | 304|0x0000000744000000, 0x0000000744000000, 0x0000000745000000|  0%| F|  |TAMS 0x0000000744000000, 0x0000000744000000| Untracked 
[2025-05-19T18:14:57.694+0000][13.140s][1668][1784][trace] GC(2) | 305|0x0000000745000000, 0x0000000745000000, 0x0000000746000000|  0%| F|  |TAMS 0x0000000745000000, 0x0000000745000000| Untracked 
[2025-05-19T18:14:57.694+0000][13.140s][1668][1784][trace] GC(2) | 306|0x0000000746000000, 0x0000000746000000, 0x0000000747000000|  0%| F|  |TAMS 0x0000000746000000, 0x0000000746000000| Untracked 
[2025-05-19T18:14:57.694+0000][13.140s][1668][1784][trace] GC(2) | 307|0x0000000747000000, 0x0000000747000000, 0x0000000748000000|  0%| F|  |TAMS 0x0000000747000000, 0x0000000747000000| Untracked 
[2025-05-19T18:14:57.694+0000][13.140s][1668][1784][trace] GC(2) | 308|0x0000000748000000, 0x0000000748000000, 0x0000000749000000|  0%| F|  |TAMS 0x0000000748000000, 0x0000000748000000| Untracked 
[2025-05-19T18:14:57.694+0000][13.140s][1668][1784][trace] GC(2) | 309|0x0000000749000000, 0x0000000749000000, 0x000000074a000000|  0%| F|  |TAMS 0x0000000749000000, 0x0000000749000000| Untracked 
[2025-05-19T18:14:57.694+0000][13.140s][1668][1784][trace] GC(2) | 310|0x000000074a000000, 0x000000074a000000, 0x000000074b000000|  0%| F|  |TAMS 0x000000074a000000, 0x000000074a000000| Untracked 
[2025-05-19T18:14:57.694+0000][13.140s][1668][1784][trace] GC(2) | 311|0x000000074b000000, 0x000000074b000000, 0x000000074c000000|  0%| F|  |TAMS 0x000000074b000000, 0x000000074b000000| Untracked 
[2025-05-19T18:14:57.694+0000][13.140s][1668][1784][trace] GC(2) | 312|0x000000074c000000, 0x000000074c000000, 0x000000074d000000|  0%| F|  |TAMS 0x000000074c000000, 0x000000074c000000| Untracked 
[2025-05-19T18:14:57.694+0000][13.140s][1668][1784][trace] GC(2) | 313|0x000000074d000000, 0x000000074d000000, 0x000000074e000000|  0%| F|  |TAMS 0x000000074d000000, 0x000000074d000000| Untracked 
[2025-05-19T18:14:57.694+0000][13.140s][1668][1784][trace] GC(2) | 314|0x000000074e000000, 0x000000074e000000, 0x000000074f000000|  0%| F|  |TAMS 0x000000074e000000, 0x000000074e000000| Untracked 
[2025-05-19T18:14:57.694+0000][13.140s][1668][1784][trace] GC(2) | 315|0x000000074f000000, 0x000000074f000000, 0x0000000750000000|  0%| F|  |TAMS 0x000000074f000000, 0x000000074f000000| Untracked 
[2025-05-19T18:14:57.694+0000][13.140s][1668][1784][trace] GC(2) | 316|0x0000000750000000, 0x0000000750000000, 0x0000000751000000|  0%| F|  |TAMS 0x0000000750000000, 0x0000000750000000| Untracked 
[2025-05-19T18:14:57.694+0000][13.140s][1668][1784][trace] GC(2) | 317|0x0000000751000000, 0x0000000751000000, 0x0000000752000000|  0%| F|  |TAMS 0x0000000751000000, 0x0000000751000000| Untracked 
[2025-05-19T18:14:57.694+0000][13.140s][1668][1784][trace] GC(2) | 318|0x0000000752000000, 0x0000000752000000, 0x0000000753000000|  0%| F|  |TAMS 0x0000000752000000, 0x0000000752000000| Untracked 
[2025-05-19T18:14:57.694+0000][13.140s][1668][1784][trace] GC(2) | 319|0x0000000753000000, 0x0000000753000000, 0x0000000754000000|  0%| F|  |TAMS 0x0000000753000000, 0x0000000753000000| Untracked 
[2025-05-19T18:14:57.694+0000][13.140s][1668][1784][trace] GC(2) | 320|0x0000000754000000, 0x0000000754000000, 0x0000000755000000|  0%| F|  |TAMS 0x0000000754000000, 0x0000000754000000| Untracked 
[2025-05-19T18:14:57.694+0000][13.140s][1668][1784][trace] GC(2) | 321|0x0000000755000000, 0x0000000755000000, 0x0000000756000000|  0%| F|  |TAMS 0x0000000755000000, 0x0000000755000000| Untracked 
[2025-05-19T18:14:57.694+0000][13.140s][1668][1784][trace] GC(2) | 322|0x0000000756000000, 0x0000000756000000, 0x0000000757000000|  0%| F|  |TAMS 0x0000000756000000, 0x0000000756000000| Untracked 
[2025-05-19T18:14:57.694+0000][13.140s][1668][1784][trace] GC(2) | 323|0x0000000757000000, 0x0000000757000000, 0x0000000758000000|  0%| F|  |TAMS 0x0000000757000000, 0x0000000757000000| Untracked 
[2025-05-19T18:14:57.694+0000][13.140s][1668][1784][trace] GC(2) | 324|0x0000000758000000, 0x0000000758000000, 0x0000000759000000|  0%| F|  |TAMS 0x0000000758000000, 0x0000000758000000| Untracked 
[2025-05-19T18:14:57.694+0000][13.140s][1668][1784][trace] GC(2) | 325|0x0000000759000000, 0x0000000759000000, 0x000000075a000000|  0%| F|  |TAMS 0x0000000759000000, 0x0000000759000000| Untracked 
[2025-05-19T18:14:57.694+0000][13.140s][1668][1784][trace] GC(2) | 326|0x000000075a000000, 0x000000075a000000, 0x000000075b000000|  0%| F|  |TAMS 0x000000075a000000, 0x000000075a000000| Untracked 
[2025-05-19T18:14:57.694+0000][13.140s][1668][1784][trace] GC(2) | 327|0x000000075b000000, 0x000000075b000000, 0x000000075c000000|  0%| F|  |TAMS 0x000000075b000000, 0x000000075b000000| Untracked 
[2025-05-19T18:14:57.694+0000][13.140s][1668][1784][trace] GC(2) | 328|0x000000075c000000, 0x000000075c000000, 0x000000075d000000|  0%| F|  |TAMS 0x000000075c000000, 0x000000075c000000| Untracked 
[2025-05-19T18:14:57.694+0000][13.140s][1668][1784][trace] GC(2) | 329|0x000000075d000000, 0x000000075d000000, 0x000000075e000000|  0%| F|  |TAMS 0x000000075d000000, 0x000000075d000000| Untracked 
[2025-05-19T18:14:57.694+0000][13.140s][1668][1784][trace] GC(2) | 330|0x000000075e000000, 0x000000075e000000, 0x000000075f000000|  0%| F|  |TAMS 0x000000075e000000, 0x000000075e000000| Untracked 
[2025-05-19T18:14:57.694+0000][13.140s][1668][1784][trace] GC(2) | 331|0x000000075f000000, 0x000000075f000000, 0x0000000760000000|  0%| F|  |TAMS 0x000000075f000000, 0x000000075f000000| Untracked 
[2025-05-19T18:14:57.694+0000][13.140s][1668][1784][trace] GC(2) | 332|0x0000000760000000, 0x0000000760000000, 0x0000000761000000|  0%| F|  |TAMS 0x0000000760000000, 0x0000000760000000| Untracked 
[2025-05-19T18:14:57.694+0000][13.140s][1668][1784][trace] GC(2) | 333|0x0000000761000000, 0x0000000761000000, 0x0000000762000000|  0%| F|  |TAMS 0x0000000761000000, 0x0000000761000000| Untracked 
[2025-05-19T18:14:57.694+0000][13.140s][1668][1784][trace] GC(2) | 334|0x0000000762000000, 0x0000000762000000, 0x0000000763000000|  0%| F|  |TAMS 0x0000000762000000, 0x0000000762000000| Untracked 
[2025-05-19T18:14:57.694+0000][13.140s][1668][1784][trace] GC(2) | 335|0x0000000763000000, 0x0000000763000000, 0x0000000764000000|  0%| F|  |TAMS 0x0000000763000000, 0x0000000763000000| Untracked 
[2025-05-19T18:14:57.694+0000][13.140s][1668][1784][trace] GC(2) | 336|0x0000000764000000, 0x0000000764000000, 0x0000000765000000|  0%| F|  |TAMS 0x0000000764000000, 0x0000000764000000| Untracked 
[2025-05-19T18:14:57.694+0000][13.140s][1668][1784][trace] GC(2) | 337|0x0000000765000000, 0x0000000765000000, 0x0000000766000000|  0%| F|  |TAMS 0x0000000765000000, 0x0000000765000000| Untracked 
[2025-05-19T18:14:57.694+0000][13.140s][1668][1784][trace] GC(2) | 338|0x0000000766000000, 0x0000000766000000, 0x0000000767000000|  0%| F|  |TAMS 0x0000000766000000, 0x0000000766000000| Untracked 
[2025-05-19T18:14:57.694+0000][13.140s][1668][1784][trace] GC(2) | 339|0x0000000767000000, 0x0000000767000000, 0x0000000768000000|  0%| F|  |TAMS 0x0000000767000000, 0x0000000767000000| Untracked 
[2025-05-19T18:14:57.694+0000][13.140s][1668][1784][trace] GC(2) | 340|0x0000000768000000, 0x0000000768000000, 0x0000000769000000|  0%| F|  |TAMS 0x0000000768000000, 0x0000000768000000| Untracked 
[2025-05-19T18:14:57.694+0000][13.140s][1668][1784][trace] GC(2) | 341|0x0000000769000000, 0x0000000769000000, 0x000000076a000000|  0%| F|  |TAMS 0x0000000769000000, 0x0000000769000000| Untracked 
[2025-05-19T18:14:57.694+0000][13.140s][1668][1784][trace] GC(2) | 342|0x000000076a000000, 0x000000076a000000, 0x000000076b000000|  0%| F|  |TAMS 0x000000076a000000, 0x000000076a000000| Untracked 
[2025-05-19T18:14:57.694+0000][13.140s][1668][1784][trace] GC(2) | 343|0x000000076b000000, 0x000000076b000000, 0x000000076c000000|  0%| F|  |TAMS 0x000000076b000000, 0x000000076b000000| Untracked 
[2025-05-19T18:14:57.694+0000][13.140s][1668][1784][trace] GC(2) | 344|0x000000076c000000, 0x000000076c000000, 0x000000076d000000|  0%| F|  |TAMS 0x000000076c000000, 0x000000076c000000| Untracked 
[2025-05-19T18:14:57.694+0000][13.140s][1668][1784][trace] GC(2) | 345|0x000000076d000000, 0x000000076d000000, 0x000000076e000000|  0%| F|  |TAMS 0x000000076d000000, 0x000000076d000000| Untracked 
[2025-05-19T18:14:57.694+0000][13.140s][1668][1784][trace] GC(2) | 346|0x000000076e000000, 0x000000076e000000, 0x000000076f000000|  0%| F|  |TAMS 0x000000076e000000, 0x000000076e000000| Untracked 
[2025-05-19T18:14:57.694+0000][13.140s][1668][1784][trace] GC(2) | 347|0x000000076f000000, 0x000000076f000000, 0x0000000770000000|  0%| F|  |TAMS 0x000000076f000000, 0x000000076f000000| Untracked 
[2025-05-19T18:14:57.694+0000][13.140s][1668][1784][trace] GC(2) | 348|0x0000000770000000, 0x0000000770000000, 0x0000000771000000|  0%| F|  |TAMS 0x0000000770000000, 0x0000000770000000| Untracked 
[2025-05-19T18:14:57.694+0000][13.140s][1668][1784][trace] GC(2) | 349|0x0000000771000000, 0x0000000771000000, 0x0000000772000000|  0%| F|  |TAMS 0x0000000771000000, 0x0000000771000000| Untracked 
[2025-05-19T18:14:57.694+0000][13.140s][1668][1784][trace] GC(2) | 350|0x0000000772000000, 0x0000000772000000, 0x0000000773000000|  0%| F|  |TAMS 0x0000000772000000, 0x0000000772000000| Untracked 
[2025-05-19T18:14:57.694+0000][13.140s][1668][1784][trace] GC(2) | 351|0x0000000773000000, 0x0000000773000000, 0x0000000774000000|  0%| F|  |TAMS 0x0000000773000000, 0x0000000773000000| Untracked 
[2025-05-19T18:14:57.694+0000][13.141s][1668][1784][trace] GC(2) | 352|0x0000000774000000, 0x0000000774000000, 0x0000000775000000|  0%| F|  |TAMS 0x0000000774000000, 0x0000000774000000| Untracked 
[2025-05-19T18:14:57.694+0000][13.141s][1668][1784][trace] GC(2) | 353|0x0000000775000000, 0x0000000775000000, 0x0000000776000000|  0%| F|  |TAMS 0x0000000775000000, 0x0000000775000000| Untracked 
[2025-05-19T18:14:57.694+0000][13.141s][1668][1784][trace] GC(2) | 354|0x0000000776000000, 0x0000000776000000, 0x0000000777000000|  0%| F|  |TAMS 0x0000000776000000, 0x0000000776000000| Untracked 
[2025-05-19T18:14:57.694+0000][13.141s][1668][1784][trace] GC(2) | 355|0x0000000777000000, 0x0000000777000000, 0x0000000778000000|  0%| F|  |TAMS 0x0000000777000000, 0x0000000777000000| Untracked 
[2025-05-19T18:14:57.694+0000][13.141s][1668][1784][trace] GC(2) | 356|0x0000000778000000, 0x0000000778000000, 0x0000000779000000|  0%| F|  |TAMS 0x0000000778000000, 0x0000000778000000| Untracked 
[2025-05-19T18:14:57.694+0000][13.141s][1668][1784][trace] GC(2) | 357|0x0000000779000000, 0x0000000779000000, 0x000000077a000000|  0%| F|  |TAMS 0x0000000779000000, 0x0000000779000000| Untracked 
[2025-05-19T18:14:57.694+0000][13.141s][1668][1784][trace] GC(2) | 358|0x000000077a000000, 0x000000077a000000, 0x000000077b000000|  0%| F|  |TAMS 0x000000077a000000, 0x000000077a000000| Untracked 
[2025-05-19T18:14:57.694+0000][13.141s][1668][1784][trace] GC(2) | 359|0x000000077b000000, 0x000000077b000000, 0x000000077c000000|  0%| F|  |TAMS 0x000000077b000000, 0x000000077b000000| Untracked 
[2025-05-19T18:14:57.694+0000][13.141s][1668][1784][trace] GC(2) | 360|0x000000077c000000, 0x000000077c000000, 0x000000077d000000|  0%| F|  |TAMS 0x000000077c000000, 0x000000077c000000| Untracked 
[2025-05-19T18:14:57.694+0000][13.141s][1668][1784][trace] GC(2) | 361|0x000000077d000000, 0x000000077d000000, 0x000000077e000000|  0%| F|  |TAMS 0x000000077d000000, 0x000000077d000000| Untracked 
[2025-05-19T18:14:57.694+0000][13.141s][1668][1784][trace] GC(2) | 362|0x000000077e000000, 0x000000077e000000, 0x000000077f000000|  0%| F|  |TAMS 0x000000077e000000, 0x000000077e000000| Untracked 
[2025-05-19T18:14:57.694+0000][13.141s][1668][1784][trace] GC(2) | 363|0x000000077f000000, 0x000000077f000000, 0x0000000780000000|  0%| F|  |TAMS 0x000000077f000000, 0x000000077f000000| Untracked 
[2025-05-19T18:14:57.694+0000][13.141s][1668][1784][trace] GC(2) | 364|0x0000000780000000, 0x0000000780000000, 0x0000000781000000|  0%| F|  |TAMS 0x0000000780000000, 0x0000000780000000| Untracked 
[2025-05-19T18:14:57.694+0000][13.141s][1668][1784][trace] GC(2) | 365|0x0000000781000000, 0x0000000781000000, 0x0000000782000000|  0%| F|  |TAMS 0x0000000781000000, 0x0000000781000000| Untracked 
[2025-05-19T18:14:57.695+0000][13.141s][1668][1784][trace] GC(2) | 366|0x0000000782000000, 0x0000000782000000, 0x0000000783000000|  0%| F|  |TAMS 0x0000000782000000, 0x0000000782000000| Untracked 
[2025-05-19T18:14:57.695+0000][13.141s][1668][1784][trace] GC(2) | 367|0x0000000783000000, 0x0000000783000000, 0x0000000784000000|  0%| F|  |TAMS 0x0000000783000000, 0x0000000783000000| Untracked 
[2025-05-19T18:14:57.695+0000][13.141s][1668][1784][trace] GC(2) | 368|0x0000000784000000, 0x0000000784000000, 0x0000000785000000|  0%| F|  |TAMS 0x0000000784000000, 0x0000000784000000| Untracked 
[2025-05-19T18:14:57.695+0000][13.141s][1668][1784][trace] GC(2) | 369|0x0000000785000000, 0x0000000785000000, 0x0000000786000000|  0%| F|  |TAMS 0x0000000785000000, 0x0000000785000000| Untracked 
[2025-05-19T18:14:57.695+0000][13.141s][1668][1784][trace] GC(2) | 370|0x0000000786000000, 0x0000000786000000, 0x0000000787000000|  0%| F|  |TAMS 0x0000000786000000, 0x0000000786000000| Untracked 
[2025-05-19T18:14:57.695+0000][13.141s][1668][1784][trace] GC(2) | 371|0x0000000787000000, 0x0000000787000000, 0x0000000788000000|  0%| F|  |TAMS 0x0000000787000000, 0x0000000787000000| Untracked 
[2025-05-19T18:14:57.695+0000][13.141s][1668][1784][trace] GC(2) | 372|0x0000000788000000, 0x0000000788000000, 0x0000000789000000|  0%| F|  |TAMS 0x0000000788000000, 0x0000000788000000| Untracked 
[2025-05-19T18:14:57.695+0000][13.141s][1668][1784][trace] GC(2) | 373|0x0000000789000000, 0x0000000789000000, 0x000000078a000000|  0%| F|  |TAMS 0x0000000789000000, 0x0000000789000000| Untracked 
[2025-05-19T18:14:57.695+0000][13.141s][1668][1784][trace] GC(2) | 374|0x000000078a000000, 0x000000078a000000, 0x000000078b000000|  0%| F|  |TAMS 0x000000078a000000, 0x000000078a000000| Untracked 
[2025-05-19T18:14:57.695+0000][13.141s][1668][1784][trace] GC(2) | 375|0x000000078b000000, 0x000000078b000000, 0x000000078c000000|  0%| F|  |TAMS 0x000000078b000000, 0x000000078b000000| Untracked 
[2025-05-19T18:14:57.695+0000][13.141s][1668][1784][trace] GC(2) | 376|0x000000078c000000, 0x000000078c000000, 0x000000078d000000|  0%| F|  |TAMS 0x000000078c000000, 0x000000078c000000| Untracked 
[2025-05-19T18:14:57.695+0000][13.141s][1668][1784][trace] GC(2) | 377|0x000000078d000000, 0x000000078d000000, 0x000000078e000000|  0%| F|  |TAMS 0x000000078d000000, 0x000000078d000000| Untracked 
[2025-05-19T18:14:57.695+0000][13.141s][1668][1784][trace] GC(2) | 378|0x000000078e000000, 0x000000078e000000, 0x000000078f000000|  0%| F|  |TAMS 0x000000078e000000, 0x000000078e000000| Untracked 
[2025-05-19T18:14:57.695+0000][13.141s][1668][1784][trace] GC(2) | 379|0x000000078f000000, 0x000000078f000000, 0x0000000790000000|  0%| F|  |TAMS 0x000000078f000000, 0x000000078f000000| Untracked 
[2025-05-19T18:14:57.695+0000][13.141s][1668][1784][trace] GC(2) | 380|0x0000000790000000, 0x0000000790000000, 0x0000000791000000|  0%| F|  |TAMS 0x0000000790000000, 0x0000000790000000| Untracked 
[2025-05-19T18:14:57.695+0000][13.141s][1668][1784][trace] GC(2) | 381|0x0000000791000000, 0x0000000791000000, 0x0000000792000000|  0%| F|  |TAMS 0x0000000791000000, 0x0000000791000000| Untracked 
[2025-05-19T18:14:57.695+0000][13.141s][1668][1784][trace] GC(2) | 382|0x0000000792000000, 0x0000000792000000, 0x0000000793000000|  0%| F|  |TAMS 0x0000000792000000, 0x0000000792000000| Untracked 
[2025-05-19T18:14:57.695+0000][13.141s][1668][1784][trace] GC(2) | 383|0x0000000793000000, 0x0000000793000000, 0x0000000794000000|  0%| F|  |TAMS 0x0000000793000000, 0x0000000793000000| Untracked 
[2025-05-19T18:14:57.695+0000][13.141s][1668][1784][trace] GC(2) | 384|0x0000000794000000, 0x0000000794000000, 0x0000000795000000|  0%| F|  |TAMS 0x0000000794000000, 0x0000000794000000| Untracked 
[2025-05-19T18:14:57.695+0000][13.141s][1668][1784][trace] GC(2) | 385|0x0000000795000000, 0x0000000795000000, 0x0000000796000000|  0%| F|  |TAMS 0x0000000795000000, 0x0000000795000000| Untracked 
[2025-05-19T18:14:57.695+0000][13.141s][1668][1784][trace] GC(2) | 386|0x0000000796000000, 0x0000000796000000, 0x0000000797000000|  0%| F|  |TAMS 0x0000000796000000, 0x0000000796000000| Untracked 
[2025-05-19T18:14:57.695+0000][13.141s][1668][1784][trace] GC(2) | 387|0x0000000797000000, 0x0000000797000000, 0x0000000798000000|  0%| F|  |TAMS 0x0000000797000000, 0x0000000797000000| Untracked 
[2025-05-19T18:14:57.695+0000][13.141s][1668][1784][trace] GC(2) | 388|0x0000000798000000, 0x0000000798000000, 0x0000000799000000|  0%| F|  |TAMS 0x0000000798000000, 0x0000000798000000| Untracked 
[2025-05-19T18:14:57.695+0000][13.141s][1668][1784][trace] GC(2) | 389|0x0000000799000000, 0x0000000799000000, 0x000000079a000000|  0%| F|  |TAMS 0x0000000799000000, 0x0000000799000000| Untracked 
[2025-05-19T18:14:57.695+0000][13.141s][1668][1784][trace] GC(2) | 390|0x000000079a000000, 0x000000079a000000, 0x000000079b000000|  0%| F|  |TAMS 0x000000079a000000, 0x000000079a000000| Untracked 
[2025-05-19T18:14:57.695+0000][13.141s][1668][1784][trace] GC(2) | 391|0x000000079b000000, 0x000000079b000000, 0x000000079c000000|  0%| F|  |TAMS 0x000000079b000000, 0x000000079b000000| Untracked 
[2025-05-19T18:14:57.695+0000][13.141s][1668][1784][trace] GC(2) | 392|0x000000079c000000, 0x000000079c000000, 0x000000079d000000|  0%| F|  |TAMS 0x000000079c000000, 0x000000079c000000| Untracked 
[2025-05-19T18:14:57.695+0000][13.141s][1668][1784][trace] GC(2) | 393|0x000000079d000000, 0x000000079d000000, 0x000000079e000000|  0%| F|  |TAMS 0x000000079d000000, 0x000000079d000000| Untracked 
[2025-05-19T18:14:57.695+0000][13.141s][1668][1784][trace] GC(2) | 394|0x000000079e000000, 0x000000079e000000, 0x000000079f000000|  0%| F|  |TAMS 0x000000079e000000, 0x000000079e000000| Untracked 
[2025-05-19T18:14:57.695+0000][13.141s][1668][1784][trace] GC(2) | 395|0x000000079f000000, 0x000000079f000000, 0x00000007a0000000|  0%| F|  |TAMS 0x000000079f000000, 0x000000079f000000| Untracked 
[2025-05-19T18:14:57.695+0000][13.141s][1668][1784][trace] GC(2) | 396|0x00000007a0000000, 0x00000007a0000000, 0x00000007a1000000|  0%| F|  |TAMS 0x00000007a0000000, 0x00000007a0000000| Untracked 
[2025-05-19T18:14:57.695+0000][13.141s][1668][1784][trace] GC(2) | 397|0x00000007a1000000, 0x00000007a1000000, 0x00000007a2000000|  0%| F|  |TAMS 0x00000007a1000000, 0x00000007a1000000| Untracked 
[2025-05-19T18:14:57.695+0000][13.141s][1668][1784][trace] GC(2) | 398|0x00000007a2000000, 0x00000007a2000000, 0x00000007a3000000|  0%| F|  |TAMS 0x00000007a2000000, 0x00000007a2000000| Untracked 
[2025-05-19T18:14:57.695+0000][13.141s][1668][1784][trace] GC(2) | 399|0x00000007a3000000, 0x00000007a3000000, 0x00000007a4000000|  0%| F|  |TAMS 0x00000007a3000000, 0x00000007a3000000| Untracked 
[2025-05-19T18:14:57.695+0000][13.141s][1668][1784][trace] GC(2) | 400|0x00000007a4000000, 0x00000007a4000000, 0x00000007a5000000|  0%| F|  |TAMS 0x00000007a4000000, 0x00000007a4000000| Untracked 
[2025-05-19T18:14:57.695+0000][13.141s][1668][1784][trace] GC(2) | 401|0x00000007a5000000, 0x00000007a5000000, 0x00000007a6000000|  0%| F|  |TAMS 0x00000007a5000000, 0x00000007a5000000| Untracked 
[2025-05-19T18:14:57.695+0000][13.141s][1668][1784][trace] GC(2) | 402|0x00000007a6000000, 0x00000007a6000000, 0x00000007a7000000|  0%| F|  |TAMS 0x00000007a6000000, 0x00000007a6000000| Untracked 
[2025-05-19T18:14:57.695+0000][13.142s][1668][1784][trace] GC(2) | 403|0x00000007a7000000, 0x00000007a7000000, 0x00000007a8000000|  0%| F|  |TAMS 0x00000007a7000000, 0x00000007a7000000| Untracked 
[2025-05-19T18:14:57.695+0000][13.142s][1668][1784][trace] GC(2) | 404|0x00000007a8000000, 0x00000007a8000000, 0x00000007a9000000|  0%| F|  |TAMS 0x00000007a8000000, 0x00000007a8000000| Untracked 
[2025-05-19T18:14:57.695+0000][13.142s][1668][1784][trace] GC(2) | 405|0x00000007a9000000, 0x00000007a9000000, 0x00000007aa000000|  0%| F|  |TAMS 0x00000007a9000000, 0x00000007a9000000| Untracked 
[2025-05-19T18:14:57.695+0000][13.142s][1668][1784][trace] GC(2) | 406|0x00000007aa000000, 0x00000007aa000000, 0x00000007ab000000|  0%| F|  |TAMS 0x00000007aa000000, 0x00000007aa000000| Untracked 
[2025-05-19T18:14:57.695+0000][13.142s][1668][1784][trace] GC(2) | 407|0x00000007ab000000, 0x00000007ab000000, 0x00000007ac000000|  0%| F|  |TAMS 0x00000007ab000000, 0x00000007ab000000| Untracked 
[2025-05-19T18:14:57.695+0000][13.142s][1668][1784][trace] GC(2) | 408|0x00000007ac000000, 0x00000007ac000000, 0x00000007ad000000|  0%| F|  |TAMS 0x00000007ac000000, 0x00000007ac000000| Untracked 
[2025-05-19T18:14:57.695+0000][13.142s][1668][1784][trace] GC(2) | 409|0x00000007ad000000, 0x00000007ad000000, 0x00000007ae000000|  0%| F|  |TAMS 0x00000007ad000000, 0x00000007ad000000| Untracked 
[2025-05-19T18:14:57.695+0000][13.142s][1668][1784][trace] GC(2) | 410|0x00000007ae000000, 0x00000007ae000000, 0x00000007af000000|  0%| F|  |TAMS 0x00000007ae000000, 0x00000007ae000000| Untracked 
[2025-05-19T18:14:57.695+0000][13.142s][1668][1784][trace] GC(2) | 411|0x00000007af000000, 0x00000007af000000, 0x00000007b0000000|  0%| F|  |TAMS 0x00000007af000000, 0x00000007af000000| Untracked 
[2025-05-19T18:14:57.695+0000][13.142s][1668][1784][trace] GC(2) | 412|0x00000007b0000000, 0x00000007b0000000, 0x00000007b1000000|  0%| F|  |TAMS 0x00000007b0000000, 0x00000007b0000000| Untracked 
[2025-05-19T18:14:57.695+0000][13.142s][1668][1784][trace] GC(2) | 413|0x00000007b1000000, 0x00000007b1000000, 0x00000007b2000000|  0%| F|  |TAMS 0x00000007b1000000, 0x00000007b1000000| Untracked 
[2025-05-19T18:14:57.695+0000][13.142s][1668][1784][trace] GC(2) | 414|0x00000007b2000000, 0x00000007b2000000, 0x00000007b3000000|  0%| F|  |TAMS 0x00000007b2000000, 0x00000007b2000000| Untracked 
[2025-05-19T18:14:57.695+0000][13.142s][1668][1784][trace] GC(2) | 415|0x00000007b3000000, 0x00000007b3000000, 0x00000007b4000000|  0%| F|  |TAMS 0x00000007b3000000, 0x00000007b3000000| Untracked 
[2025-05-19T18:14:57.695+0000][13.142s][1668][1784][trace] GC(2) | 416|0x00000007b4000000, 0x00000007b4000000, 0x00000007b5000000|  0%| F|  |TAMS 0x00000007b4000000, 0x00000007b4000000| Untracked 
[2025-05-19T18:14:57.695+0000][13.142s][1668][1784][trace] GC(2) | 417|0x00000007b5000000, 0x00000007b5000000, 0x00000007b6000000|  0%| F|  |TAMS 0x00000007b5000000, 0x00000007b5000000| Untracked 
[2025-05-19T18:14:57.695+0000][13.142s][1668][1784][trace] GC(2) | 418|0x00000007b6000000, 0x00000007b6000000, 0x00000007b7000000|  0%| F|  |TAMS 0x00000007b6000000, 0x00000007b6000000| Untracked 
[2025-05-19T18:14:57.695+0000][13.142s][1668][1784][trace] GC(2) | 419|0x00000007b7000000, 0x00000007b7000000, 0x00000007b8000000|  0%| F|  |TAMS 0x00000007b7000000, 0x00000007b7000000| Untracked 
[2025-05-19T18:14:57.695+0000][13.142s][1668][1784][trace] GC(2) | 420|0x00000007b8000000, 0x00000007b8000000, 0x00000007b9000000|  0%| F|  |TAMS 0x00000007b8000000, 0x00000007b8000000| Untracked 
[2025-05-19T18:14:57.695+0000][13.142s][1668][1784][trace] GC(2) | 421|0x00000007b9000000, 0x00000007b9000000, 0x00000007ba000000|  0%| F|  |TAMS 0x00000007b9000000, 0x00000007b9000000| Untracked 
[2025-05-19T18:14:57.695+0000][13.142s][1668][1784][trace] GC(2) | 422|0x00000007ba000000, 0x00000007ba000000, 0x00000007bb000000|  0%| F|  |TAMS 0x00000007ba000000, 0x00000007ba000000| Untracked 
[2025-05-19T18:14:57.695+0000][13.142s][1668][1784][trace] GC(2) | 423|0x00000007bb000000, 0x00000007bb000000, 0x00000007bc000000|  0%| F|  |TAMS 0x00000007bb000000, 0x00000007bb000000| Untracked 
[2025-05-19T18:14:57.695+0000][13.142s][1668][1784][trace] GC(2) | 424|0x00000007bc000000, 0x00000007bc000000, 0x00000007bd000000|  0%| F|  |TAMS 0x00000007bc000000, 0x00000007bc000000| Untracked 
[2025-05-19T18:14:57.695+0000][13.142s][1668][1784][trace] GC(2) | 425|0x00000007bd000000, 0x00000007bd000000, 0x00000007be000000|  0%| F|  |TAMS 0x00000007bd000000, 0x00000007bd000000| Untracked 
[2025-05-19T18:14:57.695+0000][13.142s][1668][1784][trace] GC(2) | 426|0x00000007be000000, 0x00000007bef48000, 0x00000007bf000000| 95%|OA|  |TAMS 0x00000007bef48000, 0x00000007be000000| Untracked 
[2025-05-19T18:14:57.695+0000][13.142s][1668][1784][trace] GC(2) | 427|0x00000007bf000000, 0x00000007bf06c000, 0x00000007c0000000|  2%|CA|  |TAMS 0x00000007bf06c000, 0x00000007bf000000| Untracked 
[2025-05-19T18:14:57.695+0000][13.142s][1668][1784][trace] GC(2) | 428|0x00000007c0000000, 0x00000007c0000000, 0x00000007c1000000|  0%| F|  |TAMS 0x00000007c0000000, 0x00000007c0000000| Untracked 
[2025-05-19T18:14:57.695+0000][13.142s][1668][1784][trace] GC(2) | 429|0x00000007c1000000, 0x00000007c1000000, 0x00000007c2000000|  0%| F|  |TAMS 0x00000007c1000000, 0x00000007c1000000| Untracked 
[2025-05-19T18:14:57.695+0000][13.142s][1668][1784][trace] GC(2) | 430|0x00000007c2000000, 0x00000007c2000000, 0x00000007c3000000|  0%| F|  |TAMS 0x00000007c2000000, 0x00000007c2000000| Untracked 
[2025-05-19T18:14:57.695+0000][13.142s][1668][1784][trace] GC(2) | 431|0x00000007c3000000, 0x00000007c3000000, 0x00000007c4000000|  0%| F|  |TAMS 0x00000007c3000000, 0x00000007c3000000| Untracked 
[2025-05-19T18:14:57.695+0000][13.142s][1668][1784][trace] GC(2) | 432|0x00000007c4000000, 0x00000007c4000000, 0x00000007c5000000|  0%| F|  |TAMS 0x00000007c4000000, 0x00000007c4000000| Untracked 
[2025-05-19T18:14:57.695+0000][13.142s][1668][1784][trace] GC(2) | 433|0x00000007c5000000, 0x00000007c5000000, 0x00000007c6000000|  0%| F|  |TAMS 0x00000007c5000000, 0x00000007c5000000| Untracked 
[2025-05-19T18:14:57.695+0000][13.142s][1668][1784][trace] GC(2) | 434|0x00000007c6000000, 0x00000007c6000000, 0x00000007c7000000|  0%| F|  |TAMS 0x00000007c6000000, 0x00000007c6000000| Untracked 
[2025-05-19T18:14:57.695+0000][13.142s][1668][1784][trace] GC(2) | 435|0x00000007c7000000, 0x00000007c7000000, 0x00000007c8000000|  0%| F|  |TAMS 0x00000007c7000000, 0x00000007c7000000| Untracked 
[2025-05-19T18:14:57.695+0000][13.142s][1668][1784][trace] GC(2) | 436|0x00000007c8000000, 0x00000007c8000000, 0x00000007c9000000|  0%| F|  |TAMS 0x00000007c8000000, 0x00000007c8000000| Untracked 
[2025-05-19T18:14:57.695+0000][13.142s][1668][1784][trace] GC(2) | 437|0x00000007c9000000, 0x00000007c9000000, 0x00000007ca000000|  0%| F|  |TAMS 0x00000007c9000000, 0x00000007c9000000| Untracked 
[2025-05-19T18:14:57.696+0000][13.142s][1668][1784][trace] GC(2) | 438|0x00000007ca000000, 0x00000007ca000000, 0x00000007cb000000|  0%| F|  |TAMS 0x00000007ca000000, 0x00000007ca000000| Untracked 
[2025-05-19T18:14:57.696+0000][13.142s][1668][1784][trace] GC(2) | 439|0x00000007cb000000, 0x00000007cb000000, 0x00000007cc000000|  0%| F|  |TAMS 0x00000007cb000000, 0x00000007cb000000| Untracked 
[2025-05-19T18:14:57.696+0000][13.142s][1668][1784][trace] GC(2) | 440|0x00000007cc000000, 0x00000007cc000000, 0x00000007cd000000|  0%| F|  |TAMS 0x00000007cc000000, 0x00000007cc000000| Untracked 
[2025-05-19T18:14:57.696+0000][13.142s][1668][1784][trace] GC(2) | 441|0x00000007cd000000, 0x00000007cd000000, 0x00000007ce000000|  0%| F|  |TAMS 0x00000007cd000000, 0x00000007cd000000| Untracked 
[2025-05-19T18:14:57.696+0000][13.142s][1668][1784][trace] GC(2) | 442|0x00000007ce000000, 0x00000007ce000000, 0x00000007cf000000|  0%| F|  |TAMS 0x00000007ce000000, 0x00000007ce000000| Untracked 
[2025-05-19T18:14:57.696+0000][13.142s][1668][1784][trace] GC(2) | 443|0x00000007cf000000, 0x00000007cf000000, 0x00000007d0000000|  0%| F|  |TAMS 0x00000007cf000000, 0x00000007cf000000| Untracked 
[2025-05-19T18:14:57.696+0000][13.142s][1668][1784][trace] GC(2) | 444|0x00000007d0000000, 0x00000007d0000000, 0x00000007d1000000|  0%| F|  |TAMS 0x00000007d0000000, 0x00000007d0000000| Untracked 
[2025-05-19T18:14:57.696+0000][13.142s][1668][1784][trace] GC(2) | 445|0x00000007d1000000, 0x00000007d1000000, 0x00000007d2000000|  0%| F|  |TAMS 0x00000007d1000000, 0x00000007d1000000| Untracked 
[2025-05-19T18:14:57.696+0000][13.142s][1668][1784][trace] GC(2) | 446|0x00000007d2000000, 0x00000007d2000000, 0x00000007d3000000|  0%| F|  |TAMS 0x00000007d2000000, 0x00000007d2000000| Untracked 
[2025-05-19T18:14:57.696+0000][13.142s][1668][1784][trace] GC(2) | 447|0x00000007d3000000, 0x00000007d3000000, 0x00000007d4000000|  0%| F|  |TAMS 0x00000007d3000000, 0x00000007d3000000| Untracked 
[2025-05-19T18:14:57.696+0000][13.142s][1668][1784][trace] GC(2) | 448|0x00000007d4000000, 0x00000007d4000000, 0x00000007d5000000|  0%| F|  |TAMS 0x00000007d4000000, 0x00000007d4000000| Untracked 
[2025-05-19T18:14:57.696+0000][13.142s][1668][1784][trace] GC(2) | 449|0x00000007d5000000, 0x00000007d5000000, 0x00000007d6000000|  0%| F|  |TAMS 0x00000007d5000000, 0x00000007d5000000| Untracked 
[2025-05-19T18:14:57.696+0000][13.142s][1668][1784][trace] GC(2) | 450|0x00000007d6000000, 0x00000007d6000000, 0x00000007d7000000|  0%| F|  |TAMS 0x00000007d6000000, 0x00000007d6000000| Untracked 
[2025-05-19T18:14:57.696+0000][13.142s][1668][1784][trace] GC(2) | 451|0x00000007d7000000, 0x00000007d7000000, 0x00000007d8000000|  0%| F|  |TAMS 0x00000007d7000000, 0x00000007d7000000| Untracked 
[2025-05-19T18:14:57.696+0000][13.142s][1668][1784][trace] GC(2) | 452|0x00000007d8000000, 0x00000007d8000000, 0x00000007d9000000|  0%| F|  |TAMS 0x00000007d8000000, 0x00000007d8000000| Untracked 
[2025-05-19T18:14:57.696+0000][13.142s][1668][1784][trace] GC(2) | 453|0x00000007d9000000, 0x00000007d9000000, 0x00000007da000000|  0%| F|  |TAMS 0x00000007d9000000, 0x00000007d9000000| Untracked 
[2025-05-19T18:14:57.696+0000][13.142s][1668][1784][trace] GC(2) | 454|0x00000007da000000, 0x00000007da000000, 0x00000007db000000|  0%| F|  |TAMS 0x00000007da000000, 0x00000007da000000| Untracked 
[2025-05-19T18:14:57.696+0000][13.142s][1668][1784][trace] GC(2) | 455|0x00000007db000000, 0x00000007db000000, 0x00000007dc000000|  0%| F|  |TAMS 0x00000007db000000, 0x00000007db000000| Untracked 
[2025-05-19T18:14:57.696+0000][13.142s][1668][1784][trace] GC(2) | 456|0x00000007dc000000, 0x00000007dc000000, 0x00000007dd000000|  0%| F|  |TAMS 0x00000007dc000000, 0x00000007dc000000| Untracked 
[2025-05-19T18:14:57.696+0000][13.142s][1668][1784][trace] GC(2) | 457|0x00000007dd000000, 0x00000007dd000000, 0x00000007de000000|  0%| F|  |TAMS 0x00000007dd000000, 0x00000007dd000000| Untracked 
[2025-05-19T18:14:57.696+0000][13.142s][1668][1784][trace] GC(2) | 458|0x00000007de000000, 0x00000007de000000, 0x00000007df000000|  0%| F|  |TAMS 0x00000007de000000, 0x00000007de000000| Untracked 
[2025-05-19T18:14:57.696+0000][13.142s][1668][1784][trace] GC(2) | 459|0x00000007df000000, 0x00000007df000000, 0x00000007e0000000|  0%| F|  |TAMS 0x00000007df000000, 0x00000007df000000| Untracked 
[2025-05-19T18:14:57.696+0000][13.142s][1668][1784][trace] GC(2) | 460|0x00000007e0000000, 0x00000007e0000000, 0x00000007e1000000|  0%| F|  |TAMS 0x00000007e0000000, 0x00000007e0000000| Untracked 
[2025-05-19T18:14:57.696+0000][13.142s][1668][1784][trace] GC(2) | 461|0x00000007e1000000, 0x00000007e1000000, 0x00000007e2000000|  0%| F|  |TAMS 0x00000007e1000000, 0x00000007e1000000| Untracked 
[2025-05-19T18:14:57.696+0000][13.142s][1668][1784][trace] GC(2) | 462|0x00000007e2000000, 0x00000007e2000000, 0x00000007e3000000|  0%| F|  |TAMS 0x00000007e2000000, 0x00000007e2000000| Untracked 
[2025-05-19T18:14:57.696+0000][13.142s][1668][1784][trace] GC(2) | 463|0x00000007e3000000, 0x00000007e3000000, 0x00000007e4000000|  0%| F|  |TAMS 0x00000007e3000000, 0x00000007e3000000| Untracked 
[2025-05-19T18:14:57.696+0000][13.142s][1668][1784][trace] GC(2) | 464|0x00000007e4000000, 0x00000007e4000000, 0x00000007e5000000|  0%| F|  |TAMS 0x00000007e4000000, 0x00000007e4000000| Untracked 
[2025-05-19T18:14:57.696+0000][13.142s][1668][1784][trace] GC(2) | 465|0x00000007e5000000, 0x00000007e5000000, 0x00000007e6000000|  0%| F|  |TAMS 0x00000007e5000000, 0x00000007e5000000| Untracked 
[2025-05-19T18:14:57.696+0000][13.142s][1668][1784][trace] GC(2) | 466|0x00000007e6000000, 0x00000007e6000000, 0x00000007e7000000|  0%| F|  |TAMS 0x00000007e6000000, 0x00000007e6000000| Untracked 
[2025-05-19T18:14:57.696+0000][13.142s][1668][1784][trace] GC(2) | 467|0x00000007e7000000, 0x00000007e7000000, 0x00000007e8000000|  0%| F|  |TAMS 0x00000007e7000000, 0x00000007e7000000| Untracked 
[2025-05-19T18:14:57.696+0000][13.142s][1668][1784][trace] GC(2) | 468|0x00000007e8000000, 0x00000007e8000000, 0x00000007e9000000|  0%| F|  |TAMS 0x00000007e8000000, 0x00000007e8000000| Untracked 
[2025-05-19T18:14:57.696+0000][13.142s][1668][1784][trace] GC(2) | 469|0x00000007e9000000, 0x00000007e9000000, 0x00000007ea000000|  0%| F|  |TAMS 0x00000007e9000000, 0x00000007e9000000| Untracked 
[2025-05-19T18:14:57.696+0000][13.142s][1668][1784][trace] GC(2) | 470|0x00000007ea000000, 0x00000007ea000000, 0x00000007eb000000|  0%| F|  |TAMS 0x00000007ea000000, 0x00000007ea000000| Untracked 
[2025-05-19T18:14:57.696+0000][13.142s][1668][1784][trace] GC(2) | 471|0x00000007eb000000, 0x00000007ebff0fa0, 0x00000007ec000000| 99%| E|  |TAMS 0x00000007eb000000, 0x00000007eb000000| Complete 
[2025-05-19T18:14:57.696+0000][13.142s][1668][1784][trace] GC(2) | 472|0x00000007ec000000, 0x00000007ed000000, 0x00000007ed000000|100%| E|CS|TAMS 0x00000007ec000000, 0x00000007ec000000| Complete 
[2025-05-19T18:14:57.696+0000][13.142s][1668][1784][trace] GC(2) | 473|0x00000007ed000000, 0x00000007ee000000, 0x00000007ee000000|100%| E|CS|TAMS 0x00000007ed000000, 0x00000007ed000000| Complete 
[2025-05-19T18:14:57.696+0000][13.142s][1668][1784][trace] GC(2) | 474|0x00000007ee000000, 0x00000007ef000000, 0x00000007ef000000|100%| E|CS|TAMS 0x00000007ee000000, 0x00000007ee000000| Complete 
[2025-05-19T18:14:57.696+0000][13.142s][1668][1784][trace] GC(2) | 475|0x00000007ef000000, 0x00000007f0000000, 0x00000007f0000000|100%| E|CS|TAMS 0x00000007ef000000, 0x00000007ef000000| Complete 
[2025-05-19T18:14:57.696+0000][13.142s][1668][1784][trace] GC(2) | 476|0x00000007f0000000, 0x00000007f1000000, 0x00000007f1000000|100%| E|CS|TAMS 0x00000007f0000000, 0x00000007f0000000| Complete 
[2025-05-19T18:14:57.696+0000][13.142s][1668][1784][trace] GC(2) | 477|0x00000007f1000000, 0x00000007f2000000, 0x00000007f2000000|100%| E|CS|TAMS 0x00000007f1000000, 0x00000007f1000000| Complete 
[2025-05-19T18:14:57.696+0000][13.142s][1668][1784][trace] GC(2) | 478|0x00000007f2000000, 0x00000007f3000000, 0x00000007f3000000|100%| E|  |TAMS 0x00000007f2000000, 0x00000007f2000000| Complete 
[2025-05-19T18:14:57.696+0000][13.142s][1668][1784][trace] GC(2) | 479|0x00000007f3000000, 0x00000007f4000000, 0x00000007f4000000|100%| E|CS|TAMS 0x00000007f3000000, 0x00000007f3000000| Complete 
[2025-05-19T18:14:57.696+0000][13.142s][1668][1784][trace] GC(2) | 480|0x00000007f4000000, 0x00000007f5000000, 0x00000007f5000000|100%| E|CS|TAMS 0x00000007f4000000, 0x00000007f4000000| Complete 
[2025-05-19T18:14:57.696+0000][13.142s][1668][1784][trace] GC(2) | 481|0x00000007f5000000, 0x00000007f5b66da8, 0x00000007f6000000| 71%| S|CS|TAMS 0x00000007f5000000, 0x00000007f5000000| Complete 
[2025-05-19T18:14:57.696+0000][13.142s][1668][1784][trace] GC(2) | 482|0x00000007f6000000, 0x00000007f7000000, 0x00000007f7000000|100%| E|CS|TAMS 0x00000007f6000000, 0x00000007f6000000| Complete 
[2025-05-19T18:14:57.696+0000][13.142s][1668][1784][trace] GC(2) | 483|0x00000007f7000000, 0x00000007f8000000, 0x00000007f8000000|100%| E|CS|TAMS 0x00000007f7000000, 0x00000007f7000000| Complete 
[2025-05-19T18:14:57.696+0000][13.142s][1668][1784][trace] GC(2) | 484|0x00000007f8000000, 0x00000007f9000000, 0x00000007f9000000|100%| E|CS|TAMS 0x00000007f8000000, 0x00000007f8000000| Complete 
[2025-05-19T18:14:57.696+0000][13.142s][1668][1784][trace] GC(2) | 485|0x00000007f9000000, 0x00000007fa000000, 0x00000007fa000000|100%| E|CS|TAMS 0x00000007f9000000, 0x00000007f9000000| Complete 
[2025-05-19T18:14:57.696+0000][13.142s][1668][1784][trace] GC(2) | 486|0x00000007fa000000, 0x00000007fb000000, 0x00000007fb000000|100%| E|CS|TAMS 0x00000007fa000000, 0x00000007fa000000| Complete 
[2025-05-19T18:14:57.696+0000][13.142s][1668][1784][trace] GC(2) | 487|0x00000007fb000000, 0x00000007fc000000, 0x00000007fc000000|100%| E|CS|TAMS 0x00000007fb000000, 0x00000007fb000000| Complete 
[2025-05-19T18:14:57.696+0000][13.142s][1668][1784][trace] GC(2) | 488|0x00000007fc000000, 0x00000007fd000000, 0x00000007fd000000|100%| E|CS|TAMS 0x00000007fc000000, 0x00000007fc000000| Complete 
[2025-05-19T18:14:57.696+0000][13.142s][1668][1784][trace] GC(2) | 489|0x00000007fd000000, 0x00000007fe000000, 0x00000007fe000000|100%| E|CS|TAMS 0x00000007fd000000, 0x00000007fd000000| Complete 
[2025-05-19T18:14:57.696+0000][13.142s][1668][1784][trace] GC(2) | 490|0x00000007fe000000, 0x00000007ff000000, 0x00000007ff000000|100%| E|CS|TAMS 0x00000007fe000000, 0x00000007fe000000| Complete 
[2025-05-19T18:14:57.696+0000][13.142s][1668][1784][trace] GC(2) | 491|0x00000007ff000000, 0x0000000800000000, 0x0000000800000000|100%| E|CS|TAMS 0x00000007ff000000, 0x00000007ff000000| Complete 
[2025-05-19T18:14:57.696+0000][13.143s][1668][1784][debug] GC(2) Desired survivor size 260046848 bytes, new threshold 2 (max threshold 2)
[2025-05-19T18:14:57.717+0000][13.164s][1668][1784][info ] GC(2) Eden regions: 20->0(245)
[2025-05-19T18:14:57.717+0000][13.164s][1668][1784][trace] GC(2)  Used: 0K, Waste: 0K
[2025-05-19T18:14:57.717+0000][13.164s][1668][1784][info ] GC(2) Survivor regions: 1->1(31)
[2025-05-19T18:14:57.717+0000][13.164s][1668][1784][trace] GC(2)  Used: 14625K, Waste: 1758K
[2025-05-19T18:14:57.717+0000][13.164s][1668][1784][info ] GC(2) Old regions: 2->2
[2025-05-19T18:14:57.717+0000][13.164s][1668][1784][trace] GC(2)  Used: 16080K, Waste: 16688K
[2025-05-19T18:14:57.717+0000][13.164s][1668][1784][info ] GC(2) Humongous regions: 0->0
[2025-05-19T18:14:57.717+0000][13.164s][1668][1784][trace] GC(2)  Used: 0K, Waste: 0K
[2025-05-19T18:14:57.717+0000][13.164s][1668][1784][debug] GC(2) Heap after GC invocations=3 (full 0): garbage-first heap   total 8060928K, used 30705K [0x0000000614000000, 0x0000000800000000)
[2025-05-19T18:14:57.717+0000][13.164s][1668][1784][debug] GC(2)   region size 16384K, 1 young (16384K), 1 survivors (16384K)
[2025-05-19T18:14:57.717+0000][13.164s][1668][1784][debug] GC(2)  Metaspace       used 34630K, capacity 35771K, committed 35840K, reserved 1081344K
[2025-05-19T18:14:57.717+0000][13.164s][1668][1784][debug] GC(2)   class space    used 3927K, capacity 4452K, committed 4480K, reserved 1048576K
[2025-05-19T18:14:57.717+0000][13.164s][1668][1784][trace] GC(2) Heap Regions: E=young(eden), S=young(survivor), O=old, HS=humongous(starts), HC=humongous(continues), CS=collection set, F=free, A=archive, TAMS=top-at-mark-start (previous, next)
[2025-05-19T18:14:57.718+0000][13.164s][1668][1784][trace] GC(2) |   0|0x0000000614000000, 0x0000000614000000, 0x0000000615000000|  0%| F|  |TAMS 0x0000000614000000, 0x0000000614000000| Untracked 
[2025-05-19T18:14:57.718+0000][13.164s][1668][1784][trace] GC(2) |   1|0x0000000615000000, 0x0000000615000000, 0x0000000616000000|  0%| F|  |TAMS 0x0000000615000000, 0x0000000615000000| Untracked 
[2025-05-19T18:14:57.718+0000][13.164s][1668][1784][trace] GC(2) |   2|0x0000000616000000, 0x0000000616000000, 0x0000000617000000|  0%| F|  |TAMS 0x0000000616000000, 0x0000000616000000| Untracked 
[2025-05-19T18:14:57.718+0000][13.164s][1668][1784][trace] GC(2) |   3|0x0000000617000000, 0x0000000617000000, 0x0000000618000000|  0%| F|  |TAMS 0x0000000617000000, 0x0000000617000000| Untracked 
[2025-05-19T18:14:57.718+0000][13.164s][1668][1784][trace] GC(2) |   4|0x0000000618000000, 0x0000000618000000, 0x0000000619000000|  0%| F|  |TAMS 0x0000000618000000, 0x0000000618000000| Untracked 
[2025-05-19T18:14:57.718+0000][13.164s][1668][1784][trace] GC(2) |   5|0x0000000619000000, 0x0000000619000000, 0x000000061a000000|  0%| F|  |TAMS 0x0000000619000000, 0x0000000619000000| Untracked 
[2025-05-19T18:14:57.718+0000][13.164s][1668][1784][trace] GC(2) |   6|0x000000061a000000, 0x000000061a000000, 0x000000061b000000|  0%| F|  |TAMS 0x000000061a000000, 0x000000061a000000| Untracked 
[2025-05-19T18:14:57.718+0000][13.164s][1668][1784][trace] GC(2) |   7|0x000000061b000000, 0x000000061b000000, 0x000000061c000000|  0%| F|  |TAMS 0x000000061b000000, 0x000000061b000000| Untracked 
[2025-05-19T18:14:57.718+0000][13.164s][1668][1784][trace] GC(2) |   8|0x000000061c000000, 0x000000061c000000, 0x000000061d000000|  0%| F|  |TAMS 0x000000061c000000, 0x000000061c000000| Untracked 
[2025-05-19T18:14:57.718+0000][13.164s][1668][1784][trace] GC(2) |   9|0x000000061d000000, 0x000000061d000000, 0x000000061e000000|  0%| F|  |TAMS 0x000000061d000000, 0x000000061d000000| Untracked 
[2025-05-19T18:14:57.718+0000][13.164s][1668][1784][trace] GC(2) |  10|0x000000061e000000, 0x000000061e000000, 0x000000061f000000|  0%| F|  |TAMS 0x000000061e000000, 0x000000061e000000| Untracked 
[2025-05-19T18:14:57.718+0000][13.164s][1668][1784][trace] GC(2) |  11|0x000000061f000000, 0x000000061f000000, 0x0000000620000000|  0%| F|  |TAMS 0x000000061f000000, 0x000000061f000000| Untracked 
[2025-05-19T18:14:57.718+0000][13.164s][1668][1784][trace] GC(2) |  12|0x0000000620000000, 0x0000000620000000, 0x0000000621000000|  0%| F|  |TAMS 0x0000000620000000, 0x0000000620000000| Untracked 
[2025-05-19T18:14:57.718+0000][13.164s][1668][1784][trace] GC(2) |  13|0x0000000621000000, 0x0000000621000000, 0x0000000622000000|  0%| F|  |TAMS 0x0000000621000000, 0x0000000621000000| Untracked 
[2025-05-19T18:14:57.718+0000][13.164s][1668][1784][trace] GC(2) |  14|0x0000000622000000, 0x0000000622000000, 0x0000000623000000|  0%| F|  |TAMS 0x0000000622000000, 0x0000000622000000| Untracked 
[2025-05-19T18:14:57.718+0000][13.164s][1668][1784][trace] GC(2) |  15|0x0000000623000000, 0x0000000623000000, 0x0000000624000000|  0%| F|  |TAMS 0x0000000623000000, 0x0000000623000000| Untracked 
[2025-05-19T18:14:57.718+0000][13.164s][1668][1784][trace] GC(2) |  16|0x0000000624000000, 0x0000000624000000, 0x0000000625000000|  0%| F|  |TAMS 0x0000000624000000, 0x0000000624000000| Untracked 
[2025-05-19T18:14:57.718+0000][13.164s][1668][1784][trace] GC(2) |  17|0x0000000625000000, 0x0000000625000000, 0x0000000626000000|  0%| F|  |TAMS 0x0000000625000000, 0x0000000625000000| Untracked 
[2025-05-19T18:14:57.718+0000][13.164s][1668][1784][trace] GC(2) |  18|0x0000000626000000, 0x0000000626000000, 0x0000000627000000|  0%| F|  |TAMS 0x0000000626000000, 0x0000000626000000| Untracked 
[2025-05-19T18:14:57.718+0000][13.164s][1668][1784][trace] GC(2) |  19|0x0000000627000000, 0x0000000627000000, 0x0000000628000000|  0%| F|  |TAMS 0x0000000627000000, 0x0000000627000000| Untracked 
[2025-05-19T18:14:57.718+0000][13.164s][1668][1784][trace] GC(2) |  20|0x0000000628000000, 0x0000000628000000, 0x0000000629000000|  0%| F|  |TAMS 0x0000000628000000, 0x0000000628000000| Untracked 
[2025-05-19T18:14:57.718+0000][13.164s][1668][1784][trace] GC(2) |  21|0x0000000629000000, 0x0000000629000000, 0x000000062a000000|  0%| F|  |TAMS 0x0000000629000000, 0x0000000629000000| Untracked 
[2025-05-19T18:14:57.718+0000][13.164s][1668][1784][trace] GC(2) |  22|0x000000062a000000, 0x000000062a000000, 0x000000062b000000|  0%| F|  |TAMS 0x000000062a000000, 0x000000062a000000| Untracked 
[2025-05-19T18:14:57.718+0000][13.164s][1668][1784][trace] GC(2) |  23|0x000000062b000000, 0x000000062b000000, 0x000000062c000000|  0%| F|  |TAMS 0x000000062b000000, 0x000000062b000000| Untracked 
[2025-05-19T18:14:57.718+0000][13.164s][1668][1784][trace] GC(2) |  24|0x000000062c000000, 0x000000062c000000, 0x000000062d000000|  0%| F|  |TAMS 0x000000062c000000, 0x000000062c000000| Untracked 
[2025-05-19T18:14:57.718+0000][13.164s][1668][1784][trace] GC(2) |  25|0x000000062d000000, 0x000000062d000000, 0x000000062e000000|  0%| F|  |TAMS 0x000000062d000000, 0x000000062d000000| Untracked 
[2025-05-19T18:14:57.718+0000][13.164s][1668][1784][trace] GC(2) |  26|0x000000062e000000, 0x000000062e000000, 0x000000062f000000|  0%| F|  |TAMS 0x000000062e000000, 0x000000062e000000| Untracked 
[2025-05-19T18:14:57.718+0000][13.164s][1668][1784][trace] GC(2) |  27|0x000000062f000000, 0x000000062f000000, 0x0000000630000000|  0%| F|  |TAMS 0x000000062f000000, 0x000000062f000000| Untracked 
[2025-05-19T18:14:57.718+0000][13.164s][1668][1784][trace] GC(2) |  28|0x0000000630000000, 0x0000000630000000, 0x0000000631000000|  0%| F|  |TAMS 0x0000000630000000, 0x0000000630000000| Untracked 
[2025-05-19T18:14:57.718+0000][13.164s][1668][1784][trace] GC(2) |  29|0x0000000631000000, 0x0000000631000000, 0x0000000632000000|  0%| F|  |TAMS 0x0000000631000000, 0x0000000631000000| Untracked 
[2025-05-19T18:14:57.718+0000][13.164s][1668][1784][trace] GC(2) |  30|0x0000000632000000, 0x0000000632000000, 0x0000000633000000|  0%| F|  |TAMS 0x0000000632000000, 0x0000000632000000| Untracked 
[2025-05-19T18:14:57.718+0000][13.164s][1668][1784][trace] GC(2) |  31|0x0000000633000000, 0x0000000633000000, 0x0000000634000000|  0%| F|  |TAMS 0x0000000633000000, 0x0000000633000000| Untracked 
[2025-05-19T18:14:57.718+0000][13.164s][1668][1784][trace] GC(2) |  32|0x0000000634000000, 0x0000000634000000, 0x0000000635000000|  0%| F|  |TAMS 0x0000000634000000, 0x0000000634000000| Untracked 
[2025-05-19T18:14:57.718+0000][13.164s][1668][1784][trace] GC(2) |  33|0x0000000635000000, 0x0000000635000000, 0x0000000636000000|  0%| F|  |TAMS 0x0000000635000000, 0x0000000635000000| Untracked 
[2025-05-19T18:14:57.718+0000][13.164s][1668][1784][trace] GC(2) |  34|0x0000000636000000, 0x0000000636000000, 0x0000000637000000|  0%| F|  |TAMS 0x0000000636000000, 0x0000000636000000| Untracked 
[2025-05-19T18:14:57.718+0000][13.164s][1668][1784][trace] GC(2) |  35|0x0000000637000000, 0x0000000637000000, 0x0000000638000000|  0%| F|  |TAMS 0x0000000637000000, 0x0000000637000000| Untracked 
[2025-05-19T18:14:57.718+0000][13.164s][1668][1784][trace] GC(2) |  36|0x0000000638000000, 0x0000000638000000, 0x0000000639000000|  0%| F|  |TAMS 0x0000000638000000, 0x0000000638000000| Untracked 
[2025-05-19T18:14:57.718+0000][13.164s][1668][1784][trace] GC(2) |  37|0x0000000639000000, 0x0000000639000000, 0x000000063a000000|  0%| F|  |TAMS 0x0000000639000000, 0x0000000639000000| Untracked 
[2025-05-19T18:14:57.718+0000][13.164s][1668][1784][trace] GC(2) |  38|0x000000063a000000, 0x000000063a000000, 0x000000063b000000|  0%| F|  |TAMS 0x000000063a000000, 0x000000063a000000| Untracked 
[2025-05-19T18:14:57.718+0000][13.164s][1668][1784][trace] GC(2) |  39|0x000000063b000000, 0x000000063b000000, 0x000000063c000000|  0%| F|  |TAMS 0x000000063b000000, 0x000000063b000000| Untracked 
[2025-05-19T18:14:57.718+0000][13.164s][1668][1784][trace] GC(2) |  40|0x000000063c000000, 0x000000063c000000, 0x000000063d000000|  0%| F|  |TAMS 0x000000063c000000, 0x000000063c000000| Untracked 
[2025-05-19T18:14:57.718+0000][13.164s][1668][1784][trace] GC(2) |  41|0x000000063d000000, 0x000000063d000000, 0x000000063e000000|  0%| F|  |TAMS 0x000000063d000000, 0x000000063d000000| Untracked 
[2025-05-19T18:14:57.718+0000][13.164s][1668][1784][trace] GC(2) |  42|0x000000063e000000, 0x000000063e000000, 0x000000063f000000|  0%| F|  |TAMS 0x000000063e000000, 0x000000063e000000| Untracked 
[2025-05-19T18:14:57.718+0000][13.164s][1668][1784][trace] GC(2) |  43|0x000000063f000000, 0x000000063f000000, 0x0000000640000000|  0%| F|  |TAMS 0x000000063f000000, 0x000000063f000000| Untracked 
[2025-05-19T18:14:57.718+0000][13.164s][1668][1784][trace] GC(2) |  44|0x0000000640000000, 0x0000000640000000, 0x0000000641000000|  0%| F|  |TAMS 0x0000000640000000, 0x0000000640000000| Untracked 
[2025-05-19T18:14:57.718+0000][13.164s][1668][1784][trace] GC(2) |  45|0x0000000641000000, 0x0000000641000000, 0x0000000642000000|  0%| F|  |TAMS 0x0000000641000000, 0x0000000641000000| Untracked 
[2025-05-19T18:14:57.718+0000][13.164s][1668][1784][trace] GC(2) |  46|0x0000000642000000, 0x0000000642000000, 0x0000000643000000|  0%| F|  |TAMS 0x0000000642000000, 0x0000000642000000| Untracked 
[2025-05-19T18:14:57.718+0000][13.164s][1668][1784][trace] GC(2) |  47|0x0000000643000000, 0x0000000643000000, 0x0000000644000000|  0%| F|  |TAMS 0x0000000643000000, 0x0000000643000000| Untracked 
[2025-05-19T18:14:57.718+0000][13.164s][1668][1784][trace] GC(2) |  48|0x0000000644000000, 0x0000000644000000, 0x0000000645000000|  0%| F|  |TAMS 0x0000000644000000, 0x0000000644000000| Untracked 
[2025-05-19T18:14:57.718+0000][13.164s][1668][1784][trace] GC(2) |  49|0x0000000645000000, 0x0000000645000000, 0x0000000646000000|  0%| F|  |TAMS 0x0000000645000000, 0x0000000645000000| Untracked 
[2025-05-19T18:14:57.718+0000][13.164s][1668][1784][trace] GC(2) |  50|0x0000000646000000, 0x0000000646000000, 0x0000000647000000|  0%| F|  |TAMS 0x0000000646000000, 0x0000000646000000| Untracked 
[2025-05-19T18:14:57.718+0000][13.164s][1668][1784][trace] GC(2) |  51|0x0000000647000000, 0x0000000647000000, 0x0000000648000000|  0%| F|  |TAMS 0x0000000647000000, 0x0000000647000000| Untracked 
[2025-05-19T18:14:57.718+0000][13.164s][1668][1784][trace] GC(2) |  52|0x0000000648000000, 0x0000000648000000, 0x0000000649000000|  0%| F|  |TAMS 0x0000000648000000, 0x0000000648000000| Untracked 
[2025-05-19T18:14:57.718+0000][13.164s][1668][1784][trace] GC(2) |  53|0x0000000649000000, 0x0000000649000000, 0x000000064a000000|  0%| F|  |TAMS 0x0000000649000000, 0x0000000649000000| Untracked 
[2025-05-19T18:14:57.718+0000][13.164s][1668][1784][trace] GC(2) |  54|0x000000064a000000, 0x000000064a000000, 0x000000064b000000|  0%| F|  |TAMS 0x000000064a000000, 0x000000064a000000| Untracked 
[2025-05-19T18:14:57.718+0000][13.164s][1668][1784][trace] GC(2) |  55|0x000000064b000000, 0x000000064b000000, 0x000000064c000000|  0%| F|  |TAMS 0x000000064b000000, 0x000000064b000000| Untracked 
[2025-05-19T18:14:57.718+0000][13.164s][1668][1784][trace] GC(2) |  56|0x000000064c000000, 0x000000064c000000, 0x000000064d000000|  0%| F|  |TAMS 0x000000064c000000, 0x000000064c000000| Untracked 
[2025-05-19T18:14:57.718+0000][13.164s][1668][1784][trace] GC(2) |  57|0x000000064d000000, 0x000000064d000000, 0x000000064e000000|  0%| F|  |TAMS 0x000000064d000000, 0x000000064d000000| Untracked 
[2025-05-19T18:14:57.718+0000][13.164s][1668][1784][trace] GC(2) |  58|0x000000064e000000, 0x000000064e000000, 0x000000064f000000|  0%| F|  |TAMS 0x000000064e000000, 0x000000064e000000| Untracked 
[2025-05-19T18:14:57.718+0000][13.164s][1668][1784][trace] GC(2) |  59|0x000000064f000000, 0x000000064f000000, 0x0000000650000000|  0%| F|  |TAMS 0x000000064f000000, 0x000000064f000000| Untracked 
[2025-05-19T18:14:57.718+0000][13.164s][1668][1784][trace] GC(2) |  60|0x0000000650000000, 0x0000000650000000, 0x0000000651000000|  0%| F|  |TAMS 0x0000000650000000, 0x0000000650000000| Untracked 
[2025-05-19T18:14:57.718+0000][13.164s][1668][1784][trace] GC(2) |  61|0x0000000651000000, 0x0000000651000000, 0x0000000652000000|  0%| F|  |TAMS 0x0000000651000000, 0x0000000651000000| Untracked 
[2025-05-19T18:14:57.718+0000][13.164s][1668][1784][trace] GC(2) |  62|0x0000000652000000, 0x0000000652000000, 0x0000000653000000|  0%| F|  |TAMS 0x0000000652000000, 0x0000000652000000| Untracked 
[2025-05-19T18:14:57.718+0000][13.164s][1668][1784][trace] GC(2) |  63|0x0000000653000000, 0x0000000653000000, 0x0000000654000000|  0%| F|  |TAMS 0x0000000653000000, 0x0000000653000000| Untracked 
[2025-05-19T18:14:57.718+0000][13.164s][1668][1784][trace] GC(2) |  64|0x0000000654000000, 0x0000000654000000, 0x0000000655000000|  0%| F|  |TAMS 0x0000000654000000, 0x0000000654000000| Untracked 
[2025-05-19T18:14:57.718+0000][13.165s][1668][1784][trace] GC(2) |  65|0x0000000655000000, 0x0000000655000000, 0x0000000656000000|  0%| F|  |TAMS 0x0000000655000000, 0x0000000655000000| Untracked 
[2025-05-19T18:14:57.718+0000][13.165s][1668][1784][trace] GC(2) |  66|0x0000000656000000, 0x0000000656000000, 0x0000000657000000|  0%| F|  |TAMS 0x0000000656000000, 0x0000000656000000| Untracked 
[2025-05-19T18:14:57.718+0000][13.165s][1668][1784][trace] GC(2) |  67|0x0000000657000000, 0x0000000657000000, 0x0000000658000000|  0%| F|  |TAMS 0x0000000657000000, 0x0000000657000000| Untracked 
[2025-05-19T18:14:57.718+0000][13.165s][1668][1784][trace] GC(2) |  68|0x0000000658000000, 0x0000000658000000, 0x0000000659000000|  0%| F|  |TAMS 0x0000000658000000, 0x0000000658000000| Untracked 
[2025-05-19T18:14:57.718+0000][13.165s][1668][1784][trace] GC(2) |  69|0x0000000659000000, 0x0000000659000000, 0x000000065a000000|  0%| F|  |TAMS 0x0000000659000000, 0x0000000659000000| Untracked 
[2025-05-19T18:14:57.718+0000][13.165s][1668][1784][trace] GC(2) |  70|0x000000065a000000, 0x000000065a000000, 0x000000065b000000|  0%| F|  |TAMS 0x000000065a000000, 0x000000065a000000| Untracked 
[2025-05-19T18:14:57.718+0000][13.165s][1668][1784][trace] GC(2) |  71|0x000000065b000000, 0x000000065b000000, 0x000000065c000000|  0%| F|  |TAMS 0x000000065b000000, 0x000000065b000000| Untracked 
[2025-05-19T18:14:57.718+0000][13.165s][1668][1784][trace] GC(2) |  72|0x000000065c000000, 0x000000065c000000, 0x000000065d000000|  0%| F|  |TAMS 0x000000065c000000, 0x000000065c000000| Untracked 
[2025-05-19T18:14:57.718+0000][13.165s][1668][1784][trace] GC(2) |  73|0x000000065d000000, 0x000000065d000000, 0x000000065e000000|  0%| F|  |TAMS 0x000000065d000000, 0x000000065d000000| Untracked 
[2025-05-19T18:14:57.718+0000][13.165s][1668][1784][trace] GC(2) |  74|0x000000065e000000, 0x000000065e000000, 0x000000065f000000|  0%| F|  |TAMS 0x000000065e000000, 0x000000065e000000| Untracked 
[2025-05-19T18:14:57.718+0000][13.165s][1668][1784][trace] GC(2) |  75|0x000000065f000000, 0x000000065f000000, 0x0000000660000000|  0%| F|  |TAMS 0x000000065f000000, 0x000000065f000000| Untracked 
[2025-05-19T18:14:57.718+0000][13.165s][1668][1784][trace] GC(2) |  76|0x0000000660000000, 0x0000000660000000, 0x0000000661000000|  0%| F|  |TAMS 0x0000000660000000, 0x0000000660000000| Untracked 
[2025-05-19T18:14:57.718+0000][13.165s][1668][1784][trace] GC(2) |  77|0x0000000661000000, 0x0000000661000000, 0x0000000662000000|  0%| F|  |TAMS 0x0000000661000000, 0x0000000661000000| Untracked 
[2025-05-19T18:14:57.718+0000][13.165s][1668][1784][trace] GC(2) |  78|0x0000000662000000, 0x0000000662000000, 0x0000000663000000|  0%| F|  |TAMS 0x0000000662000000, 0x0000000662000000| Untracked 
[2025-05-19T18:14:57.718+0000][13.165s][1668][1784][trace] GC(2) |  79|0x0000000663000000, 0x0000000663000000, 0x0000000664000000|  0%| F|  |TAMS 0x0000000663000000, 0x0000000663000000| Untracked 
[2025-05-19T18:14:57.718+0000][13.165s][1668][1784][trace] GC(2) |  80|0x0000000664000000, 0x0000000664000000, 0x0000000665000000|  0%| F|  |TAMS 0x0000000664000000, 0x0000000664000000| Untracked 
[2025-05-19T18:14:57.718+0000][13.165s][1668][1784][trace] GC(2) |  81|0x0000000665000000, 0x0000000665000000, 0x0000000666000000|  0%| F|  |TAMS 0x0000000665000000, 0x0000000665000000| Untracked 
[2025-05-19T18:14:57.718+0000][13.165s][1668][1784][trace] GC(2) |  82|0x0000000666000000, 0x0000000666000000, 0x0000000667000000|  0%| F|  |TAMS 0x0000000666000000, 0x0000000666000000| Untracked 
[2025-05-19T18:14:57.718+0000][13.165s][1668][1784][trace] GC(2) |  83|0x0000000667000000, 0x0000000667000000, 0x0000000668000000|  0%| F|  |TAMS 0x0000000667000000, 0x0000000667000000| Untracked 
[2025-05-19T18:14:57.718+0000][13.165s][1668][1784][trace] GC(2) |  84|0x0000000668000000, 0x0000000668000000, 0x0000000669000000|  0%| F|  |TAMS 0x0000000668000000, 0x0000000668000000| Untracked 
[2025-05-19T18:14:57.718+0000][13.165s][1668][1784][trace] GC(2) |  85|0x0000000669000000, 0x0000000669000000, 0x000000066a000000|  0%| F|  |TAMS 0x0000000669000000, 0x0000000669000000| Untracked 
[2025-05-19T18:14:57.718+0000][13.165s][1668][1784][trace] GC(2) |  86|0x000000066a000000, 0x000000066a000000, 0x000000066b000000|  0%| F|  |TAMS 0x000000066a000000, 0x000000066a000000| Untracked 
[2025-05-19T18:14:57.718+0000][13.165s][1668][1784][trace] GC(2) |  87|0x000000066b000000, 0x000000066b000000, 0x000000066c000000|  0%| F|  |TAMS 0x000000066b000000, 0x000000066b000000| Untracked 
[2025-05-19T18:14:57.718+0000][13.165s][1668][1784][trace] GC(2) |  88|0x000000066c000000, 0x000000066c000000, 0x000000066d000000|  0%| F|  |TAMS 0x000000066c000000, 0x000000066c000000| Untracked 
[2025-05-19T18:14:57.718+0000][13.165s][1668][1784][trace] GC(2) |  89|0x000000066d000000, 0x000000066d000000, 0x000000066e000000|  0%| F|  |TAMS 0x000000066d000000, 0x000000066d000000| Untracked 
[2025-05-19T18:14:57.718+0000][13.165s][1668][1784][trace] GC(2) |  90|0x000000066e000000, 0x000000066e000000, 0x000000066f000000|  0%| F|  |TAMS 0x000000066e000000, 0x000000066e000000| Untracked 
[2025-05-19T18:14:57.718+0000][13.165s][1668][1784][trace] GC(2) |  91|0x000000066f000000, 0x000000066f000000, 0x0000000670000000|  0%| F|  |TAMS 0x000000066f000000, 0x000000066f000000| Untracked 
[2025-05-19T18:14:57.718+0000][13.165s][1668][1784][trace] GC(2) |  92|0x0000000670000000, 0x0000000670000000, 0x0000000671000000|  0%| F|  |TAMS 0x0000000670000000, 0x0000000670000000| Untracked 
[2025-05-19T18:14:57.718+0000][13.165s][1668][1784][trace] GC(2) |  93|0x0000000671000000, 0x0000000671000000, 0x0000000672000000|  0%| F|  |TAMS 0x0000000671000000, 0x0000000671000000| Untracked 
[2025-05-19T18:14:57.718+0000][13.165s][1668][1784][trace] GC(2) |  94|0x0000000672000000, 0x0000000672000000, 0x0000000673000000|  0%| F|  |TAMS 0x0000000672000000, 0x0000000672000000| Untracked 
[2025-05-19T18:14:57.718+0000][13.165s][1668][1784][trace] GC(2) |  95|0x0000000673000000, 0x0000000673000000, 0x0000000674000000|  0%| F|  |TAMS 0x0000000673000000, 0x0000000673000000| Untracked 
[2025-05-19T18:14:57.718+0000][13.165s][1668][1784][trace] GC(2) |  96|0x0000000674000000, 0x0000000674000000, 0x0000000675000000|  0%| F|  |TAMS 0x0000000674000000, 0x0000000674000000| Untracked 
[2025-05-19T18:14:57.718+0000][13.165s][1668][1784][trace] GC(2) |  97|0x0000000675000000, 0x0000000675000000, 0x0000000676000000|  0%| F|  |TAMS 0x0000000675000000, 0x0000000675000000| Untracked 
[2025-05-19T18:14:57.718+0000][13.165s][1668][1784][trace] GC(2) |  98|0x0000000676000000, 0x0000000676000000, 0x0000000677000000|  0%| F|  |TAMS 0x0000000676000000, 0x0000000676000000| Untracked 
[2025-05-19T18:14:57.718+0000][13.165s][1668][1784][trace] GC(2) |  99|0x0000000677000000, 0x0000000677000000, 0x0000000678000000|  0%| F|  |TAMS 0x0000000677000000, 0x0000000677000000| Untracked 
[2025-05-19T18:14:57.718+0000][13.165s][1668][1784][trace] GC(2) | 100|0x0000000678000000, 0x0000000678000000, 0x0000000679000000|  0%| F|  |TAMS 0x0000000678000000, 0x0000000678000000| Untracked 
[2025-05-19T18:14:57.718+0000][13.165s][1668][1784][trace] GC(2) | 101|0x0000000679000000, 0x0000000679000000, 0x000000067a000000|  0%| F|  |TAMS 0x0000000679000000, 0x0000000679000000| Untracked 
[2025-05-19T18:14:57.718+0000][13.165s][1668][1784][trace] GC(2) | 102|0x000000067a000000, 0x000000067a000000, 0x000000067b000000|  0%| F|  |TAMS 0x000000067a000000, 0x000000067a000000| Untracked 
[2025-05-19T18:14:57.718+0000][13.165s][1668][1784][trace] GC(2) | 103|0x000000067b000000, 0x000000067b000000, 0x000000067c000000|  0%| F|  |TAMS 0x000000067b000000, 0x000000067b000000| Untracked 
[2025-05-19T18:14:57.718+0000][13.165s][1668][1784][trace] GC(2) | 104|0x000000067c000000, 0x000000067c000000, 0x000000067d000000|  0%| F|  |TAMS 0x000000067c000000, 0x000000067c000000| Untracked 
[2025-05-19T18:14:57.718+0000][13.165s][1668][1784][trace] GC(2) | 105|0x000000067d000000, 0x000000067d000000, 0x000000067e000000|  0%| F|  |TAMS 0x000000067d000000, 0x000000067d000000| Untracked 
[2025-05-19T18:14:57.718+0000][13.165s][1668][1784][trace] GC(2) | 106|0x000000067e000000, 0x000000067e000000, 0x000000067f000000|  0%| F|  |TAMS 0x000000067e000000, 0x000000067e000000| Untracked 
[2025-05-19T18:14:57.718+0000][13.165s][1668][1784][trace] GC(2) | 107|0x000000067f000000, 0x000000067f000000, 0x0000000680000000|  0%| F|  |TAMS 0x000000067f000000, 0x000000067f000000| Untracked 
[2025-05-19T18:14:57.719+0000][13.165s][1668][1784][trace] GC(2) | 108|0x0000000680000000, 0x0000000680000000, 0x0000000681000000|  0%| F|  |TAMS 0x0000000680000000, 0x0000000680000000| Untracked 
[2025-05-19T18:14:57.719+0000][13.165s][1668][1784][trace] GC(2) | 109|0x0000000681000000, 0x0000000681000000, 0x0000000682000000|  0%| F|  |TAMS 0x0000000681000000, 0x0000000681000000| Untracked 
[2025-05-19T18:14:57.719+0000][13.165s][1668][1784][trace] GC(2) | 110|0x0000000682000000, 0x0000000682000000, 0x0000000683000000|  0%| F|  |TAMS 0x0000000682000000, 0x0000000682000000| Untracked 
[2025-05-19T18:14:57.719+0000][13.165s][1668][1784][trace] GC(2) | 111|0x0000000683000000, 0x0000000683000000, 0x0000000684000000|  0%| F|  |TAMS 0x0000000683000000, 0x0000000683000000| Untracked 
[2025-05-19T18:14:57.719+0000][13.165s][1668][1784][trace] GC(2) | 112|0x0000000684000000, 0x0000000684000000, 0x0000000685000000|  0%| F|  |TAMS 0x0000000684000000, 0x0000000684000000| Untracked 
[2025-05-19T18:14:57.719+0000][13.165s][1668][1784][trace] GC(2) | 113|0x0000000685000000, 0x0000000685000000, 0x0000000686000000|  0%| F|  |TAMS 0x0000000685000000, 0x0000000685000000| Untracked 
[2025-05-19T18:14:57.719+0000][13.165s][1668][1784][trace] GC(2) | 114|0x0000000686000000, 0x0000000686000000, 0x0000000687000000|  0%| F|  |TAMS 0x0000000686000000, 0x0000000686000000| Untracked 
[2025-05-19T18:14:57.719+0000][13.165s][1668][1784][trace] GC(2) | 115|0x0000000687000000, 0x0000000687000000, 0x0000000688000000|  0%| F|  |TAMS 0x0000000687000000, 0x0000000687000000| Untracked 
[2025-05-19T18:14:57.719+0000][13.165s][1668][1784][trace] GC(2) | 116|0x0000000688000000, 0x0000000688000000, 0x0000000689000000|  0%| F|  |TAMS 0x0000000688000000, 0x0000000688000000| Untracked 
[2025-05-19T18:14:57.719+0000][13.165s][1668][1784][trace] GC(2) | 117|0x0000000689000000, 0x0000000689000000, 0x000000068a000000|  0%| F|  |TAMS 0x0000000689000000, 0x0000000689000000| Untracked 
[2025-05-19T18:14:57.719+0000][13.165s][1668][1784][trace] GC(2) | 118|0x000000068a000000, 0x000000068a000000, 0x000000068b000000|  0%| F|  |TAMS 0x000000068a000000, 0x000000068a000000| Untracked 
[2025-05-19T18:14:57.719+0000][13.165s][1668][1784][trace] GC(2) | 119|0x000000068b000000, 0x000000068b000000, 0x000000068c000000|  0%| F|  |TAMS 0x000000068b000000, 0x000000068b000000| Untracked 
[2025-05-19T18:14:57.719+0000][13.165s][1668][1784][trace] GC(2) | 120|0x000000068c000000, 0x000000068c000000, 0x000000068d000000|  0%| F|  |TAMS 0x000000068c000000, 0x000000068c000000| Untracked 
[2025-05-19T18:14:57.719+0000][13.165s][1668][1784][trace] GC(2) | 121|0x000000068d000000, 0x000000068d000000, 0x000000068e000000|  0%| F|  |TAMS 0x000000068d000000, 0x000000068d000000| Untracked 
[2025-05-19T18:14:57.719+0000][13.165s][1668][1784][trace] GC(2) | 122|0x000000068e000000, 0x000000068e000000, 0x000000068f000000|  0%| F|  |TAMS 0x000000068e000000, 0x000000068e000000| Untracked 
[2025-05-19T18:14:57.719+0000][13.165s][1668][1784][trace] GC(2) | 123|0x000000068f000000, 0x000000068f000000, 0x0000000690000000|  0%| F|  |TAMS 0x000000068f000000, 0x000000068f000000| Untracked 
[2025-05-19T18:14:57.719+0000][13.165s][1668][1784][trace] GC(2) | 124|0x0000000690000000, 0x0000000690000000, 0x0000000691000000|  0%| F|  |TAMS 0x0000000690000000, 0x0000000690000000| Untracked 
[2025-05-19T18:14:57.719+0000][13.165s][1668][1784][trace] GC(2) | 125|0x0000000691000000, 0x0000000691000000, 0x0000000692000000|  0%| F|  |TAMS 0x0000000691000000, 0x0000000691000000| Untracked 
[2025-05-19T18:14:57.719+0000][13.165s][1668][1784][trace] GC(2) | 126|0x0000000692000000, 0x0000000692000000, 0x0000000693000000|  0%| F|  |TAMS 0x0000000692000000, 0x0000000692000000| Untracked 
[2025-05-19T18:14:57.719+0000][13.165s][1668][1784][trace] GC(2) | 127|0x0000000693000000, 0x0000000693000000, 0x0000000694000000|  0%| F|  |TAMS 0x0000000693000000, 0x0000000693000000| Untracked 
[2025-05-19T18:14:57.719+0000][13.165s][1668][1784][trace] GC(2) | 128|0x0000000694000000, 0x0000000694000000, 0x0000000695000000|  0%| F|  |TAMS 0x0000000694000000, 0x0000000694000000| Untracked 
[2025-05-19T18:14:57.719+0000][13.165s][1668][1784][trace] GC(2) | 129|0x0000000695000000, 0x0000000695000000, 0x0000000696000000|  0%| F|  |TAMS 0x0000000695000000, 0x0000000695000000| Untracked 
[2025-05-19T18:14:57.719+0000][13.165s][1668][1784][trace] GC(2) | 130|0x0000000696000000, 0x0000000696000000, 0x0000000697000000|  0%| F|  |TAMS 0x0000000696000000, 0x0000000696000000| Untracked 
[2025-05-19T18:14:57.719+0000][13.165s][1668][1784][trace] GC(2) | 131|0x0000000697000000, 0x0000000697000000, 0x0000000698000000|  0%| F|  |TAMS 0x0000000697000000, 0x0000000697000000| Untracked 
[2025-05-19T18:14:57.719+0000][13.165s][1668][1784][trace] GC(2) | 132|0x0000000698000000, 0x0000000698000000, 0x0000000699000000|  0%| F|  |TAMS 0x0000000698000000, 0x0000000698000000| Untracked 
[2025-05-19T18:14:57.719+0000][13.165s][1668][1784][trace] GC(2) | 133|0x0000000699000000, 0x0000000699000000, 0x000000069a000000|  0%| F|  |TAMS 0x0000000699000000, 0x0000000699000000| Untracked 
[2025-05-19T18:14:57.719+0000][13.165s][1668][1784][trace] GC(2) | 134|0x000000069a000000, 0x000000069a000000, 0x000000069b000000|  0%| F|  |TAMS 0x000000069a000000, 0x000000069a000000| Untracked 
[2025-05-19T18:14:57.719+0000][13.165s][1668][1784][trace] GC(2) | 135|0x000000069b000000, 0x000000069b000000, 0x000000069c000000|  0%| F|  |TAMS 0x000000069b000000, 0x000000069b000000| Untracked 
[2025-05-19T18:14:57.719+0000][13.165s][1668][1784][trace] GC(2) | 136|0x000000069c000000, 0x000000069c000000, 0x000000069d000000|  0%| F|  |TAMS 0x000000069c000000, 0x000000069c000000| Untracked 
[2025-05-19T18:14:57.719+0000][13.165s][1668][1784][trace] GC(2) | 137|0x000000069d000000, 0x000000069d000000, 0x000000069e000000|  0%| F|  |TAMS 0x000000069d000000, 0x000000069d000000| Untracked 
[2025-05-19T18:14:57.719+0000][13.165s][1668][1784][trace] GC(2) | 138|0x000000069e000000, 0x000000069e000000, 0x000000069f000000|  0%| F|  |TAMS 0x000000069e000000, 0x000000069e000000| Untracked 
[2025-05-19T18:14:57.719+0000][13.165s][1668][1784][trace] GC(2) | 139|0x000000069f000000, 0x000000069f000000, 0x00000006a0000000|  0%| F|  |TAMS 0x000000069f000000, 0x000000069f000000| Untracked 
[2025-05-19T18:14:57.719+0000][13.165s][1668][1784][trace] GC(2) | 140|0x00000006a0000000, 0x00000006a0000000, 0x00000006a1000000|  0%| F|  |TAMS 0x00000006a0000000, 0x00000006a0000000| Untracked 
[2025-05-19T18:14:57.719+0000][13.165s][1668][1784][trace] GC(2) | 141|0x00000006a1000000, 0x00000006a1000000, 0x00000006a2000000|  0%| F|  |TAMS 0x00000006a1000000, 0x00000006a1000000| Untracked 
[2025-05-19T18:14:57.719+0000][13.165s][1668][1784][trace] GC(2) | 142|0x00000006a2000000, 0x00000006a2000000, 0x00000006a3000000|  0%| F|  |TAMS 0x00000006a2000000, 0x00000006a2000000| Untracked 
[2025-05-19T18:14:57.719+0000][13.165s][1668][1784][trace] GC(2) | 143|0x00000006a3000000, 0x00000006a3000000, 0x00000006a4000000|  0%| F|  |TAMS 0x00000006a3000000, 0x00000006a3000000| Untracked 
[2025-05-19T18:14:57.719+0000][13.165s][1668][1784][trace] GC(2) | 144|0x00000006a4000000, 0x00000006a4000000, 0x00000006a5000000|  0%| F|  |TAMS 0x00000006a4000000, 0x00000006a4000000| Untracked 
[2025-05-19T18:14:57.719+0000][13.165s][1668][1784][trace] GC(2) | 145|0x00000006a5000000, 0x00000006a5000000, 0x00000006a6000000|  0%| F|  |TAMS 0x00000006a5000000, 0x00000006a5000000| Untracked 
[2025-05-19T18:14:57.719+0000][13.165s][1668][1784][trace] GC(2) | 146|0x00000006a6000000, 0x00000006a6000000, 0x00000006a7000000|  0%| F|  |TAMS 0x00000006a6000000, 0x00000006a6000000| Untracked 
[2025-05-19T18:14:57.719+0000][13.165s][1668][1784][trace] GC(2) | 147|0x00000006a7000000, 0x00000006a7000000, 0x00000006a8000000|  0%| F|  |TAMS 0x00000006a7000000, 0x00000006a7000000| Untracked 
[2025-05-19T18:14:57.719+0000][13.165s][1668][1784][trace] GC(2) | 148|0x00000006a8000000, 0x00000006a8000000, 0x00000006a9000000|  0%| F|  |TAMS 0x00000006a8000000, 0x00000006a8000000| Untracked 
[2025-05-19T18:14:57.719+0000][13.165s][1668][1784][trace] GC(2) | 149|0x00000006a9000000, 0x00000006a9000000, 0x00000006aa000000|  0%| F|  |TAMS 0x00000006a9000000, 0x00000006a9000000| Untracked 
[2025-05-19T18:14:57.719+0000][13.165s][1668][1784][trace] GC(2) | 150|0x00000006aa000000, 0x00000006aa000000, 0x00000006ab000000|  0%| F|  |TAMS 0x00000006aa000000, 0x00000006aa000000| Untracked 
[2025-05-19T18:14:57.719+0000][13.165s][1668][1784][trace] GC(2) | 151|0x00000006ab000000, 0x00000006ab000000, 0x00000006ac000000|  0%| F|  |TAMS 0x00000006ab000000, 0x00000006ab000000| Untracked 
[2025-05-19T18:14:57.719+0000][13.165s][1668][1784][trace] GC(2) | 152|0x00000006ac000000, 0x00000006ac000000, 0x00000006ad000000|  0%| F|  |TAMS 0x00000006ac000000, 0x00000006ac000000| Untracked 
[2025-05-19T18:14:57.719+0000][13.165s][1668][1784][trace] GC(2) | 153|0x00000006ad000000, 0x00000006ad000000, 0x00000006ae000000|  0%| F|  |TAMS 0x00000006ad000000, 0x00000006ad000000| Untracked 
[2025-05-19T18:14:57.719+0000][13.165s][1668][1784][trace] GC(2) | 154|0x00000006ae000000, 0x00000006ae000000, 0x00000006af000000|  0%| F|  |TAMS 0x00000006ae000000, 0x00000006ae000000| Untracked 
[2025-05-19T18:14:57.719+0000][13.165s][1668][1784][trace] GC(2) | 155|0x00000006af000000, 0x00000006af000000, 0x00000006b0000000|  0%| F|  |TAMS 0x00000006af000000, 0x00000006af000000| Untracked 
[2025-05-19T18:14:57.719+0000][13.165s][1668][1784][trace] GC(2) | 156|0x00000006b0000000, 0x00000006b0000000, 0x00000006b1000000|  0%| F|  |TAMS 0x00000006b0000000, 0x00000006b0000000| Untracked 
[2025-05-19T18:14:57.719+0000][13.165s][1668][1784][trace] GC(2) | 157|0x00000006b1000000, 0x00000006b1000000, 0x00000006b2000000|  0%| F|  |TAMS 0x00000006b1000000, 0x00000006b1000000| Untracked 
[2025-05-19T18:14:57.719+0000][13.165s][1668][1784][trace] GC(2) | 158|0x00000006b2000000, 0x00000006b2000000, 0x00000006b3000000|  0%| F|  |TAMS 0x00000006b2000000, 0x00000006b2000000| Untracked 
[2025-05-19T18:14:57.719+0000][13.165s][1668][1784][trace] GC(2) | 159|0x00000006b3000000, 0x00000006b3000000, 0x00000006b4000000|  0%| F|  |TAMS 0x00000006b3000000, 0x00000006b3000000| Untracked 
[2025-05-19T18:14:57.719+0000][13.165s][1668][1784][trace] GC(2) | 160|0x00000006b4000000, 0x00000006b4000000, 0x00000006b5000000|  0%| F|  |TAMS 0x00000006b4000000, 0x00000006b4000000| Untracked 
[2025-05-19T18:14:57.719+0000][13.165s][1668][1784][trace] GC(2) | 161|0x00000006b5000000, 0x00000006b5000000, 0x00000006b6000000|  0%| F|  |TAMS 0x00000006b5000000, 0x00000006b5000000| Untracked 
[2025-05-19T18:14:57.719+0000][13.165s][1668][1784][trace] GC(2) | 162|0x00000006b6000000, 0x00000006b6000000, 0x00000006b7000000|  0%| F|  |TAMS 0x00000006b6000000, 0x00000006b6000000| Untracked 
[2025-05-19T18:14:57.719+0000][13.165s][1668][1784][trace] GC(2) | 163|0x00000006b7000000, 0x00000006b7000000, 0x00000006b8000000|  0%| F|  |TAMS 0x00000006b7000000, 0x00000006b7000000| Untracked 
[2025-05-19T18:14:57.719+0000][13.165s][1668][1784][trace] GC(2) | 164|0x00000006b8000000, 0x00000006b8000000, 0x00000006b9000000|  0%| F|  |TAMS 0x00000006b8000000, 0x00000006b8000000| Untracked 
[2025-05-19T18:14:57.719+0000][13.165s][1668][1784][trace] GC(2) | 165|0x00000006b9000000, 0x00000006b9000000, 0x00000006ba000000|  0%| F|  |TAMS 0x00000006b9000000, 0x00000006b9000000| Untracked 
[2025-05-19T18:14:57.719+0000][13.165s][1668][1784][trace] GC(2) | 166|0x00000006ba000000, 0x00000006ba000000, 0x00000006bb000000|  0%| F|  |TAMS 0x00000006ba000000, 0x00000006ba000000| Untracked 
[2025-05-19T18:14:57.719+0000][13.165s][1668][1784][trace] GC(2) | 167|0x00000006bb000000, 0x00000006bb000000, 0x00000006bc000000|  0%| F|  |TAMS 0x00000006bb000000, 0x00000006bb000000| Untracked 
[2025-05-19T18:14:57.719+0000][13.165s][1668][1784][trace] GC(2) | 168|0x00000006bc000000, 0x00000006bc000000, 0x00000006bd000000|  0%| F|  |TAMS 0x00000006bc000000, 0x00000006bc000000| Untracked 
[2025-05-19T18:14:57.719+0000][13.165s][1668][1784][trace] GC(2) | 169|0x00000006bd000000, 0x00000006bd000000, 0x00000006be000000|  0%| F|  |TAMS 0x00000006bd000000, 0x00000006bd000000| Untracked 
[2025-05-19T18:14:57.719+0000][13.165s][1668][1784][trace] GC(2) | 170|0x00000006be000000, 0x00000006be000000, 0x00000006bf000000|  0%| F|  |TAMS 0x00000006be000000, 0x00000006be000000| Untracked 
[2025-05-19T18:14:57.719+0000][13.165s][1668][1784][trace] GC(2) | 171|0x00000006bf000000, 0x00000006bf000000, 0x00000006c0000000|  0%| F|  |TAMS 0x00000006bf000000, 0x00000006bf000000| Untracked 
[2025-05-19T18:14:57.719+0000][13.165s][1668][1784][trace] GC(2) | 172|0x00000006c0000000, 0x00000006c0000000, 0x00000006c1000000|  0%| F|  |TAMS 0x00000006c0000000, 0x00000006c0000000| Untracked 
[2025-05-19T18:14:57.719+0000][13.165s][1668][1784][trace] GC(2) | 173|0x00000006c1000000, 0x00000006c1000000, 0x00000006c2000000|  0%| F|  |TAMS 0x00000006c1000000, 0x00000006c1000000| Untracked 
[2025-05-19T18:14:57.719+0000][13.165s][1668][1784][trace] GC(2) | 174|0x00000006c2000000, 0x00000006c2000000, 0x00000006c3000000|  0%| F|  |TAMS 0x00000006c2000000, 0x00000006c2000000| Untracked 
[2025-05-19T18:14:57.719+0000][13.165s][1668][1784][trace] GC(2) | 175|0x00000006c3000000, 0x00000006c3000000, 0x00000006c4000000|  0%| F|  |TAMS 0x00000006c3000000, 0x00000006c3000000| Untracked 
[2025-05-19T18:14:57.719+0000][13.165s][1668][1784][trace] GC(2) | 176|0x00000006c4000000, 0x00000006c4000000, 0x00000006c5000000|  0%| F|  |TAMS 0x00000006c4000000, 0x00000006c4000000| Untracked 
[2025-05-19T18:14:57.719+0000][13.165s][1668][1784][trace] GC(2) | 177|0x00000006c5000000, 0x00000006c5000000, 0x00000006c6000000|  0%| F|  |TAMS 0x00000006c5000000, 0x00000006c5000000| Untracked 
[2025-05-19T18:14:57.719+0000][13.166s][1668][1784][trace] GC(2) | 178|0x00000006c6000000, 0x00000006c6000000, 0x00000006c7000000|  0%| F|  |TAMS 0x00000006c6000000, 0x00000006c6000000| Untracked 
[2025-05-19T18:14:57.719+0000][13.166s][1668][1784][trace] GC(2) | 179|0x00000006c7000000, 0x00000006c7000000, 0x00000006c8000000|  0%| F|  |TAMS 0x00000006c7000000, 0x00000006c7000000| Untracked 
[2025-05-19T18:14:57.719+0000][13.166s][1668][1784][trace] GC(2) | 180|0x00000006c8000000, 0x00000006c8000000, 0x00000006c9000000|  0%| F|  |TAMS 0x00000006c8000000, 0x00000006c8000000| Untracked 
[2025-05-19T18:14:57.719+0000][13.166s][1668][1784][trace] GC(2) | 181|0x00000006c9000000, 0x00000006c9000000, 0x00000006ca000000|  0%| F|  |TAMS 0x00000006c9000000, 0x00000006c9000000| Untracked 
[2025-05-19T18:14:57.719+0000][13.166s][1668][1784][trace] GC(2) | 182|0x00000006ca000000, 0x00000006ca000000, 0x00000006cb000000|  0%| F|  |TAMS 0x00000006ca000000, 0x00000006ca000000| Untracked 
[2025-05-19T18:14:57.719+0000][13.166s][1668][1784][trace] GC(2) | 183|0x00000006cb000000, 0x00000006cb000000, 0x00000006cc000000|  0%| F|  |TAMS 0x00000006cb000000, 0x00000006cb000000| Untracked 
[2025-05-19T18:14:57.719+0000][13.166s][1668][1784][trace] GC(2) | 184|0x00000006cc000000, 0x00000006cc000000, 0x00000006cd000000|  0%| F|  |TAMS 0x00000006cc000000, 0x00000006cc000000| Untracked 
[2025-05-19T18:14:57.719+0000][13.166s][1668][1784][trace] GC(2) | 185|0x00000006cd000000, 0x00000006cd000000, 0x00000006ce000000|  0%| F|  |TAMS 0x00000006cd000000, 0x00000006cd000000| Untracked 
[2025-05-19T18:14:57.719+0000][13.166s][1668][1784][trace] GC(2) | 186|0x00000006ce000000, 0x00000006ce000000, 0x00000006cf000000|  0%| F|  |TAMS 0x00000006ce000000, 0x00000006ce000000| Untracked 
[2025-05-19T18:14:57.719+0000][13.166s][1668][1784][trace] GC(2) | 187|0x00000006cf000000, 0x00000006cf000000, 0x00000006d0000000|  0%| F|  |TAMS 0x00000006cf000000, 0x00000006cf000000| Untracked 
[2025-05-19T18:14:57.719+0000][13.166s][1668][1784][trace] GC(2) | 188|0x00000006d0000000, 0x00000006d0000000, 0x00000006d1000000|  0%| F|  |TAMS 0x00000006d0000000, 0x00000006d0000000| Untracked 
[2025-05-19T18:14:57.719+0000][13.166s][1668][1784][trace] GC(2) | 189|0x00000006d1000000, 0x00000006d1000000, 0x00000006d2000000|  0%| F|  |TAMS 0x00000006d1000000, 0x00000006d1000000| Untracked 
[2025-05-19T18:14:57.719+0000][13.166s][1668][1784][trace] GC(2) | 190|0x00000006d2000000, 0x00000006d2000000, 0x00000006d3000000|  0%| F|  |TAMS 0x00000006d2000000, 0x00000006d2000000| Untracked 
[2025-05-19T18:14:57.719+0000][13.166s][1668][1784][trace] GC(2) | 191|0x00000006d3000000, 0x00000006d3000000, 0x00000006d4000000|  0%| F|  |TAMS 0x00000006d3000000, 0x00000006d3000000| Untracked 
[2025-05-19T18:14:57.719+0000][13.166s][1668][1784][trace] GC(2) | 192|0x00000006d4000000, 0x00000006d4000000, 0x00000006d5000000|  0%| F|  |TAMS 0x00000006d4000000, 0x00000006d4000000| Untracked 
[2025-05-19T18:14:57.719+0000][13.166s][1668][1784][trace] GC(2) | 193|0x00000006d5000000, 0x00000006d5000000, 0x00000006d6000000|  0%| F|  |TAMS 0x00000006d5000000, 0x00000006d5000000| Untracked 
[2025-05-19T18:14:57.719+0000][13.166s][1668][1784][trace] GC(2) | 194|0x00000006d6000000, 0x00000006d6000000, 0x00000006d7000000|  0%| F|  |TAMS 0x00000006d6000000, 0x00000006d6000000| Untracked 
[2025-05-19T18:14:57.719+0000][13.166s][1668][1784][trace] GC(2) | 195|0x00000006d7000000, 0x00000006d7000000, 0x00000006d8000000|  0%| F|  |TAMS 0x00000006d7000000, 0x00000006d7000000| Untracked 
[2025-05-19T18:14:57.719+0000][13.166s][1668][1784][trace] GC(2) | 196|0x00000006d8000000, 0x00000006d8000000, 0x00000006d9000000|  0%| F|  |TAMS 0x00000006d8000000, 0x00000006d8000000| Untracked 
[2025-05-19T18:14:57.719+0000][13.166s][1668][1784][trace] GC(2) | 197|0x00000006d9000000, 0x00000006d9000000, 0x00000006da000000|  0%| F|  |TAMS 0x00000006d9000000, 0x00000006d9000000| Untracked 
[2025-05-19T18:14:57.719+0000][13.166s][1668][1784][trace] GC(2) | 198|0x00000006da000000, 0x00000006da000000, 0x00000006db000000|  0%| F|  |TAMS 0x00000006da000000, 0x00000006da000000| Untracked 
[2025-05-19T18:14:57.719+0000][13.166s][1668][1784][trace] GC(2) | 199|0x00000006db000000, 0x00000006db000000, 0x00000006dc000000|  0%| F|  |TAMS 0x00000006db000000, 0x00000006db000000| Untracked 
[2025-05-19T18:14:57.719+0000][13.166s][1668][1784][trace] GC(2) | 200|0x00000006dc000000, 0x00000006dc000000, 0x00000006dd000000|  0%| F|  |TAMS 0x00000006dc000000, 0x00000006dc000000| Untracked 
[2025-05-19T18:14:57.719+0000][13.166s][1668][1784][trace] GC(2) | 201|0x00000006dd000000, 0x00000006dd000000, 0x00000006de000000|  0%| F|  |TAMS 0x00000006dd000000, 0x00000006dd000000| Untracked 
[2025-05-19T18:14:57.719+0000][13.166s][1668][1784][trace] GC(2) | 202|0x00000006de000000, 0x00000006de000000, 0x00000006df000000|  0%| F|  |TAMS 0x00000006de000000, 0x00000006de000000| Untracked 
[2025-05-19T18:14:57.719+0000][13.166s][1668][1784][trace] GC(2) | 203|0x00000006df000000, 0x00000006df000000, 0x00000006e0000000|  0%| F|  |TAMS 0x00000006df000000, 0x00000006df000000| Untracked 
[2025-05-19T18:14:57.719+0000][13.166s][1668][1784][trace] GC(2) | 204|0x00000006e0000000, 0x00000006e0000000, 0x00000006e1000000|  0%| F|  |TAMS 0x00000006e0000000, 0x00000006e0000000| Untracked 
[2025-05-19T18:14:57.719+0000][13.166s][1668][1784][trace] GC(2) | 205|0x00000006e1000000, 0x00000006e1000000, 0x00000006e2000000|  0%| F|  |TAMS 0x00000006e1000000, 0x00000006e1000000| Untracked 
[2025-05-19T18:14:57.719+0000][13.166s][1668][1784][trace] GC(2) | 206|0x00000006e2000000, 0x00000006e2000000, 0x00000006e3000000|  0%| F|  |TAMS 0x00000006e2000000, 0x00000006e2000000| Untracked 
[2025-05-19T18:14:57.719+0000][13.166s][1668][1784][trace] GC(2) | 207|0x00000006e3000000, 0x00000006e3000000, 0x00000006e4000000|  0%| F|  |TAMS 0x00000006e3000000, 0x00000006e3000000| Untracked 
[2025-05-19T18:14:57.719+0000][13.166s][1668][1784][trace] GC(2) | 208|0x00000006e4000000, 0x00000006e4000000, 0x00000006e5000000|  0%| F|  |TAMS 0x00000006e4000000, 0x00000006e4000000| Untracked 
[2025-05-19T18:14:57.719+0000][13.166s][1668][1784][trace] GC(2) | 209|0x00000006e5000000, 0x00000006e5000000, 0x00000006e6000000|  0%| F|  |TAMS 0x00000006e5000000, 0x00000006e5000000| Untracked 
[2025-05-19T18:14:57.719+0000][13.166s][1668][1784][trace] GC(2) | 210|0x00000006e6000000, 0x00000006e6000000, 0x00000006e7000000|  0%| F|  |TAMS 0x00000006e6000000, 0x00000006e6000000| Untracked 
[2025-05-19T18:14:57.719+0000][13.166s][1668][1784][trace] GC(2) | 211|0x00000006e7000000, 0x00000006e7000000, 0x00000006e8000000|  0%| F|  |TAMS 0x00000006e7000000, 0x00000006e7000000| Untracked 
[2025-05-19T18:14:57.719+0000][13.166s][1668][1784][trace] GC(2) | 212|0x00000006e8000000, 0x00000006e8000000, 0x00000006e9000000|  0%| F|  |TAMS 0x00000006e8000000, 0x00000006e8000000| Untracked 
[2025-05-19T18:14:57.719+0000][13.166s][1668][1784][trace] GC(2) | 213|0x00000006e9000000, 0x00000006e9000000, 0x00000006ea000000|  0%| F|  |TAMS 0x00000006e9000000, 0x00000006e9000000| Untracked 
[2025-05-19T18:14:57.719+0000][13.166s][1668][1784][trace] GC(2) | 214|0x00000006ea000000, 0x00000006ea000000, 0x00000006eb000000|  0%| F|  |TAMS 0x00000006ea000000, 0x00000006ea000000| Untracked 
[2025-05-19T18:14:57.719+0000][13.166s][1668][1784][trace] GC(2) | 215|0x00000006eb000000, 0x00000006eb000000, 0x00000006ec000000|  0%| F|  |TAMS 0x00000006eb000000, 0x00000006eb000000| Untracked 
[2025-05-19T18:14:57.719+0000][13.166s][1668][1784][trace] GC(2) | 216|0x00000006ec000000, 0x00000006ec000000, 0x00000006ed000000|  0%| F|  |TAMS 0x00000006ec000000, 0x00000006ec000000| Untracked 
[2025-05-19T18:14:57.719+0000][13.166s][1668][1784][trace] GC(2) | 217|0x00000006ed000000, 0x00000006ed000000, 0x00000006ee000000|  0%| F|  |TAMS 0x00000006ed000000, 0x00000006ed000000| Untracked 
[2025-05-19T18:14:57.719+0000][13.166s][1668][1784][trace] GC(2) | 218|0x00000006ee000000, 0x00000006ee000000, 0x00000006ef000000|  0%| F|  |TAMS 0x00000006ee000000, 0x00000006ee000000| Untracked 
[2025-05-19T18:14:57.719+0000][13.166s][1668][1784][trace] GC(2) | 219|0x00000006ef000000, 0x00000006ef000000, 0x00000006f0000000|  0%| F|  |TAMS 0x00000006ef000000, 0x00000006ef000000| Untracked 
[2025-05-19T18:14:57.719+0000][13.166s][1668][1784][trace] GC(2) | 220|0x00000006f0000000, 0x00000006f0000000, 0x00000006f1000000|  0%| F|  |TAMS 0x00000006f0000000, 0x00000006f0000000| Untracked 
[2025-05-19T18:14:57.719+0000][13.166s][1668][1784][trace] GC(2) | 221|0x00000006f1000000, 0x00000006f1000000, 0x00000006f2000000|  0%| F|  |TAMS 0x00000006f1000000, 0x00000006f1000000| Untracked 
[2025-05-19T18:14:57.719+0000][13.166s][1668][1784][trace] GC(2) | 222|0x00000006f2000000, 0x00000006f2000000, 0x00000006f3000000|  0%| F|  |TAMS 0x00000006f2000000, 0x00000006f2000000| Untracked 
[2025-05-19T18:14:57.720+0000][13.166s][1668][1784][trace] GC(2) | 223|0x00000006f3000000, 0x00000006f3000000, 0x00000006f4000000|  0%| F|  |TAMS 0x00000006f3000000, 0x00000006f3000000| Untracked 
[2025-05-19T18:14:57.720+0000][13.166s][1668][1784][trace] GC(2) | 224|0x00000006f4000000, 0x00000006f4000000, 0x00000006f5000000|  0%| F|  |TAMS 0x00000006f4000000, 0x00000006f4000000| Untracked 
[2025-05-19T18:14:57.720+0000][13.166s][1668][1784][trace] GC(2) | 225|0x00000006f5000000, 0x00000006f5000000, 0x00000006f6000000|  0%| F|  |TAMS 0x00000006f5000000, 0x00000006f5000000| Untracked 
[2025-05-19T18:14:57.720+0000][13.166s][1668][1784][trace] GC(2) | 226|0x00000006f6000000, 0x00000006f6000000, 0x00000006f7000000|  0%| F|  |TAMS 0x00000006f6000000, 0x00000006f6000000| Untracked 
[2025-05-19T18:14:57.720+0000][13.166s][1668][1784][trace] GC(2) | 227|0x00000006f7000000, 0x00000006f7000000, 0x00000006f8000000|  0%| F|  |TAMS 0x00000006f7000000, 0x00000006f7000000| Untracked 
[2025-05-19T18:14:57.720+0000][13.166s][1668][1784][trace] GC(2) | 228|0x00000006f8000000, 0x00000006f8000000, 0x00000006f9000000|  0%| F|  |TAMS 0x00000006f8000000, 0x00000006f8000000| Untracked 
[2025-05-19T18:14:57.720+0000][13.166s][1668][1784][trace] GC(2) | 229|0x00000006f9000000, 0x00000006f9000000, 0x00000006fa000000|  0%| F|  |TAMS 0x00000006f9000000, 0x00000006f9000000| Untracked 
[2025-05-19T18:14:57.720+0000][13.166s][1668][1784][trace] GC(2) | 230|0x00000006fa000000, 0x00000006fa000000, 0x00000006fb000000|  0%| F|  |TAMS 0x00000006fa000000, 0x00000006fa000000| Untracked 
[2025-05-19T18:14:57.720+0000][13.166s][1668][1784][trace] GC(2) | 231|0x00000006fb000000, 0x00000006fb000000, 0x00000006fc000000|  0%| F|  |TAMS 0x00000006fb000000, 0x00000006fb000000| Untracked 
[2025-05-19T18:14:57.720+0000][13.166s][1668][1784][trace] GC(2) | 232|0x00000006fc000000, 0x00000006fc000000, 0x00000006fd000000|  0%| F|  |TAMS 0x00000006fc000000, 0x00000006fc000000| Untracked 
[2025-05-19T18:14:57.720+0000][13.166s][1668][1784][trace] GC(2) | 233|0x00000006fd000000, 0x00000006fd000000, 0x00000006fe000000|  0%| F|  |TAMS 0x00000006fd000000, 0x00000006fd000000| Untracked 
[2025-05-19T18:14:57.720+0000][13.166s][1668][1784][trace] GC(2) | 234|0x00000006fe000000, 0x00000006fe000000, 0x00000006ff000000|  0%| F|  |TAMS 0x00000006fe000000, 0x00000006fe000000| Untracked 
[2025-05-19T18:14:57.720+0000][13.166s][1668][1784][trace] GC(2) | 235|0x00000006ff000000, 0x00000006ff000000, 0x0000000700000000|  0%| F|  |TAMS 0x00000006ff000000, 0x00000006ff000000| Untracked 
[2025-05-19T18:14:57.720+0000][13.166s][1668][1784][trace] GC(2) | 236|0x0000000700000000, 0x0000000700000000, 0x0000000701000000|  0%| F|  |TAMS 0x0000000700000000, 0x0000000700000000| Untracked 
[2025-05-19T18:14:57.720+0000][13.166s][1668][1784][trace] GC(2) | 237|0x0000000701000000, 0x0000000701000000, 0x0000000702000000|  0%| F|  |TAMS 0x0000000701000000, 0x0000000701000000| Untracked 
[2025-05-19T18:14:57.720+0000][13.166s][1668][1784][trace] GC(2) | 238|0x0000000702000000, 0x0000000702000000, 0x0000000703000000|  0%| F|  |TAMS 0x0000000702000000, 0x0000000702000000| Untracked 
[2025-05-19T18:14:57.720+0000][13.166s][1668][1784][trace] GC(2) | 239|0x0000000703000000, 0x0000000703000000, 0x0000000704000000|  0%| F|  |TAMS 0x0000000703000000, 0x0000000703000000| Untracked 
[2025-05-19T18:14:57.720+0000][13.166s][1668][1784][trace] GC(2) | 240|0x0000000704000000, 0x0000000704000000, 0x0000000705000000|  0%| F|  |TAMS 0x0000000704000000, 0x0000000704000000| Untracked 
[2025-05-19T18:14:57.720+0000][13.166s][1668][1784][trace] GC(2) | 241|0x0000000705000000, 0x0000000705000000, 0x0000000706000000|  0%| F|  |TAMS 0x0000000705000000, 0x0000000705000000| Untracked 
[2025-05-19T18:14:57.720+0000][13.166s][1668][1784][trace] GC(2) | 242|0x0000000706000000, 0x0000000706000000, 0x0000000707000000|  0%| F|  |TAMS 0x0000000706000000, 0x0000000706000000| Untracked 
[2025-05-19T18:14:57.720+0000][13.166s][1668][1784][trace] GC(2) | 243|0x0000000707000000, 0x0000000707000000, 0x0000000708000000|  0%| F|  |TAMS 0x0000000707000000, 0x0000000707000000| Untracked 
[2025-05-19T18:14:57.720+0000][13.166s][1668][1784][trace] GC(2) | 244|0x0000000708000000, 0x0000000708000000, 0x0000000709000000|  0%| F|  |TAMS 0x0000000708000000, 0x0000000708000000| Untracked 
[2025-05-19T18:14:57.720+0000][13.166s][1668][1784][trace] GC(2) | 245|0x0000000709000000, 0x0000000709000000, 0x000000070a000000|  0%| F|  |TAMS 0x0000000709000000, 0x0000000709000000| Untracked 
[2025-05-19T18:14:57.720+0000][13.166s][1668][1784][trace] GC(2) | 246|0x000000070a000000, 0x000000070a000000, 0x000000070b000000|  0%| F|  |TAMS 0x000000070a000000, 0x000000070a000000| Untracked 
[2025-05-19T18:14:57.720+0000][13.166s][1668][1784][trace] GC(2) | 247|0x000000070b000000, 0x000000070b000000, 0x000000070c000000|  0%| F|  |TAMS 0x000000070b000000, 0x000000070b000000| Untracked 
[2025-05-19T18:14:57.720+0000][13.166s][1668][1784][trace] GC(2) | 248|0x000000070c000000, 0x000000070c000000, 0x000000070d000000|  0%| F|  |TAMS 0x000000070c000000, 0x000000070c000000| Untracked 
[2025-05-19T18:14:57.720+0000][13.166s][1668][1784][trace] GC(2) | 249|0x000000070d000000, 0x000000070d000000, 0x000000070e000000|  0%| F|  |TAMS 0x000000070d000000, 0x000000070d000000| Untracked 
[2025-05-19T18:14:57.720+0000][13.166s][1668][1784][trace] GC(2) | 250|0x000000070e000000, 0x000000070e000000, 0x000000070f000000|  0%| F|  |TAMS 0x000000070e000000, 0x000000070e000000| Untracked 
[2025-05-19T18:14:57.720+0000][13.166s][1668][1784][trace] GC(2) | 251|0x000000070f000000, 0x000000070f000000, 0x0000000710000000|  0%| F|  |TAMS 0x000000070f000000, 0x000000070f000000| Untracked 
[2025-05-19T18:14:57.720+0000][13.166s][1668][1784][trace] GC(2) | 252|0x0000000710000000, 0x0000000710000000, 0x0000000711000000|  0%| F|  |TAMS 0x0000000710000000, 0x0000000710000000| Untracked 
[2025-05-19T18:14:57.720+0000][13.166s][1668][1784][trace] GC(2) | 253|0x0000000711000000, 0x0000000711000000, 0x0000000712000000|  0%| F|  |TAMS 0x0000000711000000, 0x0000000711000000| Untracked 
[2025-05-19T18:14:57.720+0000][13.166s][1668][1784][trace] GC(2) | 254|0x0000000712000000, 0x0000000712000000, 0x0000000713000000|  0%| F|  |TAMS 0x0000000712000000, 0x0000000712000000| Untracked 
[2025-05-19T18:14:57.720+0000][13.166s][1668][1784][trace] GC(2) | 255|0x0000000713000000, 0x0000000713000000, 0x0000000714000000|  0%| F|  |TAMS 0x0000000713000000, 0x0000000713000000| Untracked 
[2025-05-19T18:14:57.720+0000][13.166s][1668][1784][trace] GC(2) | 256|0x0000000714000000, 0x0000000714000000, 0x0000000715000000|  0%| F|  |TAMS 0x0000000714000000, 0x0000000714000000| Untracked 
[2025-05-19T18:14:57.720+0000][13.166s][1668][1784][trace] GC(2) | 257|0x0000000715000000, 0x0000000715000000, 0x0000000716000000|  0%| F|  |TAMS 0x0000000715000000, 0x0000000715000000| Untracked 
[2025-05-19T18:14:57.720+0000][13.166s][1668][1784][trace] GC(2) | 258|0x0000000716000000, 0x0000000716000000, 0x0000000717000000|  0%| F|  |TAMS 0x0000000716000000, 0x0000000716000000| Untracked 
[2025-05-19T18:14:57.720+0000][13.166s][1668][1784][trace] GC(2) | 259|0x0000000717000000, 0x0000000717000000, 0x0000000718000000|  0%| F|  |TAMS 0x0000000717000000, 0x0000000717000000| Untracked 
[2025-05-19T18:14:57.720+0000][13.166s][1668][1784][trace] GC(2) | 260|0x0000000718000000, 0x0000000718000000, 0x0000000719000000|  0%| F|  |TAMS 0x0000000718000000, 0x0000000718000000| Untracked 
[2025-05-19T18:14:57.720+0000][13.166s][1668][1784][trace] GC(2) | 261|0x0000000719000000, 0x0000000719000000, 0x000000071a000000|  0%| F|  |TAMS 0x0000000719000000, 0x0000000719000000| Untracked 
[2025-05-19T18:14:57.720+0000][13.166s][1668][1784][trace] GC(2) | 262|0x000000071a000000, 0x000000071a000000, 0x000000071b000000|  0%| F|  |TAMS 0x000000071a000000, 0x000000071a000000| Untracked 
[2025-05-19T18:14:57.720+0000][13.166s][1668][1784][trace] GC(2) | 263|0x000000071b000000, 0x000000071b000000, 0x000000071c000000|  0%| F|  |TAMS 0x000000071b000000, 0x000000071b000000| Untracked 
[2025-05-19T18:14:57.720+0000][13.166s][1668][1784][trace] GC(2) | 264|0x000000071c000000, 0x000000071c000000, 0x000000071d000000|  0%| F|  |TAMS 0x000000071c000000, 0x000000071c000000| Untracked 
[2025-05-19T18:14:57.720+0000][13.166s][1668][1784][trace] GC(2) | 265|0x000000071d000000, 0x000000071d000000, 0x000000071e000000|  0%| F|  |TAMS 0x000000071d000000, 0x000000071d000000| Untracked 
[2025-05-19T18:14:57.720+0000][13.166s][1668][1784][trace] GC(2) | 266|0x000000071e000000, 0x000000071e000000, 0x000000071f000000|  0%| F|  |TAMS 0x000000071e000000, 0x000000071e000000| Untracked 
[2025-05-19T18:14:57.720+0000][13.166s][1668][1784][trace] GC(2) | 267|0x000000071f000000, 0x000000071f000000, 0x0000000720000000|  0%| F|  |TAMS 0x000000071f000000, 0x000000071f000000| Untracked 
[2025-05-19T18:14:57.720+0000][13.166s][1668][1784][trace] GC(2) | 268|0x0000000720000000, 0x0000000720000000, 0x0000000721000000|  0%| F|  |TAMS 0x0000000720000000, 0x0000000720000000| Untracked 
[2025-05-19T18:14:57.720+0000][13.166s][1668][1784][trace] GC(2) | 269|0x0000000721000000, 0x0000000721000000, 0x0000000722000000|  0%| F|  |TAMS 0x0000000721000000, 0x0000000721000000| Untracked 
[2025-05-19T18:14:57.720+0000][13.166s][1668][1784][trace] GC(2) | 270|0x0000000722000000, 0x0000000722000000, 0x0000000723000000|  0%| F|  |TAMS 0x0000000722000000, 0x0000000722000000| Untracked 
[2025-05-19T18:14:57.720+0000][13.166s][1668][1784][trace] GC(2) | 271|0x0000000723000000, 0x0000000723000000, 0x0000000724000000|  0%| F|  |TAMS 0x0000000723000000, 0x0000000723000000| Untracked 
[2025-05-19T18:14:57.720+0000][13.166s][1668][1784][trace] GC(2) | 272|0x0000000724000000, 0x0000000724000000, 0x0000000725000000|  0%| F|  |TAMS 0x0000000724000000, 0x0000000724000000| Untracked 
[2025-05-19T18:14:57.720+0000][13.166s][1668][1784][trace] GC(2) | 273|0x0000000725000000, 0x0000000725000000, 0x0000000726000000|  0%| F|  |TAMS 0x0000000725000000, 0x0000000725000000| Untracked 
[2025-05-19T18:14:57.720+0000][13.166s][1668][1784][trace] GC(2) | 274|0x0000000726000000, 0x0000000726000000, 0x0000000727000000|  0%| F|  |TAMS 0x0000000726000000, 0x0000000726000000| Untracked 
[2025-05-19T18:14:57.720+0000][13.166s][1668][1784][trace] GC(2) | 275|0x0000000727000000, 0x0000000727000000, 0x0000000728000000|  0%| F|  |TAMS 0x0000000727000000, 0x0000000727000000| Untracked 
[2025-05-19T18:14:57.720+0000][13.166s][1668][1784][trace] GC(2) | 276|0x0000000728000000, 0x0000000728000000, 0x0000000729000000|  0%| F|  |TAMS 0x0000000728000000, 0x0000000728000000| Untracked 
[2025-05-19T18:14:57.720+0000][13.166s][1668][1784][trace] GC(2) | 277|0x0000000729000000, 0x0000000729000000, 0x000000072a000000|  0%| F|  |TAMS 0x0000000729000000, 0x0000000729000000| Untracked 
[2025-05-19T18:14:57.720+0000][13.166s][1668][1784][trace] GC(2) | 278|0x000000072a000000, 0x000000072a000000, 0x000000072b000000|  0%| F|  |TAMS 0x000000072a000000, 0x000000072a000000| Untracked 
[2025-05-19T18:14:57.720+0000][13.166s][1668][1784][trace] GC(2) | 279|0x000000072b000000, 0x000000072b000000, 0x000000072c000000|  0%| F|  |TAMS 0x000000072b000000, 0x000000072b000000| Untracked 
[2025-05-19T18:14:57.720+0000][13.166s][1668][1784][trace] GC(2) | 280|0x000000072c000000, 0x000000072c000000, 0x000000072d000000|  0%| F|  |TAMS 0x000000072c000000, 0x000000072c000000| Untracked 
[2025-05-19T18:14:57.720+0000][13.166s][1668][1784][trace] GC(2) | 281|0x000000072d000000, 0x000000072d000000, 0x000000072e000000|  0%| F|  |TAMS 0x000000072d000000, 0x000000072d000000| Untracked 
[2025-05-19T18:14:57.720+0000][13.166s][1668][1784][trace] GC(2) | 282|0x000000072e000000, 0x000000072e000000, 0x000000072f000000|  0%| F|  |TAMS 0x000000072e000000, 0x000000072e000000| Untracked 
[2025-05-19T18:14:57.720+0000][13.166s][1668][1784][trace] GC(2) | 283|0x000000072f000000, 0x000000072f000000, 0x0000000730000000|  0%| F|  |TAMS 0x000000072f000000, 0x000000072f000000| Untracked 
[2025-05-19T18:14:57.720+0000][13.166s][1668][1784][trace] GC(2) | 284|0x0000000730000000, 0x0000000730000000, 0x0000000731000000|  0%| F|  |TAMS 0x0000000730000000, 0x0000000730000000| Untracked 
[2025-05-19T18:14:57.720+0000][13.166s][1668][1784][trace] GC(2) | 285|0x0000000731000000, 0x0000000731000000, 0x0000000732000000|  0%| F|  |TAMS 0x0000000731000000, 0x0000000731000000| Untracked 
[2025-05-19T18:14:57.720+0000][13.166s][1668][1784][trace] GC(2) | 286|0x0000000732000000, 0x0000000732000000, 0x0000000733000000|  0%| F|  |TAMS 0x0000000732000000, 0x0000000732000000| Untracked 
[2025-05-19T18:14:57.720+0000][13.166s][1668][1784][trace] GC(2) | 287|0x0000000733000000, 0x0000000733000000, 0x0000000734000000|  0%| F|  |TAMS 0x0000000733000000, 0x0000000733000000| Untracked 
[2025-05-19T18:14:57.720+0000][13.166s][1668][1784][trace] GC(2) | 288|0x0000000734000000, 0x0000000734000000, 0x0000000735000000|  0%| F|  |TAMS 0x0000000734000000, 0x0000000734000000| Untracked 
[2025-05-19T18:14:57.720+0000][13.166s][1668][1784][trace] GC(2) | 289|0x0000000735000000, 0x0000000735000000, 0x0000000736000000|  0%| F|  |TAMS 0x0000000735000000, 0x0000000735000000| Untracked 
[2025-05-19T18:14:57.720+0000][13.166s][1668][1784][trace] GC(2) | 290|0x0000000736000000, 0x0000000736000000, 0x0000000737000000|  0%| F|  |TAMS 0x0000000736000000, 0x0000000736000000| Untracked 
[2025-05-19T18:14:57.720+0000][13.166s][1668][1784][trace] GC(2) | 291|0x0000000737000000, 0x0000000737000000, 0x0000000738000000|  0%| F|  |TAMS 0x0000000737000000, 0x0000000737000000| Untracked 
[2025-05-19T18:14:57.720+0000][13.166s][1668][1784][trace] GC(2) | 292|0x0000000738000000, 0x0000000738000000, 0x0000000739000000|  0%| F|  |TAMS 0x0000000738000000, 0x0000000738000000| Untracked 
[2025-05-19T18:14:57.720+0000][13.166s][1668][1784][trace] GC(2) | 293|0x0000000739000000, 0x0000000739000000, 0x000000073a000000|  0%| F|  |TAMS 0x0000000739000000, 0x0000000739000000| Untracked 
[2025-05-19T18:14:57.720+0000][13.166s][1668][1784][trace] GC(2) | 294|0x000000073a000000, 0x000000073a000000, 0x000000073b000000|  0%| F|  |TAMS 0x000000073a000000, 0x000000073a000000| Untracked 
[2025-05-19T18:14:57.720+0000][13.166s][1668][1784][trace] GC(2) | 295|0x000000073b000000, 0x000000073b000000, 0x000000073c000000|  0%| F|  |TAMS 0x000000073b000000, 0x000000073b000000| Untracked 
[2025-05-19T18:14:57.720+0000][13.166s][1668][1784][trace] GC(2) | 296|0x000000073c000000, 0x000000073c000000, 0x000000073d000000|  0%| F|  |TAMS 0x000000073c000000, 0x000000073c000000| Untracked 
[2025-05-19T18:14:57.720+0000][13.166s][1668][1784][trace] GC(2) | 297|0x000000073d000000, 0x000000073d000000, 0x000000073e000000|  0%| F|  |TAMS 0x000000073d000000, 0x000000073d000000| Untracked 
[2025-05-19T18:14:57.720+0000][13.166s][1668][1784][trace] GC(2) | 298|0x000000073e000000, 0x000000073e000000, 0x000000073f000000|  0%| F|  |TAMS 0x000000073e000000, 0x000000073e000000| Untracked 
[2025-05-19T18:14:57.720+0000][13.166s][1668][1784][trace] GC(2) | 299|0x000000073f000000, 0x000000073f000000, 0x0000000740000000|  0%| F|  |TAMS 0x000000073f000000, 0x000000073f000000| Untracked 
[2025-05-19T18:14:57.720+0000][13.166s][1668][1784][trace] GC(2) | 300|0x0000000740000000, 0x0000000740000000, 0x0000000741000000|  0%| F|  |TAMS 0x0000000740000000, 0x0000000740000000| Untracked 
[2025-05-19T18:14:57.720+0000][13.166s][1668][1784][trace] GC(2) | 301|0x0000000741000000, 0x0000000741000000, 0x0000000742000000|  0%| F|  |TAMS 0x0000000741000000, 0x0000000741000000| Untracked 
[2025-05-19T18:14:57.720+0000][13.166s][1668][1784][trace] GC(2) | 302|0x0000000742000000, 0x0000000742000000, 0x0000000743000000|  0%| F|  |TAMS 0x0000000742000000, 0x0000000742000000| Untracked 
[2025-05-19T18:14:57.720+0000][13.166s][1668][1784][trace] GC(2) | 303|0x0000000743000000, 0x0000000743000000, 0x0000000744000000|  0%| F|  |TAMS 0x0000000743000000, 0x0000000743000000| Untracked 
[2025-05-19T18:14:57.720+0000][13.166s][1668][1784][trace] GC(2) | 304|0x0000000744000000, 0x0000000744000000, 0x0000000745000000|  0%| F|  |TAMS 0x0000000744000000, 0x0000000744000000| Untracked 
[2025-05-19T18:14:57.720+0000][13.166s][1668][1784][trace] GC(2) | 305|0x0000000745000000, 0x0000000745000000, 0x0000000746000000|  0%| F|  |TAMS 0x0000000745000000, 0x0000000745000000| Untracked 
[2025-05-19T18:14:57.720+0000][13.166s][1668][1784][trace] GC(2) | 306|0x0000000746000000, 0x0000000746000000, 0x0000000747000000|  0%| F|  |TAMS 0x0000000746000000, 0x0000000746000000| Untracked 
[2025-05-19T18:14:57.720+0000][13.167s][1668][1784][trace] GC(2) | 307|0x0000000747000000, 0x0000000747000000, 0x0000000748000000|  0%| F|  |TAMS 0x0000000747000000, 0x0000000747000000| Untracked 
[2025-05-19T18:14:57.720+0000][13.167s][1668][1784][trace] GC(2) | 308|0x0000000748000000, 0x0000000748000000, 0x0000000749000000|  0%| F|  |TAMS 0x0000000748000000, 0x0000000748000000| Untracked 
[2025-05-19T18:14:57.720+0000][13.167s][1668][1784][trace] GC(2) | 309|0x0000000749000000, 0x0000000749000000, 0x000000074a000000|  0%| F|  |TAMS 0x0000000749000000, 0x0000000749000000| Untracked 
[2025-05-19T18:14:57.720+0000][13.167s][1668][1784][trace] GC(2) | 310|0x000000074a000000, 0x000000074a000000, 0x000000074b000000|  0%| F|  |TAMS 0x000000074a000000, 0x000000074a000000| Untracked 
[2025-05-19T18:14:57.720+0000][13.167s][1668][1784][trace] GC(2) | 311|0x000000074b000000, 0x000000074b000000, 0x000000074c000000|  0%| F|  |TAMS 0x000000074b000000, 0x000000074b000000| Untracked 
[2025-05-19T18:14:57.720+0000][13.167s][1668][1784][trace] GC(2) | 312|0x000000074c000000, 0x000000074c000000, 0x000000074d000000|  0%| F|  |TAMS 0x000000074c000000, 0x000000074c000000| Untracked 
[2025-05-19T18:14:57.720+0000][13.167s][1668][1784][trace] GC(2) | 313|0x000000074d000000, 0x000000074d000000, 0x000000074e000000|  0%| F|  |TAMS 0x000000074d000000, 0x000000074d000000| Untracked 
[2025-05-19T18:14:57.720+0000][13.167s][1668][1784][trace] GC(2) | 314|0x000000074e000000, 0x000000074e000000, 0x000000074f000000|  0%| F|  |TAMS 0x000000074e000000, 0x000000074e000000| Untracked 
[2025-05-19T18:14:57.720+0000][13.167s][1668][1784][trace] GC(2) | 315|0x000000074f000000, 0x000000074f000000, 0x0000000750000000|  0%| F|  |TAMS 0x000000074f000000, 0x000000074f000000| Untracked 
[2025-05-19T18:14:57.720+0000][13.167s][1668][1784][trace] GC(2) | 316|0x0000000750000000, 0x0000000750000000, 0x0000000751000000|  0%| F|  |TAMS 0x0000000750000000, 0x0000000750000000| Untracked 
[2025-05-19T18:14:57.720+0000][13.167s][1668][1784][trace] GC(2) | 317|0x0000000751000000, 0x0000000751000000, 0x0000000752000000|  0%| F|  |TAMS 0x0000000751000000, 0x0000000751000000| Untracked 
[2025-05-19T18:14:57.720+0000][13.167s][1668][1784][trace] GC(2) | 318|0x0000000752000000, 0x0000000752000000, 0x0000000753000000|  0%| F|  |TAMS 0x0000000752000000, 0x0000000752000000| Untracked 
[2025-05-19T18:14:57.720+0000][13.167s][1668][1784][trace] GC(2) | 319|0x0000000753000000, 0x0000000753000000, 0x0000000754000000|  0%| F|  |TAMS 0x0000000753000000, 0x0000000753000000| Untracked 
[2025-05-19T18:14:57.720+0000][13.167s][1668][1784][trace] GC(2) | 320|0x0000000754000000, 0x0000000754000000, 0x0000000755000000|  0%| F|  |TAMS 0x0000000754000000, 0x0000000754000000| Untracked 
[2025-05-19T18:14:57.720+0000][13.167s][1668][1784][trace] GC(2) | 321|0x0000000755000000, 0x0000000755000000, 0x0000000756000000|  0%| F|  |TAMS 0x0000000755000000, 0x0000000755000000| Untracked 
[2025-05-19T18:14:57.720+0000][13.167s][1668][1784][trace] GC(2) | 322|0x0000000756000000, 0x0000000756000000, 0x0000000757000000|  0%| F|  |TAMS 0x0000000756000000, 0x0000000756000000| Untracked 
[2025-05-19T18:14:57.720+0000][13.167s][1668][1784][trace] GC(2) | 323|0x0000000757000000, 0x0000000757000000, 0x0000000758000000|  0%| F|  |TAMS 0x0000000757000000, 0x0000000757000000| Untracked 
[2025-05-19T18:14:57.720+0000][13.167s][1668][1784][trace] GC(2) | 324|0x0000000758000000, 0x0000000758000000, 0x0000000759000000|  0%| F|  |TAMS 0x0000000758000000, 0x0000000758000000| Untracked 
[2025-05-19T18:14:57.720+0000][13.167s][1668][1784][trace] GC(2) | 325|0x0000000759000000, 0x0000000759000000, 0x000000075a000000|  0%| F|  |TAMS 0x0000000759000000, 0x0000000759000000| Untracked 
[2025-05-19T18:14:57.720+0000][13.167s][1668][1784][trace] GC(2) | 326|0x000000075a000000, 0x000000075a000000, 0x000000075b000000|  0%| F|  |TAMS 0x000000075a000000, 0x000000075a000000| Untracked 
[2025-05-19T18:14:57.720+0000][13.167s][1668][1784][trace] GC(2) | 327|0x000000075b000000, 0x000000075b000000, 0x000000075c000000|  0%| F|  |TAMS 0x000000075b000000, 0x000000075b000000| Untracked 
[2025-05-19T18:14:57.720+0000][13.167s][1668][1784][trace] GC(2) | 328|0x000000075c000000, 0x000000075c000000, 0x000000075d000000|  0%| F|  |TAMS 0x000000075c000000, 0x000000075c000000| Untracked 
[2025-05-19T18:14:57.720+0000][13.167s][1668][1784][trace] GC(2) | 329|0x000000075d000000, 0x000000075d000000, 0x000000075e000000|  0%| F|  |TAMS 0x000000075d000000, 0x000000075d000000| Untracked 
[2025-05-19T18:14:57.720+0000][13.167s][1668][1784][trace] GC(2) | 330|0x000000075e000000, 0x000000075e000000, 0x000000075f000000|  0%| F|  |TAMS 0x000000075e000000, 0x000000075e000000| Untracked 
[2025-05-19T18:14:57.720+0000][13.167s][1668][1784][trace] GC(2) | 331|0x000000075f000000, 0x000000075f000000, 0x0000000760000000|  0%| F|  |TAMS 0x000000075f000000, 0x000000075f000000| Untracked 
[2025-05-19T18:14:57.720+0000][13.167s][1668][1784][trace] GC(2) | 332|0x0000000760000000, 0x0000000760000000, 0x0000000761000000|  0%| F|  |TAMS 0x0000000760000000, 0x0000000760000000| Untracked 
[2025-05-19T18:14:57.720+0000][13.167s][1668][1784][trace] GC(2) | 333|0x0000000761000000, 0x0000000761000000, 0x0000000762000000|  0%| F|  |TAMS 0x0000000761000000, 0x0000000761000000| Untracked 
[2025-05-19T18:14:57.720+0000][13.167s][1668][1784][trace] GC(2) | 334|0x0000000762000000, 0x0000000762000000, 0x0000000763000000|  0%| F|  |TAMS 0x0000000762000000, 0x0000000762000000| Untracked 
[2025-05-19T18:14:57.720+0000][13.167s][1668][1784][trace] GC(2) | 335|0x0000000763000000, 0x0000000763000000, 0x0000000764000000|  0%| F|  |TAMS 0x0000000763000000, 0x0000000763000000| Untracked 
[2025-05-19T18:14:57.720+0000][13.167s][1668][1784][trace] GC(2) | 336|0x0000000764000000, 0x0000000764000000, 0x0000000765000000|  0%| F|  |TAMS 0x0000000764000000, 0x0000000764000000| Untracked 
[2025-05-19T18:14:57.720+0000][13.167s][1668][1784][trace] GC(2) | 337|0x0000000765000000, 0x0000000765000000, 0x0000000766000000|  0%| F|  |TAMS 0x0000000765000000, 0x0000000765000000| Untracked 
[2025-05-19T18:14:57.720+0000][13.167s][1668][1784][trace] GC(2) | 338|0x0000000766000000, 0x0000000766000000, 0x0000000767000000|  0%| F|  |TAMS 0x0000000766000000, 0x0000000766000000| Untracked 
[2025-05-19T18:14:57.720+0000][13.167s][1668][1784][trace] GC(2) | 339|0x0000000767000000, 0x0000000767000000, 0x0000000768000000|  0%| F|  |TAMS 0x0000000767000000, 0x0000000767000000| Untracked 
[2025-05-19T18:14:57.720+0000][13.167s][1668][1784][trace] GC(2) | 340|0x0000000768000000, 0x0000000768000000, 0x0000000769000000|  0%| F|  |TAMS 0x0000000768000000, 0x0000000768000000| Untracked 
[2025-05-19T18:14:57.720+0000][13.167s][1668][1784][trace] GC(2) | 341|0x0000000769000000, 0x0000000769000000, 0x000000076a000000|  0%| F|  |TAMS 0x0000000769000000, 0x0000000769000000| Untracked 
[2025-05-19T18:14:57.720+0000][13.167s][1668][1784][trace] GC(2) | 342|0x000000076a000000, 0x000000076a000000, 0x000000076b000000|  0%| F|  |TAMS 0x000000076a000000, 0x000000076a000000| Untracked 
[2025-05-19T18:14:57.721+0000][13.167s][1668][1784][trace] GC(2) | 343|0x000000076b000000, 0x000000076b000000, 0x000000076c000000|  0%| F|  |TAMS 0x000000076b000000, 0x000000076b000000| Untracked 
[2025-05-19T18:14:57.721+0000][13.167s][1668][1784][trace] GC(2) | 344|0x000000076c000000, 0x000000076c000000, 0x000000076d000000|  0%| F|  |TAMS 0x000000076c000000, 0x000000076c000000| Untracked 
[2025-05-19T18:14:57.721+0000][13.167s][1668][1784][trace] GC(2) | 345|0x000000076d000000, 0x000000076d000000, 0x000000076e000000|  0%| F|  |TAMS 0x000000076d000000, 0x000000076d000000| Untracked 
[2025-05-19T18:14:57.721+0000][13.167s][1668][1784][trace] GC(2) | 346|0x000000076e000000, 0x000000076e000000, 0x000000076f000000|  0%| F|  |TAMS 0x000000076e000000, 0x000000076e000000| Untracked 
[2025-05-19T18:14:57.721+0000][13.167s][1668][1784][trace] GC(2) | 347|0x000000076f000000, 0x000000076f000000, 0x0000000770000000|  0%| F|  |TAMS 0x000000076f000000, 0x000000076f000000| Untracked 
[2025-05-19T18:14:57.721+0000][13.167s][1668][1784][trace] GC(2) | 348|0x0000000770000000, 0x0000000770000000, 0x0000000771000000|  0%| F|  |TAMS 0x0000000770000000, 0x0000000770000000| Untracked 
[2025-05-19T18:14:57.721+0000][13.167s][1668][1784][trace] GC(2) | 349|0x0000000771000000, 0x0000000771000000, 0x0000000772000000|  0%| F|  |TAMS 0x0000000771000000, 0x0000000771000000| Untracked 
[2025-05-19T18:14:57.721+0000][13.167s][1668][1784][trace] GC(2) | 350|0x0000000772000000, 0x0000000772000000, 0x0000000773000000|  0%| F|  |TAMS 0x0000000772000000, 0x0000000772000000| Untracked 
[2025-05-19T18:14:57.721+0000][13.167s][1668][1784][trace] GC(2) | 351|0x0000000773000000, 0x0000000773000000, 0x0000000774000000|  0%| F|  |TAMS 0x0000000773000000, 0x0000000773000000| Untracked 
[2025-05-19T18:14:57.721+0000][13.167s][1668][1784][trace] GC(2) | 352|0x0000000774000000, 0x0000000774000000, 0x0000000775000000|  0%| F|  |TAMS 0x0000000774000000, 0x0000000774000000| Untracked 
[2025-05-19T18:14:57.721+0000][13.167s][1668][1784][trace] GC(2) | 353|0x0000000775000000, 0x0000000775000000, 0x0000000776000000|  0%| F|  |TAMS 0x0000000775000000, 0x0000000775000000| Untracked 
[2025-05-19T18:14:57.721+0000][13.167s][1668][1784][trace] GC(2) | 354|0x0000000776000000, 0x0000000776000000, 0x0000000777000000|  0%| F|  |TAMS 0x0000000776000000, 0x0000000776000000| Untracked 
[2025-05-19T18:14:57.721+0000][13.167s][1668][1784][trace] GC(2) | 355|0x0000000777000000, 0x0000000777000000, 0x0000000778000000|  0%| F|  |TAMS 0x0000000777000000, 0x0000000777000000| Untracked 
[2025-05-19T18:14:57.721+0000][13.167s][1668][1784][trace] GC(2) | 356|0x0000000778000000, 0x0000000778000000, 0x0000000779000000|  0%| F|  |TAMS 0x0000000778000000, 0x0000000778000000| Untracked 
[2025-05-19T18:14:57.721+0000][13.167s][1668][1784][trace] GC(2) | 357|0x0000000779000000, 0x0000000779000000, 0x000000077a000000|  0%| F|  |TAMS 0x0000000779000000, 0x0000000779000000| Untracked 
[2025-05-19T18:14:57.721+0000][13.167s][1668][1784][trace] GC(2) | 358|0x000000077a000000, 0x000000077a000000, 0x000000077b000000|  0%| F|  |TAMS 0x000000077a000000, 0x000000077a000000| Untracked 
[2025-05-19T18:14:57.721+0000][13.167s][1668][1784][trace] GC(2) | 359|0x000000077b000000, 0x000000077b000000, 0x000000077c000000|  0%| F|  |TAMS 0x000000077b000000, 0x000000077b000000| Untracked 
[2025-05-19T18:14:57.721+0000][13.167s][1668][1784][trace] GC(2) | 360|0x000000077c000000, 0x000000077c000000, 0x000000077d000000|  0%| F|  |TAMS 0x000000077c000000, 0x000000077c000000| Untracked 
[2025-05-19T18:14:57.721+0000][13.167s][1668][1784][trace] GC(2) | 361|0x000000077d000000, 0x000000077d000000, 0x000000077e000000|  0%| F|  |TAMS 0x000000077d000000, 0x000000077d000000| Untracked 
[2025-05-19T18:14:57.721+0000][13.167s][1668][1784][trace] GC(2) | 362|0x000000077e000000, 0x000000077e000000, 0x000000077f000000|  0%| F|  |TAMS 0x000000077e000000, 0x000000077e000000| Untracked 
[2025-05-19T18:14:57.721+0000][13.167s][1668][1784][trace] GC(2) | 363|0x000000077f000000, 0x000000077f000000, 0x0000000780000000|  0%| F|  |TAMS 0x000000077f000000, 0x000000077f000000| Untracked 
[2025-05-19T18:14:57.721+0000][13.167s][1668][1784][trace] GC(2) | 364|0x0000000780000000, 0x0000000780000000, 0x0000000781000000|  0%| F|  |TAMS 0x0000000780000000, 0x0000000780000000| Untracked 
[2025-05-19T18:14:57.721+0000][13.167s][1668][1784][trace] GC(2) | 365|0x0000000781000000, 0x0000000781000000, 0x0000000782000000|  0%| F|  |TAMS 0x0000000781000000, 0x0000000781000000| Untracked 
[2025-05-19T18:14:57.721+0000][13.167s][1668][1784][trace] GC(2) | 366|0x0000000782000000, 0x0000000782000000, 0x0000000783000000|  0%| F|  |TAMS 0x0000000782000000, 0x0000000782000000| Untracked 
[2025-05-19T18:14:57.721+0000][13.167s][1668][1784][trace] GC(2) | 367|0x0000000783000000, 0x0000000783000000, 0x0000000784000000|  0%| F|  |TAMS 0x0000000783000000, 0x0000000783000000| Untracked 
[2025-05-19T18:14:57.721+0000][13.167s][1668][1784][trace] GC(2) | 368|0x0000000784000000, 0x0000000784000000, 0x0000000785000000|  0%| F|  |TAMS 0x0000000784000000, 0x0000000784000000| Untracked 
[2025-05-19T18:14:57.721+0000][13.167s][1668][1784][trace] GC(2) | 369|0x0000000785000000, 0x0000000785000000, 0x0000000786000000|  0%| F|  |TAMS 0x0000000785000000, 0x0000000785000000| Untracked 
[2025-05-19T18:14:57.721+0000][13.167s][1668][1784][trace] GC(2) | 370|0x0000000786000000, 0x0000000786000000, 0x0000000787000000|  0%| F|  |TAMS 0x0000000786000000, 0x0000000786000000| Untracked 
[2025-05-19T18:14:57.721+0000][13.167s][1668][1784][trace] GC(2) | 371|0x0000000787000000, 0x0000000787000000, 0x0000000788000000|  0%| F|  |TAMS 0x0000000787000000, 0x0000000787000000| Untracked 
[2025-05-19T18:14:57.721+0000][13.167s][1668][1784][trace] GC(2) | 372|0x0000000788000000, 0x0000000788000000, 0x0000000789000000|  0%| F|  |TAMS 0x0000000788000000, 0x0000000788000000| Untracked 
[2025-05-19T18:14:57.721+0000][13.167s][1668][1784][trace] GC(2) | 373|0x0000000789000000, 0x0000000789000000, 0x000000078a000000|  0%| F|  |TAMS 0x0000000789000000, 0x0000000789000000| Untracked 
[2025-05-19T18:14:57.721+0000][13.167s][1668][1784][trace] GC(2) | 374|0x000000078a000000, 0x000000078a000000, 0x000000078b000000|  0%| F|  |TAMS 0x000000078a000000, 0x000000078a000000| Untracked 
[2025-05-19T18:14:57.721+0000][13.167s][1668][1784][trace] GC(2) | 375|0x000000078b000000, 0x000000078b000000, 0x000000078c000000|  0%| F|  |TAMS 0x000000078b000000, 0x000000078b000000| Untracked 
[2025-05-19T18:14:57.721+0000][13.167s][1668][1784][trace] GC(2) | 376|0x000000078c000000, 0x000000078c000000, 0x000000078d000000|  0%| F|  |TAMS 0x000000078c000000, 0x000000078c000000| Untracked 
[2025-05-19T18:14:57.721+0000][13.167s][1668][1784][trace] GC(2) | 377|0x000000078d000000, 0x000000078d000000, 0x000000078e000000|  0%| F|  |TAMS 0x000000078d000000, 0x000000078d000000| Untracked 
[2025-05-19T18:14:57.721+0000][13.167s][1668][1784][trace] GC(2) | 378|0x000000078e000000, 0x000000078e000000, 0x000000078f000000|  0%| F|  |TAMS 0x000000078e000000, 0x000000078e000000| Untracked 
[2025-05-19T18:14:57.721+0000][13.167s][1668][1784][trace] GC(2) | 379|0x000000078f000000, 0x000000078f000000, 0x0000000790000000|  0%| F|  |TAMS 0x000000078f000000, 0x000000078f000000| Untracked 
[2025-05-19T18:14:57.721+0000][13.167s][1668][1784][trace] GC(2) | 380|0x0000000790000000, 0x0000000790000000, 0x0000000791000000|  0%| F|  |TAMS 0x0000000790000000, 0x0000000790000000| Untracked 
[2025-05-19T18:14:57.721+0000][13.167s][1668][1784][trace] GC(2) | 381|0x0000000791000000, 0x0000000791000000, 0x0000000792000000|  0%| F|  |TAMS 0x0000000791000000, 0x0000000791000000| Untracked 
[2025-05-19T18:14:57.721+0000][13.167s][1668][1784][trace] GC(2) | 382|0x0000000792000000, 0x0000000792000000, 0x0000000793000000|  0%| F|  |TAMS 0x0000000792000000, 0x0000000792000000| Untracked 
[2025-05-19T18:14:57.721+0000][13.167s][1668][1784][trace] GC(2) | 383|0x0000000793000000, 0x0000000793000000, 0x0000000794000000|  0%| F|  |TAMS 0x0000000793000000, 0x0000000793000000| Untracked 
[2025-05-19T18:14:57.721+0000][13.167s][1668][1784][trace] GC(2) | 384|0x0000000794000000, 0x0000000794000000, 0x0000000795000000|  0%| F|  |TAMS 0x0000000794000000, 0x0000000794000000| Untracked 
[2025-05-19T18:14:57.721+0000][13.167s][1668][1784][trace] GC(2) | 385|0x0000000795000000, 0x0000000795000000, 0x0000000796000000|  0%| F|  |TAMS 0x0000000795000000, 0x0000000795000000| Untracked 
[2025-05-19T18:14:57.721+0000][13.167s][1668][1784][trace] GC(2) | 386|0x0000000796000000, 0x0000000796000000, 0x0000000797000000|  0%| F|  |TAMS 0x0000000796000000, 0x0000000796000000| Untracked 
[2025-05-19T18:14:57.721+0000][13.167s][1668][1784][trace] GC(2) | 387|0x0000000797000000, 0x0000000797000000, 0x0000000798000000|  0%| F|  |TAMS 0x0000000797000000, 0x0000000797000000| Untracked 
[2025-05-19T18:14:57.721+0000][13.167s][1668][1784][trace] GC(2) | 388|0x0000000798000000, 0x0000000798000000, 0x0000000799000000|  0%| F|  |TAMS 0x0000000798000000, 0x0000000798000000| Untracked 
[2025-05-19T18:14:57.721+0000][13.167s][1668][1784][trace] GC(2) | 389|0x0000000799000000, 0x0000000799000000, 0x000000079a000000|  0%| F|  |TAMS 0x0000000799000000, 0x0000000799000000| Untracked 
[2025-05-19T18:14:57.721+0000][13.167s][1668][1784][trace] GC(2) | 390|0x000000079a000000, 0x000000079a000000, 0x000000079b000000|  0%| F|  |TAMS 0x000000079a000000, 0x000000079a000000| Untracked 
[2025-05-19T18:14:57.721+0000][13.167s][1668][1784][trace] GC(2) | 391|0x000000079b000000, 0x000000079b000000, 0x000000079c000000|  0%| F|  |TAMS 0x000000079b000000, 0x000000079b000000| Untracked 
[2025-05-19T18:14:57.721+0000][13.167s][1668][1784][trace] GC(2) | 392|0x000000079c000000, 0x000000079c000000, 0x000000079d000000|  0%| F|  |TAMS 0x000000079c000000, 0x000000079c000000| Untracked 
[2025-05-19T18:14:57.721+0000][13.167s][1668][1784][trace] GC(2) | 393|0x000000079d000000, 0x000000079d000000, 0x000000079e000000|  0%| F|  |TAMS 0x000000079d000000, 0x000000079d000000| Untracked 
[2025-05-19T18:14:57.721+0000][13.167s][1668][1784][trace] GC(2) | 394|0x000000079e000000, 0x000000079e000000, 0x000000079f000000|  0%| F|  |TAMS 0x000000079e000000, 0x000000079e000000| Untracked 
[2025-05-19T18:14:57.721+0000][13.167s][1668][1784][trace] GC(2) | 395|0x000000079f000000, 0x000000079f000000, 0x00000007a0000000|  0%| F|  |TAMS 0x000000079f000000, 0x000000079f000000| Untracked 
[2025-05-19T18:14:57.721+0000][13.167s][1668][1784][trace] GC(2) | 396|0x00000007a0000000, 0x00000007a0000000, 0x00000007a1000000|  0%| F|  |TAMS 0x00000007a0000000, 0x00000007a0000000| Untracked 
[2025-05-19T18:14:57.721+0000][13.167s][1668][1784][trace] GC(2) | 397|0x00000007a1000000, 0x00000007a1000000, 0x00000007a2000000|  0%| F|  |TAMS 0x00000007a1000000, 0x00000007a1000000| Untracked 
[2025-05-19T18:14:57.721+0000][13.167s][1668][1784][trace] GC(2) | 398|0x00000007a2000000, 0x00000007a2000000, 0x00000007a3000000|  0%| F|  |TAMS 0x00000007a2000000, 0x00000007a2000000| Untracked 
[2025-05-19T18:14:57.721+0000][13.167s][1668][1784][trace] GC(2) | 399|0x00000007a3000000, 0x00000007a3000000, 0x00000007a4000000|  0%| F|  |TAMS 0x00000007a3000000, 0x00000007a3000000| Untracked 
[2025-05-19T18:14:57.721+0000][13.167s][1668][1784][trace] GC(2) | 400|0x00000007a4000000, 0x00000007a4000000, 0x00000007a5000000|  0%| F|  |TAMS 0x00000007a4000000, 0x00000007a4000000| Untracked 
[2025-05-19T18:14:57.721+0000][13.167s][1668][1784][trace] GC(2) | 401|0x00000007a5000000, 0x00000007a5000000, 0x00000007a6000000|  0%| F|  |TAMS 0x00000007a5000000, 0x00000007a5000000| Untracked 
[2025-05-19T18:14:57.721+0000][13.167s][1668][1784][trace] GC(2) | 402|0x00000007a6000000, 0x00000007a6000000, 0x00000007a7000000|  0%| F|  |TAMS 0x00000007a6000000, 0x00000007a6000000| Untracked 
[2025-05-19T18:14:57.721+0000][13.167s][1668][1784][trace] GC(2) | 403|0x00000007a7000000, 0x00000007a7000000, 0x00000007a8000000|  0%| F|  |TAMS 0x00000007a7000000, 0x00000007a7000000| Untracked 
[2025-05-19T18:14:57.721+0000][13.167s][1668][1784][trace] GC(2) | 404|0x00000007a8000000, 0x00000007a8000000, 0x00000007a9000000|  0%| F|  |TAMS 0x00000007a8000000, 0x00000007a8000000| Untracked 
[2025-05-19T18:14:57.721+0000][13.167s][1668][1784][trace] GC(2) | 405|0x00000007a9000000, 0x00000007a9000000, 0x00000007aa000000|  0%| F|  |TAMS 0x00000007a9000000, 0x00000007a9000000| Untracked 
[2025-05-19T18:14:57.721+0000][13.167s][1668][1784][trace] GC(2) | 406|0x00000007aa000000, 0x00000007aa000000, 0x00000007ab000000|  0%| F|  |TAMS 0x00000007aa000000, 0x00000007aa000000| Untracked 
[2025-05-19T18:14:57.721+0000][13.167s][1668][1784][trace] GC(2) | 407|0x00000007ab000000, 0x00000007ab000000, 0x00000007ac000000|  0%| F|  |TAMS 0x00000007ab000000, 0x00000007ab000000| Untracked 
[2025-05-19T18:14:57.721+0000][13.167s][1668][1784][trace] GC(2) | 408|0x00000007ac000000, 0x00000007ac000000, 0x00000007ad000000|  0%| F|  |TAMS 0x00000007ac000000, 0x00000007ac000000| Untracked 
[2025-05-19T18:14:57.721+0000][13.167s][1668][1784][trace] GC(2) | 409|0x00000007ad000000, 0x00000007ad000000, 0x00000007ae000000|  0%| F|  |TAMS 0x00000007ad000000, 0x00000007ad000000| Untracked 
[2025-05-19T18:14:57.721+0000][13.167s][1668][1784][trace] GC(2) | 410|0x00000007ae000000, 0x00000007ae000000, 0x00000007af000000|  0%| F|  |TAMS 0x00000007ae000000, 0x00000007ae000000| Untracked 
[2025-05-19T18:14:57.721+0000][13.167s][1668][1784][trace] GC(2) | 411|0x00000007af000000, 0x00000007af000000, 0x00000007b0000000|  0%| F|  |TAMS 0x00000007af000000, 0x00000007af000000| Untracked 
[2025-05-19T18:14:57.721+0000][13.167s][1668][1784][trace] GC(2) | 412|0x00000007b0000000, 0x00000007b0000000, 0x00000007b1000000|  0%| F|  |TAMS 0x00000007b0000000, 0x00000007b0000000| Untracked 
[2025-05-19T18:14:57.721+0000][13.167s][1668][1784][trace] GC(2) | 413|0x00000007b1000000, 0x00000007b1000000, 0x00000007b2000000|  0%| F|  |TAMS 0x00000007b1000000, 0x00000007b1000000| Untracked 
[2025-05-19T18:14:57.721+0000][13.167s][1668][1784][trace] GC(2) | 414|0x00000007b2000000, 0x00000007b2000000, 0x00000007b3000000|  0%| F|  |TAMS 0x00000007b2000000, 0x00000007b2000000| Untracked 
[2025-05-19T18:14:57.721+0000][13.167s][1668][1784][trace] GC(2) | 415|0x00000007b3000000, 0x00000007b3000000, 0x00000007b4000000|  0%| F|  |TAMS 0x00000007b3000000, 0x00000007b3000000| Untracked 
[2025-05-19T18:14:57.721+0000][13.167s][1668][1784][trace] GC(2) | 416|0x00000007b4000000, 0x00000007b4000000, 0x00000007b5000000|  0%| F|  |TAMS 0x00000007b4000000, 0x00000007b4000000| Untracked 
[2025-05-19T18:14:57.721+0000][13.167s][1668][1784][trace] GC(2) | 417|0x00000007b5000000, 0x00000007b5000000, 0x00000007b6000000|  0%| F|  |TAMS 0x00000007b5000000, 0x00000007b5000000| Untracked 
[2025-05-19T18:14:57.721+0000][13.167s][1668][1784][trace] GC(2) | 418|0x00000007b6000000, 0x00000007b6000000, 0x00000007b7000000|  0%| F|  |TAMS 0x00000007b6000000, 0x00000007b6000000| Untracked 
[2025-05-19T18:14:57.721+0000][13.167s][1668][1784][trace] GC(2) | 419|0x00000007b7000000, 0x00000007b7000000, 0x00000007b8000000|  0%| F|  |TAMS 0x00000007b7000000, 0x00000007b7000000| Untracked 
[2025-05-19T18:14:57.721+0000][13.167s][1668][1784][trace] GC(2) | 420|0x00000007b8000000, 0x00000007b8000000, 0x00000007b9000000|  0%| F|  |TAMS 0x00000007b8000000, 0x00000007b8000000| Untracked 
[2025-05-19T18:14:57.721+0000][13.167s][1668][1784][trace] GC(2) | 421|0x00000007b9000000, 0x00000007b9000000, 0x00000007ba000000|  0%| F|  |TAMS 0x00000007b9000000, 0x00000007b9000000| Untracked 
[2025-05-19T18:14:57.721+0000][13.167s][1668][1784][trace] GC(2) | 422|0x00000007ba000000, 0x00000007ba000000, 0x00000007bb000000|  0%| F|  |TAMS 0x00000007ba000000, 0x00000007ba000000| Untracked 
[2025-05-19T18:14:57.721+0000][13.167s][1668][1784][trace] GC(2) | 423|0x00000007bb000000, 0x00000007bb000000, 0x00000007bc000000|  0%| F|  |TAMS 0x00000007bb000000, 0x00000007bb000000| Untracked 
[2025-05-19T18:14:57.721+0000][13.167s][1668][1784][trace] GC(2) | 424|0x00000007bc000000, 0x00000007bc000000, 0x00000007bd000000|  0%| F|  |TAMS 0x00000007bc000000, 0x00000007bc000000| Untracked 
[2025-05-19T18:14:57.721+0000][13.167s][1668][1784][trace] GC(2) | 425|0x00000007bd000000, 0x00000007bd000000, 0x00000007be000000|  0%| F|  |TAMS 0x00000007bd000000, 0x00000007bd000000| Untracked 
[2025-05-19T18:14:57.721+0000][13.167s][1668][1784][trace] GC(2) | 426|0x00000007be000000, 0x00000007bef48000, 0x00000007bf000000| 95%|OA|  |TAMS 0x00000007bef48000, 0x00000007bef48000| Untracked 
[2025-05-19T18:14:57.721+0000][13.167s][1668][1784][trace] GC(2) | 427|0x00000007bf000000, 0x00000007bf06c000, 0x00000007c0000000|  2%|CA|  |TAMS 0x00000007bf06c000, 0x00000007bf06c000| Untracked 
[2025-05-19T18:14:57.721+0000][13.167s][1668][1784][trace] GC(2) | 428|0x00000007c0000000, 0x00000007c0000000, 0x00000007c1000000|  0%| F|  |TAMS 0x00000007c0000000, 0x00000007c0000000| Untracked 
[2025-05-19T18:14:57.721+0000][13.167s][1668][1784][trace] GC(2) | 429|0x00000007c1000000, 0x00000007c1000000, 0x00000007c2000000|  0%| F|  |TAMS 0x00000007c1000000, 0x00000007c1000000| Untracked 
[2025-05-19T18:14:57.721+0000][13.167s][1668][1784][trace] GC(2) | 430|0x00000007c2000000, 0x00000007c2000000, 0x00000007c3000000|  0%| F|  |TAMS 0x00000007c2000000, 0x00000007c2000000| Untracked 
[2025-05-19T18:14:57.721+0000][13.167s][1668][1784][trace] GC(2) | 431|0x00000007c3000000, 0x00000007c3000000, 0x00000007c4000000|  0%| F|  |TAMS 0x00000007c3000000, 0x00000007c3000000| Untracked 
[2025-05-19T18:14:57.721+0000][13.167s][1668][1784][trace] GC(2) | 432|0x00000007c4000000, 0x00000007c4000000, 0x00000007c5000000|  0%| F|  |TAMS 0x00000007c4000000, 0x00000007c4000000| Untracked 
[2025-05-19T18:14:57.721+0000][13.167s][1668][1784][trace] GC(2) | 433|0x00000007c5000000, 0x00000007c5000000, 0x00000007c6000000|  0%| F|  |TAMS 0x00000007c5000000, 0x00000007c5000000| Untracked 
[2025-05-19T18:14:57.721+0000][13.167s][1668][1784][trace] GC(2) | 434|0x00000007c6000000, 0x00000007c6000000, 0x00000007c7000000|  0%| F|  |TAMS 0x00000007c6000000, 0x00000007c6000000| Untracked 
[2025-05-19T18:14:57.721+0000][13.167s][1668][1784][trace] GC(2) | 435|0x00000007c7000000, 0x00000007c7000000, 0x00000007c8000000|  0%| F|  |TAMS 0x00000007c7000000, 0x00000007c7000000| Untracked 
[2025-05-19T18:14:57.721+0000][13.168s][1668][1784][trace] GC(2) | 436|0x00000007c8000000, 0x00000007c8000000, 0x00000007c9000000|  0%| F|  |TAMS 0x00000007c8000000, 0x00000007c8000000| Untracked 
[2025-05-19T18:14:57.721+0000][13.168s][1668][1784][trace] GC(2) | 437|0x00000007c9000000, 0x00000007c9000000, 0x00000007ca000000|  0%| F|  |TAMS 0x00000007c9000000, 0x00000007c9000000| Untracked 
[2025-05-19T18:14:57.721+0000][13.168s][1668][1784][trace] GC(2) | 438|0x00000007ca000000, 0x00000007ca000000, 0x00000007cb000000|  0%| F|  |TAMS 0x00000007ca000000, 0x00000007ca000000| Untracked 
[2025-05-19T18:14:57.721+0000][13.168s][1668][1784][trace] GC(2) | 439|0x00000007cb000000, 0x00000007cb000000, 0x00000007cc000000|  0%| F|  |TAMS 0x00000007cb000000, 0x00000007cb000000| Untracked 
[2025-05-19T18:14:57.721+0000][13.168s][1668][1784][trace] GC(2) | 440|0x00000007cc000000, 0x00000007cc000000, 0x00000007cd000000|  0%| F|  |TAMS 0x00000007cc000000, 0x00000007cc000000| Untracked 
[2025-05-19T18:14:57.721+0000][13.168s][1668][1784][trace] GC(2) | 441|0x00000007cd000000, 0x00000007cd000000, 0x00000007ce000000|  0%| F|  |TAMS 0x00000007cd000000, 0x00000007cd000000| Untracked 
[2025-05-19T18:14:57.721+0000][13.168s][1668][1784][trace] GC(2) | 442|0x00000007ce000000, 0x00000007ce000000, 0x00000007cf000000|  0%| F|  |TAMS 0x00000007ce000000, 0x00000007ce000000| Untracked 
[2025-05-19T18:14:57.721+0000][13.168s][1668][1784][trace] GC(2) | 443|0x00000007cf000000, 0x00000007cf000000, 0x00000007d0000000|  0%| F|  |TAMS 0x00000007cf000000, 0x00000007cf000000| Untracked 
[2025-05-19T18:14:57.721+0000][13.168s][1668][1784][trace] GC(2) | 444|0x00000007d0000000, 0x00000007d0000000, 0x00000007d1000000|  0%| F|  |TAMS 0x00000007d0000000, 0x00000007d0000000| Untracked 
[2025-05-19T18:14:57.721+0000][13.168s][1668][1784][trace] GC(2) | 445|0x00000007d1000000, 0x00000007d1000000, 0x00000007d2000000|  0%| F|  |TAMS 0x00000007d1000000, 0x00000007d1000000| Untracked 
[2025-05-19T18:14:57.721+0000][13.168s][1668][1784][trace] GC(2) | 446|0x00000007d2000000, 0x00000007d2000000, 0x00000007d3000000|  0%| F|  |TAMS 0x00000007d2000000, 0x00000007d2000000| Untracked 
[2025-05-19T18:14:57.721+0000][13.168s][1668][1784][trace] GC(2) | 447|0x00000007d3000000, 0x00000007d3000000, 0x00000007d4000000|  0%| F|  |TAMS 0x00000007d3000000, 0x00000007d3000000| Untracked 
[2025-05-19T18:14:57.721+0000][13.168s][1668][1784][trace] GC(2) | 448|0x00000007d4000000, 0x00000007d4000000, 0x00000007d5000000|  0%| F|  |TAMS 0x00000007d4000000, 0x00000007d4000000| Untracked 
[2025-05-19T18:14:57.721+0000][13.168s][1668][1784][trace] GC(2) | 449|0x00000007d5000000, 0x00000007d5000000, 0x00000007d6000000|  0%| F|  |TAMS 0x00000007d5000000, 0x00000007d5000000| Untracked 
[2025-05-19T18:14:57.721+0000][13.168s][1668][1784][trace] GC(2) | 450|0x00000007d6000000, 0x00000007d6000000, 0x00000007d7000000|  0%| F|  |TAMS 0x00000007d6000000, 0x00000007d6000000| Untracked 
[2025-05-19T18:14:57.721+0000][13.168s][1668][1784][trace] GC(2) | 451|0x00000007d7000000, 0x00000007d7000000, 0x00000007d8000000|  0%| F|  |TAMS 0x00000007d7000000, 0x00000007d7000000| Untracked 
[2025-05-19T18:14:57.721+0000][13.168s][1668][1784][trace] GC(2) | 452|0x00000007d8000000, 0x00000007d8000000, 0x00000007d9000000|  0%| F|  |TAMS 0x00000007d8000000, 0x00000007d8000000| Untracked 
[2025-05-19T18:14:57.721+0000][13.168s][1668][1784][trace] GC(2) | 453|0x00000007d9000000, 0x00000007d9000000, 0x00000007da000000|  0%| F|  |TAMS 0x00000007d9000000, 0x00000007d9000000| Untracked 
[2025-05-19T18:14:57.721+0000][13.168s][1668][1784][trace] GC(2) | 454|0x00000007da000000, 0x00000007da000000, 0x00000007db000000|  0%| F|  |TAMS 0x00000007da000000, 0x00000007da000000| Untracked 
[2025-05-19T18:14:57.721+0000][13.168s][1668][1784][trace] GC(2) | 455|0x00000007db000000, 0x00000007db000000, 0x00000007dc000000|  0%| F|  |TAMS 0x00000007db000000, 0x00000007db000000| Untracked 
[2025-05-19T18:14:57.721+0000][13.168s][1668][1784][trace] GC(2) | 456|0x00000007dc000000, 0x00000007dc000000, 0x00000007dd000000|  0%| F|  |TAMS 0x00000007dc000000, 0x00000007dc000000| Untracked 
[2025-05-19T18:14:57.721+0000][13.168s][1668][1784][trace] GC(2) | 457|0x00000007dd000000, 0x00000007dd000000, 0x00000007de000000|  0%| F|  |TAMS 0x00000007dd000000, 0x00000007dd000000| Untracked 
[2025-05-19T18:14:57.721+0000][13.168s][1668][1784][trace] GC(2) | 458|0x00000007de000000, 0x00000007de000000, 0x00000007df000000|  0%| F|  |TAMS 0x00000007de000000, 0x00000007de000000| Untracked 
[2025-05-19T18:14:57.721+0000][13.168s][1668][1784][trace] GC(2) | 459|0x00000007df000000, 0x00000007df000000, 0x00000007e0000000|  0%| F|  |TAMS 0x00000007df000000, 0x00000007df000000| Untracked 
[2025-05-19T18:14:57.721+0000][13.168s][1668][1784][trace] GC(2) | 460|0x00000007e0000000, 0x00000007e0000000, 0x00000007e1000000|  0%| F|  |TAMS 0x00000007e0000000, 0x00000007e0000000| Untracked 
[2025-05-19T18:14:57.721+0000][13.168s][1668][1784][trace] GC(2) | 461|0x00000007e1000000, 0x00000007e1000000, 0x00000007e2000000|  0%| F|  |TAMS 0x00000007e1000000, 0x00000007e1000000| Untracked 
[2025-05-19T18:14:57.721+0000][13.168s][1668][1784][trace] GC(2) | 462|0x00000007e2000000, 0x00000007e2000000, 0x00000007e3000000|  0%| F|  |TAMS 0x00000007e2000000, 0x00000007e2000000| Untracked 
[2025-05-19T18:14:57.721+0000][13.168s][1668][1784][trace] GC(2) | 463|0x00000007e3000000, 0x00000007e3000000, 0x00000007e4000000|  0%| F|  |TAMS 0x00000007e3000000, 0x00000007e3000000| Untracked 
[2025-05-19T18:14:57.721+0000][13.168s][1668][1784][trace] GC(2) | 464|0x00000007e4000000, 0x00000007e4000000, 0x00000007e5000000|  0%| F|  |TAMS 0x00000007e4000000, 0x00000007e4000000| Untracked 
[2025-05-19T18:14:57.721+0000][13.168s][1668][1784][trace] GC(2) | 465|0x00000007e5000000, 0x00000007e5000000, 0x00000007e6000000|  0%| F|  |TAMS 0x00000007e5000000, 0x00000007e5000000| Untracked 
[2025-05-19T18:14:57.721+0000][13.168s][1668][1784][trace] GC(2) | 466|0x00000007e6000000, 0x00000007e6000000, 0x00000007e7000000|  0%| F|  |TAMS 0x00000007e6000000, 0x00000007e6000000| Untracked 
[2025-05-19T18:14:57.721+0000][13.168s][1668][1784][trace] GC(2) | 467|0x00000007e7000000, 0x00000007e7000000, 0x00000007e8000000|  0%| F|  |TAMS 0x00000007e7000000, 0x00000007e7000000| Untracked 
[2025-05-19T18:14:57.721+0000][13.168s][1668][1784][trace] GC(2) | 468|0x00000007e8000000, 0x00000007e8000000, 0x00000007e9000000|  0%| F|  |TAMS 0x00000007e8000000, 0x00000007e8000000| Untracked 
[2025-05-19T18:14:57.721+0000][13.168s][1668][1784][trace] GC(2) | 469|0x00000007e9000000, 0x00000007e9000000, 0x00000007ea000000|  0%| F|  |TAMS 0x00000007e9000000, 0x00000007e9000000| Untracked 
[2025-05-19T18:14:57.721+0000][13.168s][1668][1784][trace] GC(2) | 470|0x00000007ea000000, 0x00000007eae48720, 0x00000007eb000000| 89%| S|CS|TAMS 0x00000007ea000000, 0x00000007ea000000| Complete 
[2025-05-19T18:14:57.721+0000][13.168s][1668][1784][trace] GC(2) | 471|0x00000007eb000000, 0x00000007eb000000, 0x00000007ec000000|  0%| F|  |TAMS 0x00000007eb000000, 0x00000007eb000000| Untracked 
[2025-05-19T18:14:57.721+0000][13.168s][1668][1784][trace] GC(2) | 472|0x00000007ec000000, 0x00000007ec000000, 0x00000007ed000000|  0%| F|  |TAMS 0x00000007ec000000, 0x00000007ec000000| Untracked 
[2025-05-19T18:14:57.721+0000][13.168s][1668][1784][trace] GC(2) | 473|0x00000007ed000000, 0x00000007ed000000, 0x00000007ee000000|  0%| F|  |TAMS 0x00000007ed000000, 0x00000007ed000000| Untracked 
[2025-05-19T18:14:57.721+0000][13.168s][1668][1784][trace] GC(2) | 474|0x00000007ee000000, 0x00000007ee000000, 0x00000007ef000000|  0%| F|  |TAMS 0x00000007ee000000, 0x00000007ee000000| Untracked 
[2025-05-19T18:14:57.721+0000][13.168s][1668][1784][trace] GC(2) | 475|0x00000007ef000000, 0x00000007ef000000, 0x00000007f0000000|  0%| F|  |TAMS 0x00000007ef000000, 0x00000007ef000000| Untracked 
[2025-05-19T18:14:57.721+0000][13.168s][1668][1784][trace] GC(2) | 476|0x00000007f0000000, 0x00000007f0000000, 0x00000007f1000000|  0%| F|  |TAMS 0x00000007f0000000, 0x00000007f0000000| Untracked 
[2025-05-19T18:14:57.721+0000][13.168s][1668][1784][trace] GC(2) | 477|0x00000007f1000000, 0x00000007f1000000, 0x00000007f2000000|  0%| F|  |TAMS 0x00000007f1000000, 0x00000007f1000000| Untracked 
[2025-05-19T18:14:57.721+0000][13.168s][1668][1784][trace] GC(2) | 478|0x00000007f2000000, 0x00000007f2000000, 0x00000007f3000000|  0%| F|  |TAMS 0x00000007f2000000, 0x00000007f2000000| Untracked 
[2025-05-19T18:14:57.721+0000][13.168s][1668][1784][trace] GC(2) | 479|0x00000007f3000000, 0x00000007f3000000, 0x00000007f4000000|  0%| F|  |TAMS 0x00000007f3000000, 0x00000007f3000000| Untracked 
[2025-05-19T18:14:57.721+0000][13.168s][1668][1784][trace] GC(2) | 480|0x00000007f4000000, 0x00000007f4000000, 0x00000007f5000000|  0%| F|  |TAMS 0x00000007f4000000, 0x00000007f4000000| Untracked 
[2025-05-19T18:14:57.721+0000][13.168s][1668][1784][trace] GC(2) | 481|0x00000007f5000000, 0x00000007f5000000, 0x00000007f6000000|  0%| F|  |TAMS 0x00000007f5000000, 0x00000007f5000000| Untracked 
[2025-05-19T18:14:57.721+0000][13.168s][1668][1784][trace] GC(2) | 482|0x00000007f6000000, 0x00000007f6000000, 0x00000007f7000000|  0%| F|  |TAMS 0x00000007f6000000, 0x00000007f6000000| Untracked 
[2025-05-19T18:14:57.721+0000][13.168s][1668][1784][trace] GC(2) | 483|0x00000007f7000000, 0x00000007f7000000, 0x00000007f8000000|  0%| F|  |TAMS 0x00000007f7000000, 0x00000007f7000000| Untracked 
[2025-05-19T18:14:57.721+0000][13.168s][1668][1784][trace] GC(2) | 484|0x00000007f8000000, 0x00000007f8000000, 0x00000007f9000000|  0%| F|  |TAMS 0x00000007f8000000, 0x00000007f8000000| Untracked 
[2025-05-19T18:14:57.721+0000][13.168s][1668][1784][trace] GC(2) | 485|0x00000007f9000000, 0x00000007f9000000, 0x00000007fa000000|  0%| F|  |TAMS 0x00000007f9000000, 0x00000007f9000000| Untracked 
[2025-05-19T18:14:57.721+0000][13.168s][1668][1784][trace] GC(2) | 486|0x00000007fa000000, 0x00000007fa000000, 0x00000007fb000000|  0%| F|  |TAMS 0x00000007fa000000, 0x00000007fa000000| Untracked 
[2025-05-19T18:14:57.721+0000][13.168s][1668][1784][trace] GC(2) | 487|0x00000007fb000000, 0x00000007fb000000, 0x00000007fc000000|  0%| F|  |TAMS 0x00000007fb000000, 0x00000007fb000000| Untracked 
[2025-05-19T18:14:57.721+0000][13.168s][1668][1784][trace] GC(2) | 488|0x00000007fc000000, 0x00000007fc000000, 0x00000007fd000000|  0%| F|  |TAMS 0x00000007fc000000, 0x00000007fc000000| Untracked 
[2025-05-19T18:14:57.721+0000][13.168s][1668][1784][trace] GC(2) | 489|0x00000007fd000000, 0x00000007fd000000, 0x00000007fe000000|  0%| F|  |TAMS 0x00000007fd000000, 0x00000007fd000000| Untracked 
[2025-05-19T18:14:57.721+0000][13.168s][1668][1784][trace] GC(2) | 490|0x00000007fe000000, 0x00000007fe000000, 0x00000007ff000000|  0%| F|  |TAMS 0x00000007fe000000, 0x00000007fe000000| Untracked 
[2025-05-19T18:14:57.721+0000][13.168s][1668][1784][trace] GC(2) | 491|0x00000007ff000000, 0x00000007ff000000, 0x0000000800000000|  0%| F|  |TAMS 0x00000007ff000000, 0x00000007ff000000| Untracked 
[2025-05-19T18:14:57.721+0000][13.168s][1668][1784][info ] GC(2) Pause Young (Concurrent Start) (Metadata GC Threshold) 347M->29M(7872M) 25.308ms
[2025-05-19T18:14:57.721+0000][13.168s][1668][1773][info ] GC(3) Concurrent Cycle
[2025-05-19T18:14:57.722+0000][13.168s][1668][1784][info ] Leaving safepoint region
[2025-05-19T18:14:57.722+0000][13.168s][1668][1784][info ] Total time for which application threads were stopped: 0.0320105 seconds, Stopping threads took: 0.0000155 seconds
[2025-05-19T18:14:57.731+0000][13.177s][1668][1771][trace] Restored sun.nio.cs.US_ASCII$Encoder archived mirror 0x00000007bef22700
[2025-05-19T18:14:57.731+0000][13.178s][1668][1771][trace] Restored sun.nio.cs.Surrogate$Parser archived mirror 0x00000007bef22688
[2025-05-19T18:14:57.731+0000][13.178s][1668][1771][trace] Restored sun.nio.cs.Surrogate archived mirror 0x00000007bef22600
[2025-05-19T18:14:57.737+0000][13.183s][1668][1784][info ] Application time: 0.0153250 seconds
[2025-05-19T18:14:57.737+0000][13.183s][1668][1784][info ] Entering safepoint region: Deoptimize
[2025-05-19T18:14:57.738+0000][13.184s][1668][1784][info ] Leaving safepoint region
[2025-05-19T18:14:57.738+0000][13.184s][1668][1784][info ] Total time for which application threads were stopped: 0.0007798 seconds, Stopping threads took: 0.0000174 seconds
[2025-05-19T18:14:57.738+0000][13.185s][1668][1784][info ] Application time: 0.0003245 seconds
[2025-05-19T18:14:57.738+0000][13.185s][1668][1784][info ] Entering safepoint region: CGC_Operation
[2025-05-19T18:14:57.746+0000][13.192s][1668][1784][info ] GC(3) Pause Remark 61M->61M(7872M) 7.223ms
[2025-05-19T18:14:57.746+0000][13.192s][1668][1784][info ] Leaving safepoint region
[2025-05-19T18:14:57.746+0000][13.192s][1668][1784][info ] Total time for which application threads were stopped: 0.0075772 seconds, Stopping threads took: 0.0000749 seconds
[2025-05-19T18:14:57.747+0000][13.193s][1668][1784][info ] Application time: 0.0011454 seconds
[2025-05-19T18:14:57.747+0000][13.193s][1668][1784][info ] Entering safepoint region: CGC_Operation
[2025-05-19T18:14:57.748+0000][13.194s][1668][1784][info ] GC(3) Pause Cleanup 61M->61M(7872M) 0.376ms
[2025-05-19T18:14:57.748+0000][13.194s][1668][1784][info ] Leaving safepoint region
[2025-05-19T18:14:57.748+0000][13.194s][1668][1784][info ] Total time for which application threads were stopped: 0.0008691 seconds, Stopping threads took: 0.0002002 seconds
[2025-05-19T18:14:57.783+0000][13.230s][1668][1773][info ] GC(3) Concurrent Cycle 61.609ms
[2025-05-19T18:14:58.093+0000][13.539s][1668][1784][info ] Application time: 0.3448873 seconds
[2025-05-19T18:14:58.093+0000][13.539s][1668][1784][info ] Entering safepoint region: Deoptimize
[2025-05-19T18:14:58.094+0000][13.540s][1668][1784][info ] Leaving safepoint region
[2025-05-19T18:14:58.094+0000][13.540s][1668][1784][info ] Total time for which application threads were stopped: 0.0008878 seconds, Stopping threads took: 0.0000164 seconds
[2025-05-19T18:14:59.094+0000][14.540s][1668][1784][info ] Application time: 1.0002591 seconds
[2025-05-19T18:14:59.094+0000][14.540s][1668][1784][info ] Entering safepoint region: Cleanup
[2025-05-19T18:14:59.095+0000][14.541s][1668][1784][info ] Leaving safepoint region
[2025-05-19T18:14:59.095+0000][14.541s][1668][1784][info ] Total time for which application threads were stopped: 0.0005757 seconds, Stopping threads took: 0.0000641 seconds
[2025-05-19T18:14:59.265+0000][14.711s][1668][1784][info ] Application time: 0.1702268 seconds
[2025-05-19T18:14:59.265+0000][14.711s][1668][1784][info ] Entering safepoint region: Deoptimize
[2025-05-19T18:14:59.266+0000][14.712s][1668][1784][info ] Leaving safepoint region
[2025-05-19T18:14:59.266+0000][14.712s][1668][1784][info ] Total time for which application threads were stopped: 0.0009232 seconds, Stopping threads took: 0.0000136 seconds
[2025-05-19T18:14:59.273+0000][14.719s][1668][1784][info ] Application time: 0.0071618 seconds
[2025-05-19T18:14:59.273+0000][14.719s][1668][1784][info ] Entering safepoint region: Deoptimize
[2025-05-19T18:14:59.274+0000][14.721s][1668][1784][info ] Leaving safepoint region
[2025-05-19T18:14:59.274+0000][14.721s][1668][1784][info ] Total time for which application threads were stopped: 0.0011608 seconds, Stopping threads took: 0.0000217 seconds
[2025-05-19T18:14:59.348+0000][14.795s][1668][1784][info ] Application time: 0.0742268 seconds
[2025-05-19T18:14:59.349+0000][14.795s][1668][1784][info ] Entering safepoint region: Deoptimize
[2025-05-19T18:14:59.349+0000][14.796s][1668][1784][info ] Leaving safepoint region
[2025-05-19T18:14:59.350+0000][14.796s][1668][1784][info ] Total time for which application threads were stopped: 0.0009787 seconds, Stopping threads took: 0.0000223 seconds
[2025-05-19T18:14:59.993+0000][15.440s][1668][1784][info ] Application time: 0.6437148 seconds
[2025-05-19T18:14:59.993+0000][15.440s][1668][1784][info ] Entering safepoint region: Deoptimize
[2025-05-19T18:14:59.994+0000][15.440s][1668][1784][info ] Leaving safepoint region
[2025-05-19T18:14:59.994+0000][15.440s][1668][1784][info ] Total time for which application threads were stopped: 0.0007944 seconds, Stopping threads took: 0.0000122 seconds
[2025-05-19T18:15:00.783+0000][16.230s][1668][1784][info ] Application time: 0.7891658 seconds
[2025-05-19T18:15:00.783+0000][16.230s][1668][1784][info ] Entering safepoint region: Deoptimize
[2025-05-19T18:15:00.784+0000][16.231s][1668][1784][info ] Leaving safepoint region
[2025-05-19T18:15:00.784+0000][16.231s][1668][1784][info ] Total time for which application threads were stopped: 0.0009447 seconds, Stopping threads took: 0.0000212 seconds
[2025-05-19T18:15:00.843+0000][16.290s][1668][1840][trace] Restored java.util.IdentityHashMap$IdentityHashMapIterator archived mirror 0x00000007bef00460
[2025-05-19T18:15:00.843+0000][16.290s][1668][1840][trace] Restored java.util.IdentityHashMap$KeyIterator archived mirror 0x00000007bef003f0
[2025-05-19T18:15:00.848+0000][16.294s][1668][1784][info ] Application time: 0.0638178 seconds
[2025-05-19T18:15:00.848+0000][16.295s][1668][1784][info ] Entering safepoint region: Deoptimize
[2025-05-19T18:15:00.849+0000][16.296s][1668][1784][info ] Leaving safepoint region
[2025-05-19T18:15:00.850+0000][16.296s][1668][1784][info ] Total time for which application threads were stopped: 0.0014175 seconds, Stopping threads took: 0.0000218 seconds
[2025-05-19T18:15:00.857+0000][16.303s][1668][1784][info ] Application time: 0.0072410 seconds
[2025-05-19T18:15:00.857+0000][16.303s][1668][1784][info ] Entering safepoint region: Deoptimize
[2025-05-19T18:15:00.858+0000][16.304s][1668][1784][info ] Leaving safepoint region
[2025-05-19T18:15:00.858+0000][16.304s][1668][1784][info ] Total time for which application threads were stopped: 0.0006866 seconds, Stopping threads took: 0.0000151 seconds
[2025-05-19T18:15:01.548+0000][16.995s][1668][1784][info ] Application time: 0.6905576 seconds
[2025-05-19T18:15:01.548+0000][16.995s][1668][1784][info ] Entering safepoint region: Deoptimize
[2025-05-19T18:15:01.550+0000][16.996s][1668][1784][info ] Leaving safepoint region
[2025-05-19T18:15:01.550+0000][16.996s][1668][1784][info ] Total time for which application threads were stopped: 0.0018704 seconds, Stopping threads took: 0.0000227 seconds
[2025-05-19T18:15:02.172+0000][17.619s][1668][1784][info ] Application time: 0.6222021 seconds
[2025-05-19T18:15:02.172+0000][17.619s][1668][1784][info ] Entering safepoint region: Deoptimize
[2025-05-19T18:15:02.174+0000][17.620s][1668][1784][info ] Leaving safepoint region
[2025-05-19T18:15:02.174+0000][17.620s][1668][1784][info ] Total time for which application threads were stopped: 0.0012399 seconds, Stopping threads took: 0.0001429 seconds
[2025-05-19T18:15:03.174+0000][18.620s][1668][1784][info ] Application time: 1.0002713 seconds
[2025-05-19T18:15:03.174+0000][18.620s][1668][1784][info ] Entering safepoint region: Cleanup
[2025-05-19T18:15:03.175+0000][18.621s][1668][1784][info ] Leaving safepoint region
[2025-05-19T18:15:03.175+0000][18.621s][1668][1784][info ] Total time for which application threads were stopped: 0.0007364 seconds, Stopping threads took: 0.0000693 seconds
[2025-05-19T18:15:05.175+0000][20.622s][1668][1784][info ] Application time: 2.0003600 seconds
[2025-05-19T18:15:05.175+0000][20.622s][1668][1784][info ] Entering safepoint region: Cleanup
[2025-05-19T18:15:05.176+0000][20.622s][1668][1784][info ] Leaving safepoint region
[2025-05-19T18:15:05.176+0000][20.622s][1668][1784][info ] Total time for which application threads were stopped: 0.0003397 seconds, Stopping threads took: 0.0000390 seconds
[2025-05-19T18:15:07.176+0000][22.623s][1668][1784][info ] Application time: 2.0006125 seconds
[2025-05-19T18:15:07.176+0000][22.623s][1668][1784][info ] Entering safepoint region: Cleanup
[2025-05-19T18:15:07.177+0000][22.623s][1668][1784][info ] Leaving safepoint region
[2025-05-19T18:15:07.177+0000][22.623s][1668][1784][info ] Total time for which application threads were stopped: 0.0003914 seconds, Stopping threads took: 0.0000276 seconds
[2025-05-19T18:15:08.177+0000][23.623s][1668][1784][info ] Application time: 1.0002422 seconds
[2025-05-19T18:15:08.177+0000][23.623s][1668][1784][info ] Entering safepoint region: Cleanup
[2025-05-19T18:15:08.177+0000][23.624s][1668][1784][info ] Leaving safepoint region
[2025-05-19T18:15:08.177+0000][23.624s][1668][1784][info ] Total time for which application threads were stopped: 0.0002465 seconds, Stopping threads took: 0.0000319 seconds
[2025-05-19T18:15:09.178+0000][24.624s][1668][1784][info ] Application time: 1.0002779 seconds
[2025-05-19T18:15:09.178+0000][24.624s][1668][1784][info ] Entering safepoint region: Cleanup
[2025-05-19T18:15:09.178+0000][24.624s][1668][1784][info ] Leaving safepoint region
[2025-05-19T18:15:09.178+0000][24.624s][1668][1784][info ] Total time for which application threads were stopped: 0.0004004 seconds, Stopping threads took: 0.0000312 seconds
[2025-05-19T18:15:10.178+0000][25.625s][1668][1784][info ] Application time: 1.0001630 seconds
[2025-05-19T18:15:10.178+0000][25.625s][1668][1784][info ] Entering safepoint region: Cleanup
[2025-05-19T18:15:10.179+0000][25.625s][1668][1784][info ] Leaving safepoint region
[2025-05-19T18:15:10.179+0000][25.625s][1668][1784][info ] Total time for which application threads were stopped: 0.0005118 seconds, Stopping threads took: 0.0000413 seconds
[2025-05-19T18:15:12.179+0000][27.626s][1668][1784][info ] Application time: 2.0004115 seconds
[2025-05-19T18:15:12.179+0000][27.626s][1668][1784][info ] Entering safepoint region: Cleanup
[2025-05-19T18:15:12.180+0000][27.626s][1668][1784][info ] Leaving safepoint region
[2025-05-19T18:15:12.180+0000][27.626s][1668][1784][info ] Total time for which application threads were stopped: 0.0005335 seconds, Stopping threads took: 0.0000308 seconds
[2025-05-19T18:15:33.184+0000][48.630s][1668][1784][info ] Application time: 21.0038645 seconds
[2025-05-19T18:15:33.184+0000][48.630s][1668][1784][info ] Entering safepoint region: Cleanup
[2025-05-19T18:15:33.184+0000][48.631s][1668][1784][info ] Leaving safepoint region
[2025-05-19T18:15:33.184+0000][48.631s][1668][1784][info ] Total time for which application threads were stopped: 0.0004811 seconds, Stopping threads took: 0.0000309 seconds
[2025-05-19T18:15:33.555+0000][49.002s][1668][1784][info ] Application time: 0.3710374 seconds
[2025-05-19T18:15:33.555+0000][49.002s][1668][1784][info ] Entering safepoint region: Deoptimize
[2025-05-19T18:15:33.557+0000][49.003s][1668][1784][info ] Leaving safepoint region
[2025-05-19T18:15:33.557+0000][49.003s][1668][1784][info ] Total time for which application threads were stopped: 0.0011083 seconds, Stopping threads took: 0.0000231 seconds
[2025-05-19T18:15:34.160+0000][49.606s][1668][1784][info ] Application time: 0.6029986 seconds
[2025-05-19T18:15:34.160+0000][49.606s][1668][1784][info ] Entering safepoint region: ICBufferFull
[2025-05-19T18:15:34.160+0000][49.606s][1668][1784][info ] Leaving safepoint region
[2025-05-19T18:15:34.160+0000][49.606s][1668][1784][info ] Total time for which application threads were stopped: 0.0002936 seconds, Stopping threads took: 0.0000202 seconds
[2025-05-19T18:15:34.543+0000][49.989s][1668][1784][info ] Application time: 0.3828544 seconds
[2025-05-19T18:15:34.543+0000][49.989s][1668][1784][info ] Entering safepoint region: ICBufferFull
[2025-05-19T18:15:34.543+0000][49.990s][1668][1784][info ] Leaving safepoint region
[2025-05-19T18:15:34.543+0000][49.990s][1668][1784][info ] Total time for which application threads were stopped: 0.0006290 seconds, Stopping threads took: 0.0000313 seconds
[2025-05-19T18:15:34.727+0000][50.173s][1668][1784][info ] Application time: 0.1831082 seconds
[2025-05-19T18:15:34.727+0000][50.173s][1668][1784][info ] Entering safepoint region: Deoptimize
[2025-05-19T18:15:34.728+0000][50.174s][1668][1784][info ] Leaving safepoint region
[2025-05-19T18:15:34.728+0000][50.174s][1668][1784][info ] Total time for which application threads were stopped: 0.0012190 seconds, Stopping threads took: 0.0000255 seconds
[2025-05-19T18:15:35.728+0000][51.175s][1668][1784][info ] Application time: 1.0004059 seconds
[2025-05-19T18:15:35.728+0000][51.175s][1668][1784][info ] Entering safepoint region: Cleanup
[2025-05-19T18:15:35.729+0000][51.175s][1668][1784][info ] Leaving safepoint region
[2025-05-19T18:15:35.729+0000][51.175s][1668][1784][info ] Total time for which application threads were stopped: 0.0006920 seconds, Stopping threads took: 0.0000465 seconds
[2025-05-19T18:15:36.729+0000][52.176s][1668][1784][info ] Application time: 1.0002025 seconds
[2025-05-19T18:15:36.729+0000][52.176s][1668][1784][info ] Entering safepoint region: Cleanup
[2025-05-19T18:15:36.730+0000][52.176s][1668][1784][info ] Leaving safepoint region
[2025-05-19T18:15:36.730+0000][52.176s][1668][1784][info ] Total time for which application threads were stopped: 0.0003025 seconds, Stopping threads took: 0.0000369 seconds
[2025-05-19T18:15:39.730+0000][55.177s][1668][1784][info ] Application time: 3.0004595 seconds
[2025-05-19T18:15:39.730+0000][55.177s][1668][1784][info ] Entering safepoint region: Cleanup
[2025-05-19T18:15:39.731+0000][55.177s][1668][1784][info ] Leaving safepoint region
[2025-05-19T18:15:39.731+0000][55.177s][1668][1784][info ] Total time for which application threads were stopped: 0.0003851 seconds, Stopping threads took: 0.0000310 seconds
[2025-05-19T18:15:40.731+0000][56.177s][1668][1784][info ] Application time: 1.0002671 seconds
[2025-05-19T18:15:40.731+0000][56.177s][1668][1784][info ] Entering safepoint region: Cleanup
[2025-05-19T18:15:40.731+0000][56.178s][1668][1784][info ] Leaving safepoint region
[2025-05-19T18:15:40.731+0000][56.178s][1668][1784][info ] Total time for which application threads were stopped: 0.0004138 seconds, Stopping threads took: 0.0000352 seconds
[2025-05-19T18:15:41.732+0000][57.178s][1668][1784][info ] Application time: 1.0001719 seconds
[2025-05-19T18:15:41.732+0000][57.178s][1668][1784][info ] Entering safepoint region: Cleanup
[2025-05-19T18:15:41.732+0000][57.179s][1668][1784][info ] Leaving safepoint region
[2025-05-19T18:15:41.732+0000][57.179s][1668][1784][info ] Total time for which application threads were stopped: 0.0004642 seconds, Stopping threads took: 0.0000402 seconds
[2025-05-19T18:15:42.732+0000][58.179s][1668][1784][info ] Application time: 1.0001380 seconds
[2025-05-19T18:15:42.733+0000][58.179s][1668][1784][info ] Entering safepoint region: Cleanup
[2025-05-19T18:15:42.733+0000][58.179s][1668][1784][info ] Leaving safepoint region
[2025-05-19T18:15:42.733+0000][58.179s][1668][1784][info ] Total time for which application threads were stopped: 0.0003574 seconds, Stopping threads took: 0.0000364 seconds
[2025-05-19T18:15:44.733+0000][60.180s][1668][1784][info ] Application time: 2.0002873 seconds
[2025-05-19T18:15:44.733+0000][60.180s][1668][1784][info ] Entering safepoint region: Cleanup
[2025-05-19T18:15:44.734+0000][60.180s][1668][1784][info ] Leaving safepoint region
[2025-05-19T18:15:44.734+0000][60.180s][1668][1784][info ] Total time for which application threads were stopped: 0.0002607 seconds, Stopping threads took: 0.0000672 seconds
[2025-05-19T18:15:45.734+0000][61.180s][1668][1784][info ] Application time: 1.0001203 seconds
[2025-05-19T18:15:45.734+0000][61.180s][1668][1784][info ] Entering safepoint region: Cleanup
[2025-05-19T18:15:45.734+0000][61.181s][1668][1784][info ] Leaving safepoint region
[2025-05-19T18:15:45.734+0000][61.181s][1668][1784][info ] Total time for which application threads were stopped: 0.0003511 seconds, Stopping threads took: 0.0000370 seconds
[2025-05-19T18:15:49.735+0000][65.182s][1668][1784][info ] Application time: 4.0009784 seconds
[2025-05-19T18:15:49.735+0000][65.182s][1668][1784][info ] Entering safepoint region: Cleanup
[2025-05-19T18:15:49.736+0000][65.182s][1668][1784][info ] Leaving safepoint region
[2025-05-19T18:15:49.736+0000][65.182s][1668][1784][info ] Total time for which application threads were stopped: 0.0003602 seconds, Stopping threads took: 0.0000354 seconds
[2025-05-19T18:15:51.736+0000][67.183s][1668][1784][info ] Application time: 2.0005492 seconds
[2025-05-19T18:15:51.736+0000][67.183s][1668][1784][info ] Entering safepoint region: Cleanup
[2025-05-19T18:15:51.737+0000][67.183s][1668][1784][info ] Leaving safepoint region
[2025-05-19T18:15:51.737+0000][67.183s][1668][1784][info ] Total time for which application threads were stopped: 0.0003303 seconds, Stopping threads took: 0.0000315 seconds
[2025-05-19T18:15:52.737+0000][68.183s][1668][1784][info ] Application time: 1.0002062 seconds
[2025-05-19T18:15:52.737+0000][68.183s][1668][1784][info ] Entering safepoint region: Cleanup
[2025-05-19T18:15:52.737+0000][68.184s][1668][1784][info ] Leaving safepoint region
[2025-05-19T18:15:52.737+0000][68.184s][1668][1784][info ] Total time for which application threads were stopped: 0.0004394 seconds, Stopping threads took: 0.0000361 seconds
[2025-05-19T18:15:55.738+0000][71.184s][1668][1784][info ] Application time: 3.0005627 seconds
[2025-05-19T18:15:55.738+0000][71.184s][1668][1784][info ] Entering safepoint region: Cleanup
[2025-05-19T18:15:55.738+0000][71.185s][1668][1784][info ] Leaving safepoint region
[2025-05-19T18:15:55.738+0000][71.185s][1668][1784][info ] Total time for which application threads were stopped: 0.0003633 seconds, Stopping threads took: 0.0000342 seconds
[2025-05-19T18:15:56.739+0000][72.185s][1668][1784][info ] Application time: 1.0003644 seconds
[2025-05-19T18:15:56.739+0000][72.185s][1668][1784][info ] Entering safepoint region: Cleanup
[2025-05-19T18:15:56.739+0000][72.186s][1668][1784][info ] Leaving safepoint region
[2025-05-19T18:15:56.739+0000][72.186s][1668][1784][info ] Total time for which application threads were stopped: 0.0004222 seconds, Stopping threads took: 0.0000357 seconds
[2025-05-19T18:15:57.740+0000][73.186s][1668][1784][info ] Application time: 1.0002204 seconds
[2025-05-19T18:15:57.740+0000][73.186s][1668][1784][info ] Entering safepoint region: Cleanup
[2025-05-19T18:15:57.740+0000][73.186s][1668][1784][info ] Leaving safepoint region
[2025-05-19T18:15:57.740+0000][73.186s][1668][1784][info ] Total time for which application threads were stopped: 0.0003871 seconds, Stopping threads took: 0.0000349 seconds
[2025-05-19T18:16:00.741+0000][76.187s][1668][1784][info ] Application time: 3.0007787 seconds
[2025-05-19T18:16:00.741+0000][76.187s][1668][1784][info ] Entering safepoint region: Cleanup
[2025-05-19T18:16:00.741+0000][76.188s][1668][1784][info ] Leaving safepoint region
[2025-05-19T18:16:00.741+0000][76.188s][1668][1784][info ] Total time for which application threads were stopped: 0.0005066 seconds, Stopping threads took: 0.0000358 seconds
[2025-05-19T18:16:10.744+0000][86.190s][1668][1784][info ] Application time: 10.0022765 seconds
[2025-05-19T18:16:10.744+0000][86.190s][1668][1784][info ] Entering safepoint region: Cleanup
[2025-05-19T18:16:10.744+0000][86.191s][1668][1784][info ] Leaving safepoint region
[2025-05-19T18:16:10.744+0000][86.191s][1668][1784][info ] Total time for which application threads were stopped: 0.0003456 seconds, Stopping threads took: 0.0000644 seconds
[2025-05-19T18:16:17.746+0000][93.192s][1668][1784][info ] Application time: 7.0014956 seconds
[2025-05-19T18:16:17.746+0000][93.192s][1668][1784][info ] Entering safepoint region: Cleanup
[2025-05-19T18:16:17.746+0000][93.193s][1668][1784][info ] Leaving safepoint region
[2025-05-19T18:16:17.746+0000][93.193s][1668][1784][info ] Total time for which application threads were stopped: 0.0006565 seconds, Stopping threads took: 0.0000572 seconds
[2025-05-19T18:16:23.748+0000][99.194s][1668][1784][info ] Application time: 6.0012823 seconds
[2025-05-19T18:16:23.748+0000][99.194s][1668][1784][info ] Entering safepoint region: Cleanup
[2025-05-19T18:16:23.748+0000][99.195s][1668][1784][info ] Leaving safepoint region
[2025-05-19T18:16:23.748+0000][99.195s][1668][1784][info ] Total time for which application threads were stopped: 0.0004326 seconds, Stopping threads took: 0.0000469 seconds
[2025-05-19T18:16:42.753+0000][118.199s][1668][1784][info ] Application time: 19.0043454 seconds
[2025-05-19T18:16:42.753+0000][118.199s][1668][1784][info ] Entering safepoint region: Cleanup
[2025-05-19T18:16:42.753+0000][118.199s][1668][1784][info ] Leaving safepoint region
[2025-05-19T18:16:42.753+0000][118.199s][1668][1784][info ] Total time for which application threads were stopped: 0.0002460 seconds, Stopping threads took: 0.0000241 seconds
[2025-05-19T18:16:46.754+0000][122.200s][1668][1784][info ] Application time: 4.0009795 seconds
[2025-05-19T18:16:46.754+0000][122.201s][1668][1784][info ] Entering safepoint region: Cleanup
[2025-05-19T18:16:46.754+0000][122.201s][1668][1784][info ] Leaving safepoint region
[2025-05-19T18:16:46.755+0000][122.201s][1668][1784][info ] Total time for which application threads were stopped: 0.0004414 seconds, Stopping threads took: 0.0000436 seconds
[2025-05-19T18:17:05.758+0000][141.205s][1668][1784][info ] Application time: 19.0038730 seconds
[2025-05-19T18:17:05.759+0000][141.205s][1668][1784][info ] Entering safepoint region: Cleanup
[2025-05-19T18:17:05.759+0000][141.205s][1668][1784][info ] Leaving safepoint region
[2025-05-19T18:17:05.759+0000][141.205s][1668][1784][info ] Total time for which application threads were stopped: 0.0003019 seconds, Stopping threads took: 0.0000311 seconds
[2025-05-19T18:17:07.759+0000][143.206s][1668][1784][info ] Application time: 2.0005650 seconds
[2025-05-19T18:17:07.759+0000][143.206s][1668][1784][info ] Entering safepoint region: Cleanup
[2025-05-19T18:17:07.760+0000][143.206s][1668][1784][info ] Leaving safepoint region
[2025-05-19T18:17:07.760+0000][143.206s][1668][1784][info ] Total time for which application threads were stopped: 0.0004357 seconds, Stopping threads took: 0.0000244 seconds
[2025-05-19T18:17:08.760+0000][144.206s][1668][1784][info ] Application time: 1.0001889 seconds
[2025-05-19T18:17:08.760+0000][144.207s][1668][1784][info ] Entering safepoint region: Cleanup
[2025-05-19T18:17:08.760+0000][144.207s][1668][1784][info ] Leaving safepoint region
[2025-05-19T18:17:08.760+0000][144.207s][1668][1784][info ] Total time for which application threads were stopped: 0.0002285 seconds, Stopping threads took: 0.0000243 seconds
[2025-05-19T18:17:09.761+0000][145.207s][1668][1784][info ] Application time: 1.0003324 seconds
[2025-05-19T18:17:09.761+0000][145.207s][1668][1784][info ] Entering safepoint region: Cleanup
[2025-05-19T18:17:09.761+0000][145.208s][1668][1784][info ] Leaving safepoint region
[2025-05-19T18:17:09.761+0000][145.208s][1668][1784][info ] Total time for which application threads were stopped: 0.0004394 seconds, Stopping threads took: 0.0000363 seconds
[2025-05-19T18:17:10.761+0000][146.208s][1668][1784][info ] Application time: 1.0002180 seconds
[2025-05-19T18:17:10.762+0000][146.208s][1668][1784][info ] Entering safepoint region: Cleanup
[2025-05-19T18:17:10.762+0000][146.208s][1668][1784][info ] Leaving safepoint region
[2025-05-19T18:17:10.762+0000][146.209s][1668][1784][info ] Total time for which application threads were stopped: 0.0005631 seconds, Stopping threads took: 0.0000285 seconds
[2025-05-19T18:17:11.762+0000][147.209s][1668][1784][info ] Application time: 1.0001667 seconds
[2025-05-19T18:17:11.762+0000][147.209s][1668][1784][info ] Entering safepoint region: Cleanup
[2025-05-19T18:17:11.763+0000][147.209s][1668][1784][info ] Leaving safepoint region
[2025-05-19T18:17:11.763+0000][147.209s][1668][1784][info ] Total time for which application threads were stopped: 0.0003378 seconds, Stopping threads took: 0.0000253 seconds
[2025-05-19T18:17:12.763+0000][148.209s][1668][1784][info ] Application time: 1.0001969 seconds
[2025-05-19T18:17:12.763+0000][148.209s][1668][1784][info ] Entering safepoint region: Cleanup
[2025-05-19T18:17:12.763+0000][148.210s][1668][1784][info ] Leaving safepoint region
[2025-05-19T18:17:12.763+0000][148.210s][1668][1784][info ] Total time for which application threads were stopped: 0.0004023 seconds, Stopping threads took: 0.0000708 seconds
[2025-05-19T18:17:13.764+0000][149.210s][1668][1784][info ] Application time: 1.0001846 seconds
[2025-05-19T18:17:13.764+0000][149.210s][1668][1784][info ] Entering safepoint region: Cleanup
[2025-05-19T18:17:13.764+0000][149.211s][1668][1784][info ] Leaving safepoint region
[2025-05-19T18:17:13.764+0000][149.211s][1668][1784][info ] Total time for which application threads were stopped: 0.0006095 seconds, Stopping threads took: 0.0000501 seconds
[2025-05-19T18:17:14.765+0000][150.211s][1668][1784][info ] Application time: 1.0006546 seconds
[2025-05-19T18:17:14.765+0000][150.212s][1668][1784][info ] Entering safepoint region: Cleanup
[2025-05-19T18:17:14.765+0000][150.212s][1668][1784][info ] Leaving safepoint region
[2025-05-19T18:17:14.765+0000][150.212s][1668][1784][info ] Total time for which application threads were stopped: 0.0003003 seconds, Stopping threads took: 0.0000353 seconds
[2025-05-19T18:17:15.766+0000][151.212s][1668][1784][info ] Application time: 1.0002391 seconds
[2025-05-19T18:17:15.766+0000][151.212s][1668][1784][info ] Entering safepoint region: Cleanup
[2025-05-19T18:17:15.766+0000][151.213s][1668][1784][info ] Leaving safepoint region
[2025-05-19T18:17:15.766+0000][151.213s][1668][1784][info ] Total time for which application threads were stopped: 0.0003688 seconds, Stopping threads took: 0.0000360 seconds
[2025-05-19T18:17:16.766+0000][152.213s][1668][1784][info ] Application time: 1.0001345 seconds
[2025-05-19T18:17:16.766+0000][152.213s][1668][1784][info ] Entering safepoint region: Cleanup
[2025-05-19T18:17:16.767+0000][152.213s][1668][1784][info ] Leaving safepoint region
[2025-05-19T18:17:16.767+0000][152.213s][1668][1784][info ] Total time for which application threads were stopped: 0.0002260 seconds, Stopping threads took: 0.0000248 seconds
[2025-05-19T18:17:17.767+0000][153.213s][1668][1784][info ] Application time: 1.0002283 seconds
[2025-05-19T18:17:17.767+0000][153.213s][1668][1784][info ] Entering safepoint region: Cleanup
[2025-05-19T18:17:17.767+0000][153.214s][1668][1784][info ] Leaving safepoint region
[2025-05-19T18:17:17.767+0000][153.214s][1668][1784][info ] Total time for which application threads were stopped: 0.0003627 seconds, Stopping threads took: 0.0000331 seconds
[2025-05-19T18:17:18.767+0000][154.214s][1668][1784][info ] Application time: 1.0001649 seconds
[2025-05-19T18:17:18.768+0000][154.214s][1668][1784][info ] Entering safepoint region: Cleanup
[2025-05-19T18:17:18.768+0000][154.214s][1668][1784][info ] Leaving safepoint region
[2025-05-19T18:17:18.768+0000][154.214s][1668][1784][info ] Total time for which application threads were stopped: 0.0003688 seconds, Stopping threads took: 0.0000342 seconds
[2025-05-19T18:17:19.768+0000][155.215s][1668][1784][info ] Application time: 1.0002918 seconds
[2025-05-19T18:17:19.768+0000][155.215s][1668][1784][info ] Entering safepoint region: Cleanup
[2025-05-19T18:17:19.769+0000][155.215s][1668][1784][info ] Leaving safepoint region
[2025-05-19T18:17:19.769+0000][155.215s][1668][1784][info ] Total time for which application threads were stopped: 0.0003734 seconds, Stopping threads took: 0.0000408 seconds
[2025-05-19T18:17:20.772+0000][156.219s][1668][1784][info ] Application time: 1.0036965 seconds
[2025-05-19T18:17:20.773+0000][156.219s][1668][1784][info ] Entering safepoint region: Cleanup
[2025-05-19T18:17:20.773+0000][156.219s][1668][1784][info ] Leaving safepoint region
[2025-05-19T18:17:20.773+0000][156.219s][1668][1784][info ] Total time for which application threads were stopped: 0.0004671 seconds, Stopping threads took: 0.0000580 seconds
[2025-05-19T18:17:21.773+0000][157.220s][1668][1784][info ] Application time: 1.0002560 seconds
[2025-05-19T18:17:21.773+0000][157.220s][1668][1784][info ] Entering safepoint region: Cleanup
[2025-05-19T18:17:21.774+0000][157.220s][1668][1784][info ] Leaving safepoint region
[2025-05-19T18:17:21.774+0000][157.220s][1668][1784][info ] Total time for which application threads were stopped: 0.0003692 seconds, Stopping threads took: 0.0000316 seconds
[2025-05-19T18:17:22.774+0000][158.221s][1668][1784][info ] Application time: 1.0002709 seconds
[2025-05-19T18:17:22.774+0000][158.221s][1668][1784][info ] Entering safepoint region: Cleanup
[2025-05-19T18:17:22.774+0000][158.221s][1668][1784][info ] Leaving safepoint region
[2025-05-19T18:17:22.775+0000][158.221s][1668][1784][info ] Total time for which application threads were stopped: 0.0003097 seconds, Stopping threads took: 0.0000375 seconds
[2025-05-19T18:17:23.775+0000][159.221s][1668][1784][info ] Application time: 1.0004902 seconds
[2025-05-19T18:17:23.775+0000][159.221s][1668][1784][info ] Entering safepoint region: Cleanup
[2025-05-19T18:17:23.776+0000][159.222s][1668][1784][info ] Leaving safepoint region
[2025-05-19T18:17:23.776+0000][159.222s][1668][1784][info ] Total time for which application threads were stopped: 0.0006733 seconds, Stopping threads took: 0.0000328 seconds
[2025-05-19T18:17:24.776+0000][160.222s][1668][1784][info ] Application time: 1.0001520 seconds
[2025-05-19T18:17:24.776+0000][160.222s][1668][1784][info ] Entering safepoint region: Cleanup
[2025-05-19T18:17:24.776+0000][160.223s][1668][1784][info ] Leaving safepoint region
[2025-05-19T18:17:24.776+0000][160.223s][1668][1784][info ] Total time for which application threads were stopped: 0.0004021 seconds, Stopping threads took: 0.0000349 seconds
[2025-05-19T18:17:25.777+0000][161.223s][1668][1784][info ] Application time: 1.0002307 seconds
[2025-05-19T18:17:25.777+0000][161.223s][1668][1784][info ] Entering safepoint region: Cleanup
[2025-05-19T18:17:25.777+0000][161.224s][1668][1784][info ] Leaving safepoint region
[2025-05-19T18:17:25.777+0000][161.224s][1668][1784][info ] Total time for which application threads were stopped: 0.0004327 seconds, Stopping threads took: 0.0000520 seconds
[2025-05-19T18:17:26.778+0000][162.224s][1668][1784][info ] Application time: 1.0002965 seconds
[2025-05-19T18:17:26.778+0000][162.224s][1668][1784][info ] Entering safepoint region: Cleanup
[2025-05-19T18:17:26.778+0000][162.224s][1668][1784][info ] Leaving safepoint region
[2025-05-19T18:17:26.778+0000][162.224s][1668][1784][info ] Total time for which application threads were stopped: 0.0003883 seconds, Stopping threads took: 0.0000350 seconds
[2025-05-19T18:17:27.778+0000][163.225s][1668][1784][info ] Application time: 1.0003146 seconds
[2025-05-19T18:17:27.778+0000][163.225s][1668][1784][info ] Entering safepoint region: Cleanup
[2025-05-19T18:17:27.779+0000][163.225s][1668][1784][info ] Leaving safepoint region
[2025-05-19T18:17:27.779+0000][163.225s][1668][1784][info ] Total time for which application threads were stopped: 0.0003584 seconds, Stopping threads took: 0.0000327 seconds
[2025-05-19T18:17:28.779+0000][164.225s][1668][1784][info ] Application time: 1.0001057 seconds
[2025-05-19T18:17:28.779+0000][164.225s][1668][1784][info ] Entering safepoint region: Cleanup
[2025-05-19T18:17:28.779+0000][164.226s][1668][1784][info ] Leaving safepoint region
[2025-05-19T18:17:28.779+0000][164.226s][1668][1784][info ] Total time for which application threads were stopped: 0.0003135 seconds, Stopping threads took: 0.0000254 seconds
[2025-05-19T18:17:29.779+0000][165.226s][1668][1784][info ] Application time: 1.0001230 seconds
[2025-05-19T18:17:29.780+0000][165.226s][1668][1784][info ] Entering safepoint region: Cleanup
[2025-05-19T18:17:29.780+0000][165.226s][1668][1784][info ] Leaving safepoint region
[2025-05-19T18:17:29.780+0000][165.226s][1668][1784][info ] Total time for which application threads were stopped: 0.0003497 seconds, Stopping threads took: 0.0000302 seconds
[2025-05-19T18:17:30.780+0000][166.226s][1668][1784][info ] Application time: 1.0000549 seconds
[2025-05-19T18:17:30.780+0000][166.226s][1668][1784][info ] Entering safepoint region: Cleanup
[2025-05-19T18:17:30.780+0000][166.227s][1668][1784][info ] Leaving safepoint region
[2025-05-19T18:17:30.780+0000][166.227s][1668][1784][info ] Total time for which application threads were stopped: 0.0003456 seconds, Stopping threads took: 0.0000335 seconds
[2025-05-19T18:17:31.781+0000][167.227s][1668][1784][info ] Application time: 1.0001736 seconds
[2025-05-19T18:17:31.781+0000][167.227s][1668][1784][info ] Entering safepoint region: Cleanup
[2025-05-19T18:17:31.781+0000][167.227s][1668][1784][info ] Leaving safepoint region
[2025-05-19T18:17:31.781+0000][167.227s][1668][1784][info ] Total time for which application threads were stopped: 0.0003799 seconds, Stopping threads took: 0.0000373 seconds
[2025-05-19T18:17:32.781+0000][168.228s][1668][1784][info ] Application time: 1.0001353 seconds
[2025-05-19T18:17:32.781+0000][168.228s][1668][1784][info ] Entering safepoint region: Cleanup
[2025-05-19T18:17:32.781+0000][168.228s][1668][1784][info ] Leaving safepoint region
[2025-05-19T18:17:32.781+0000][168.228s][1668][1784][info ] Total time for which application threads were stopped: 0.0001811 seconds, Stopping threads took: 0.0000205 seconds
[2025-05-19T18:17:33.782+0000][169.228s][1668][1784][info ] Application time: 1.0003046 seconds
[2025-05-19T18:17:33.782+0000][169.228s][1668][1784][info ] Entering safepoint region: Cleanup
[2025-05-19T18:17:33.782+0000][169.229s][1668][1784][info ] Leaving safepoint region
[2025-05-19T18:17:33.782+0000][169.229s][1668][1784][info ] Total time for which application threads were stopped: 0.0004132 seconds, Stopping threads took: 0.0000452 seconds
[2025-05-19T18:17:34.783+0000][170.229s][1668][1784][info ] Application time: 1.0001785 seconds
[2025-05-19T18:17:34.783+0000][170.229s][1668][1784][info ] Entering safepoint region: Cleanup
[2025-05-19T18:17:34.783+0000][170.229s][1668][1784][info ] Leaving safepoint region
[2025-05-19T18:17:34.783+0000][170.229s][1668][1784][info ] Total time for which application threads were stopped: 0.0003574 seconds, Stopping threads took: 0.0000395 seconds
[2025-05-19T18:17:35.783+0000][171.230s][1668][1784][info ] Application time: 1.0001451 seconds
[2025-05-19T18:17:35.783+0000][171.230s][1668][1784][info ] Entering safepoint region: Cleanup
[2025-05-19T18:17:35.784+0000][171.230s][1668][1784][info ] Leaving safepoint region
[2025-05-19T18:17:35.784+0000][171.230s][1668][1784][info ] Total time for which application threads were stopped: 0.0003313 seconds, Stopping threads took: 0.0000334 seconds
[2025-05-19T18:17:36.784+0000][172.230s][1668][1784][info ] Application time: 1.0002061 seconds
[2025-05-19T18:17:36.784+0000][172.230s][1668][1784][info ] Entering safepoint region: Cleanup
[2025-05-19T18:17:36.784+0000][172.230s][1668][1784][info ] Leaving safepoint region
[2025-05-19T18:17:36.784+0000][172.231s][1668][1784][info ] Total time for which application threads were stopped: 0.0002885 seconds, Stopping threads took: 0.0000257 seconds
[2025-05-19T18:17:37.784+0000][173.231s][1668][1784][info ] Application time: 1.0001895 seconds
[2025-05-19T18:17:37.784+0000][173.231s][1668][1784][info ] Entering safepoint region: Cleanup
[2025-05-19T18:17:37.785+0000][173.231s][1668][1784][info ] Leaving safepoint region
[2025-05-19T18:17:37.785+0000][173.231s][1668][1784][info ] Total time for which application threads were stopped: 0.0003455 seconds, Stopping threads took: 0.0000310 seconds
[2025-05-19T18:17:38.785+0000][174.231s][1668][1784][info ] Application time: 1.0002503 seconds
[2025-05-19T18:17:38.785+0000][174.232s][1668][1784][info ] Entering safepoint region: Cleanup
[2025-05-19T18:17:38.785+0000][174.232s][1668][1784][info ] Leaving safepoint region
[2025-05-19T18:17:38.785+0000][174.232s][1668][1784][info ] Total time for which application threads were stopped: 0.0002836 seconds, Stopping threads took: 0.0000529 seconds
[2025-05-19T18:17:39.786+0000][175.232s][1668][1784][info ] Application time: 1.0003648 seconds
[2025-05-19T18:17:39.786+0000][175.232s][1668][1784][info ] Entering safepoint region: Cleanup
[2025-05-19T18:17:39.786+0000][175.233s][1668][1784][info ] Leaving safepoint region
[2025-05-19T18:17:39.786+0000][175.233s][1668][1784][info ] Total time for which application threads were stopped: 0.0004307 seconds, Stopping threads took: 0.0000340 seconds
[2025-05-19T18:17:40.787+0000][176.233s][1668][1784][info ] Application time: 1.0002506 seconds
[2025-05-19T18:17:40.787+0000][176.233s][1668][1784][info ] Entering safepoint region: Cleanup
[2025-05-19T18:17:40.787+0000][176.233s][1668][1784][info ] Leaving safepoint region
[2025-05-19T18:17:40.787+0000][176.233s][1668][1784][info ] Total time for which application threads were stopped: 0.0003809 seconds, Stopping threads took: 0.0000334 seconds
[2025-05-19T18:17:45.788+0000][181.234s][1668][1784][info ] Application time: 5.0009269 seconds
[2025-05-19T18:17:45.788+0000][181.234s][1668][1784][info ] Entering safepoint region: Cleanup
[2025-05-19T18:17:45.788+0000][181.235s][1668][1784][info ] Leaving safepoint region
[2025-05-19T18:17:45.788+0000][181.235s][1668][1784][info ] Total time for which application threads were stopped: 0.0002952 seconds, Stopping threads took: 0.0000261 seconds
[2025-05-19T18:17:50.789+0000][186.236s][1668][1784][info ] Application time: 5.0008994 seconds
[2025-05-19T18:17:50.789+0000][186.236s][1668][1784][info ] Entering safepoint region: Cleanup
[2025-05-19T18:17:50.790+0000][186.236s][1668][1784][info ] Leaving safepoint region
[2025-05-19T18:17:50.790+0000][186.236s][1668][1784][info ] Total time for which application threads were stopped: 0.0002626 seconds, Stopping threads took: 0.0000318 seconds
[2025-05-19T18:17:53.790+0000][189.236s][1668][1784][info ] Application time: 3.0003922 seconds
[2025-05-19T18:17:53.790+0000][189.237s][1668][1784][info ] Entering safepoint region: Cleanup
[2025-05-19T18:17:53.790+0000][189.237s][1668][1784][info ] Leaving safepoint region
[2025-05-19T18:17:53.790+0000][189.237s][1668][1784][info ] Total time for which application threads were stopped: 0.0002903 seconds, Stopping threads took: 0.0000353 seconds
[2025-05-19T18:17:54.791+0000][190.237s][1668][1784][info ] Application time: 1.0001175 seconds
[2025-05-19T18:17:54.791+0000][190.237s][1668][1784][info ] Entering safepoint region: Cleanup
[2025-05-19T18:17:54.791+0000][190.237s][1668][1784][info ] Leaving safepoint region
[2025-05-19T18:17:54.791+0000][190.237s][1668][1784][info ] Total time for which application threads were stopped: 0.0002570 seconds, Stopping threads took: 0.0000228 seconds
[2025-05-19T18:17:55.791+0000][191.237s][1668][1784][info ] Application time: 1.0001841 seconds
[2025-05-19T18:17:55.791+0000][191.238s][1668][1784][info ] Entering safepoint region: Cleanup
[2025-05-19T18:17:55.791+0000][191.238s][1668][1784][info ] Leaving safepoint region
[2025-05-19T18:17:55.792+0000][191.238s][1668][1784][info ] Total time for which application threads were stopped: 0.0003983 seconds, Stopping threads took: 0.0000297 seconds
[2025-05-19T18:17:58.792+0000][194.238s][1668][1784][info ] Application time: 3.0005238 seconds
[2025-05-19T18:17:58.792+0000][194.239s][1668][1784][info ] Entering safepoint region: Cleanup
[2025-05-19T18:17:58.793+0000][194.239s][1668][1784][info ] Leaving safepoint region
[2025-05-19T18:17:58.793+0000][194.239s][1668][1784][info ] Total time for which application threads were stopped: 0.0004393 seconds, Stopping threads took: 0.0000747 seconds
[2025-05-19T18:17:59.793+0000][195.239s][1668][1784][info ] Application time: 1.0002690 seconds
[2025-05-19T18:17:59.793+0000][195.240s][1668][1784][info ] Entering safepoint region: Cleanup
[2025-05-19T18:17:59.794+0000][195.240s][1668][1784][info ] Leaving safepoint region
[2025-05-19T18:17:59.794+0000][195.240s][1668][1784][info ] Total time for which application threads were stopped: 0.0004509 seconds, Stopping threads took: 0.0000617 seconds
[2025-05-19T18:18:02.794+0000][198.241s][1668][1784][info ] Application time: 3.0005167 seconds
[2025-05-19T18:18:02.794+0000][198.241s][1668][1784][info ] Entering safepoint region: Cleanup
[2025-05-19T18:18:02.794+0000][198.241s][1668][1784][info ] Leaving safepoint region
[2025-05-19T18:18:02.794+0000][198.241s][1668][1784][info ] Total time for which application threads were stopped: 0.0001956 seconds, Stopping threads took: 0.0000243 seconds
[2025-05-19T18:18:43.802+0000][239.249s][1668][1784][info ] Application time: 41.0079453 seconds
[2025-05-19T18:18:43.803+0000][239.249s][1668][1784][info ] Entering safepoint region: Cleanup
[2025-05-19T18:18:43.803+0000][239.250s][1668][1784][info ] Leaving safepoint region
[2025-05-19T18:18:43.803+0000][239.250s][1668][1784][info ] Total time for which application threads were stopped: 0.0006965 seconds, Stopping threads took: 0.0002726 seconds
[2025-05-19T18:18:52.806+0000][248.252s][1668][1784][info ] Application time: 9.0024903 seconds
[2025-05-19T18:18:52.806+0000][248.252s][1668][1784][info ] Entering safepoint region: Cleanup
[2025-05-19T18:18:52.806+0000][248.253s][1668][1784][info ] Leaving safepoint region
[2025-05-19T18:18:52.806+0000][248.253s][1668][1784][info ] Total time for which application threads were stopped: 0.0004660 seconds, Stopping threads took: 0.0000467 seconds
[2025-05-19T18:18:55.807+0000][251.253s][1668][1784][info ] Application time: 3.0004796 seconds
[2025-05-19T18:18:55.807+0000][251.253s][1668][1784][info ] Entering safepoint region: Cleanup
[2025-05-19T18:18:55.807+0000][251.254s][1668][1784][info ] Leaving safepoint region
[2025-05-19T18:18:55.807+0000][251.254s][1668][1784][info ] Total time for which application threads were stopped: 0.0004994 seconds, Stopping threads took: 0.0000266 seconds
[2025-05-19T18:18:58.808+0000][254.255s][1668][1784][info ] Application time: 3.0008514 seconds
[2025-05-19T18:18:58.808+0000][254.255s][1668][1784][info ] Entering safepoint region: Cleanup
[2025-05-19T18:18:58.809+0000][254.255s][1668][1784][info ] Leaving safepoint region
[2025-05-19T18:18:58.809+0000][254.255s][1668][1784][info ] Total time for which application threads were stopped: 0.0005238 seconds, Stopping threads took: 0.0001920 seconds
[2025-05-19T18:19:00.809+0000][256.256s][1668][1784][info ] Application time: 2.0003411 seconds
[2025-05-19T18:19:00.809+0000][256.256s][1668][1784][info ] Entering safepoint region: Cleanup
[2025-05-19T18:19:00.810+0000][256.256s][1668][1784][info ] Leaving safepoint region
[2025-05-19T18:19:00.810+0000][256.256s][1668][1784][info ] Total time for which application threads were stopped: 0.0003886 seconds, Stopping threads took: 0.0000399 seconds
[2025-05-19T18:19:02.810+0000][258.257s][1668][1784][info ] Application time: 2.0006071 seconds
[2025-05-19T18:19:02.810+0000][258.257s][1668][1784][info ] Entering safepoint region: Cleanup
[2025-05-19T18:19:02.811+0000][258.257s][1668][1784][info ] Leaving safepoint region
[2025-05-19T18:19:02.811+0000][258.257s][1668][1784][info ] Total time for which application threads were stopped: 0.0003777 seconds, Stopping threads took: 0.0000383 seconds
[2025-05-19T18:19:06.812+0000][262.258s][1668][1784][info ] Application time: 4.0008548 seconds
[2025-05-19T18:19:06.812+0000][262.258s][1668][1784][info ] Entering safepoint region: Cleanup
[2025-05-19T18:19:06.812+0000][262.259s][1668][1784][info ] Leaving safepoint region
[2025-05-19T18:19:06.812+0000][262.259s][1668][1784][info ] Total time for which application threads were stopped: 0.0003774 seconds, Stopping threads took: 0.0000339 seconds
[2025-05-19T18:19:10.813+0000][266.259s][1668][1784][info ] Application time: 4.0007243 seconds
[2025-05-19T18:19:10.813+0000][266.259s][1668][1784][info ] Entering safepoint region: Cleanup
[2025-05-19T18:19:10.813+0000][266.260s][1668][1784][info ] Leaving safepoint region
[2025-05-19T18:19:10.814+0000][266.260s][1668][1784][info ] Total time for which application threads were stopped: 0.0004257 seconds, Stopping threads took: 0.0000432 seconds
[2025-05-19T18:19:13.814+0000][269.260s][1668][1784][info ] Application time: 3.0004796 seconds
[2025-05-19T18:19:13.814+0000][269.260s][1668][1784][info ] Entering safepoint region: Cleanup
[2025-05-19T18:19:13.814+0000][269.261s][1668][1784][info ] Leaving safepoint region
[2025-05-19T18:19:13.814+0000][269.261s][1668][1784][info ] Total time for which application threads were stopped: 0.0002298 seconds, Stopping threads took: 0.0000235 seconds
[2025-05-19T18:19:16.815+0000][272.261s][1668][1784][info ] Application time: 3.0004610 seconds
[2025-05-19T18:19:16.815+0000][272.261s][1668][1784][info ] Entering safepoint region: Cleanup
[2025-05-19T18:19:16.815+0000][272.262s][1668][1784][info ] Leaving safepoint region
[2025-05-19T18:19:16.815+0000][272.262s][1668][1784][info ] Total time for which application threads were stopped: 0.0004963 seconds, Stopping threads took: 0.0001191 seconds
[2025-05-19T18:19:17.816+0000][273.262s][1668][1784][info ] Application time: 1.0002253 seconds
[2025-05-19T18:19:17.816+0000][273.262s][1668][1784][info ] Entering safepoint region: Cleanup
[2025-05-19T18:19:17.816+0000][273.262s][1668][1784][info ] Leaving safepoint region
[2025-05-19T18:19:17.816+0000][273.262s][1668][1784][info ] Total time for which application threads were stopped: 0.0002420 seconds, Stopping threads took: 0.0000266 seconds
[2025-05-19T18:19:18.816+0000][274.263s][1668][1784][info ] Application time: 1.0002220 seconds
[2025-05-19T18:19:18.816+0000][274.263s][1668][1784][info ] Entering safepoint region: Cleanup
[2025-05-19T18:19:18.817+0000][274.263s][1668][1784][info ] Leaving safepoint region
[2025-05-19T18:19:18.817+0000][274.263s][1668][1784][info ] Total time for which application threads were stopped: 0.0002674 seconds, Stopping threads took: 0.0000345 seconds
[2025-05-19T18:19:19.817+0000][275.263s][1668][1784][info ] Application time: 1.0001244 seconds
[2025-05-19T18:19:19.817+0000][275.263s][1668][1784][info ] Entering safepoint region: Cleanup
[2025-05-19T18:19:19.817+0000][275.263s][1668][1784][info ] Leaving safepoint region
[2025-05-19T18:19:19.817+0000][275.263s][1668][1784][info ] Total time for which application threads were stopped: 0.0002449 seconds, Stopping threads took: 0.0000302 seconds
[2025-05-19T18:19:22.818+0000][278.264s][1668][1784][info ] Application time: 3.0005147 seconds
[2025-05-19T18:19:22.818+0000][278.264s][1668][1784][info ] Entering safepoint region: Cleanup
[2025-05-19T18:19:22.818+0000][278.264s][1668][1784][info ] Leaving safepoint region
[2025-05-19T18:19:22.818+0000][278.264s][1668][1784][info ] Total time for which application threads were stopped: 0.0002864 seconds, Stopping threads took: 0.0000438 seconds
[2025-05-19T18:19:55.824+0000][311.271s][1668][1784][info ] Application time: 33.0062615 seconds
[2025-05-19T18:19:55.824+0000][311.271s][1668][1784][info ] Entering safepoint region: Cleanup
[2025-05-19T18:19:55.825+0000][311.271s][1668][1784][info ] Leaving safepoint region
[2025-05-19T18:19:55.825+0000][311.271s][1668][1784][info ] Total time for which application threads were stopped: 0.0004204 seconds, Stopping threads took: 0.0000465 seconds
[2025-05-19T18:20:10.828+0000][326.274s][1668][1784][info ] Application time: 15.0031801 seconds
[2025-05-19T18:20:10.828+0000][326.274s][1668][1784][info ] Entering safepoint region: Cleanup
[2025-05-19T18:20:10.828+0000][326.275s][1668][1784][info ] Leaving safepoint region
[2025-05-19T18:20:10.828+0000][326.275s][1668][1784][info ] Total time for which application threads were stopped: 0.0002897 seconds, Stopping threads took: 0.0000368 seconds
[2025-05-19T18:20:12.829+0000][328.275s][1668][1784][info ] Application time: 2.0002681 seconds
[2025-05-19T18:20:12.829+0000][328.275s][1668][1784][info ] Entering safepoint region: Cleanup
[2025-05-19T18:20:12.829+0000][328.275s][1668][1784][info ] Leaving safepoint region
[2025-05-19T18:20:12.829+0000][328.275s][1668][1784][info ] Total time for which application threads were stopped: 0.0002767 seconds, Stopping threads took: 0.0000247 seconds
[2025-05-19T18:20:14.829+0000][330.276s][1668][1784][info ] Application time: 2.0002698 seconds
[2025-05-19T18:20:14.829+0000][330.276s][1668][1784][info ] Entering safepoint region: Cleanup
[2025-05-19T18:20:14.830+0000][330.276s][1668][1784][info ] Leaving safepoint region
[2025-05-19T18:20:14.830+0000][330.276s][1668][1784][info ] Total time for which application threads were stopped: 0.0003198 seconds, Stopping threads took: 0.0000392 seconds
[2025-05-19T18:20:19.830+0000][335.277s][1668][1784][info ] Application time: 5.0006661 seconds
[2025-05-19T18:20:19.830+0000][335.277s][1668][1784][info ] Entering safepoint region: Cleanup
[2025-05-19T18:20:19.831+0000][335.277s][1668][1784][info ] Leaving safepoint region
[2025-05-19T18:20:19.831+0000][335.277s][1668][1784][info ] Total time for which application threads were stopped: 0.0001900 seconds, Stopping threads took: 0.0000283 seconds
[2025-05-19T18:20:20.831+0000][336.277s][1668][1784][info ] Application time: 1.0001176 seconds
[2025-05-19T18:20:20.831+0000][336.277s][1668][1784][info ] Entering safepoint region: Cleanup
[2025-05-19T18:20:20.831+0000][336.277s][1668][1784][info ] Leaving safepoint region
[2025-05-19T18:20:20.831+0000][336.277s][1668][1784][info ] Total time for which application threads were stopped: 0.0001915 seconds, Stopping threads took: 0.0000286 seconds
[2025-05-19T18:20:21.831+0000][337.278s][1668][1784][info ] Application time: 1.0001405 seconds
[2025-05-19T18:20:21.831+0000][337.278s][1668][1784][info ] Entering safepoint region: Cleanup
[2025-05-19T18:20:21.831+0000][337.278s][1668][1784][info ] Leaving safepoint region
[2025-05-19T18:20:21.831+0000][337.278s][1668][1784][info ] Total time for which application threads were stopped: 0.0002277 seconds, Stopping threads took: 0.0000327 seconds
[2025-05-19T18:20:22.832+0000][338.278s][1668][1784][info ] Application time: 1.0002960 seconds
[2025-05-19T18:20:22.832+0000][338.278s][1668][1784][info ] Entering safepoint region: Cleanup
[2025-05-19T18:20:22.832+0000][338.278s][1668][1784][info ] Leaving safepoint region
[2025-05-19T18:20:22.832+0000][338.278s][1668][1784][info ] Total time for which application threads were stopped: 0.0002148 seconds, Stopping threads took: 0.0000286 seconds
[2025-05-19T18:20:23.832+0000][339.279s][1668][1784][info ] Application time: 1.0001293 seconds
[2025-05-19T18:20:23.832+0000][339.279s][1668][1784][info ] Entering safepoint region: Cleanup
[2025-05-19T18:20:23.832+0000][339.279s][1668][1784][info ] Leaving safepoint region
[2025-05-19T18:20:23.832+0000][339.279s][1668][1784][info ] Total time for which application threads were stopped: 0.0001890 seconds, Stopping threads took: 0.0000250 seconds
[2025-05-19T18:20:24.832+0000][340.279s][1668][1784][info ] Application time: 1.0000460 seconds
[2025-05-19T18:20:24.833+0000][340.279s][1668][1784][info ] Entering safepoint region: Cleanup
[2025-05-19T18:20:24.833+0000][340.279s][1668][1784][info ] Leaving safepoint region
[2025-05-19T18:20:24.833+0000][340.279s][1668][1784][info ] Total time for which application threads were stopped: 0.0001489 seconds, Stopping threads took: 0.0000214 seconds
[2025-05-19T18:20:25.833+0000][341.279s][1668][1784][info ] Application time: 1.0002002 seconds
[2025-05-19T18:20:25.833+0000][341.279s][1668][1784][info ] Entering safepoint region: Cleanup
[2025-05-19T18:20:25.833+0000][341.280s][1668][1784][info ] Leaving safepoint region
[2025-05-19T18:20:25.833+0000][341.280s][1668][1784][info ] Total time for which application threads were stopped: 0.0002174 seconds, Stopping threads took: 0.0000280 seconds
[2025-05-19T18:20:26.833+0000][342.280s][1668][1784][info ] Application time: 1.0001673 seconds
[2025-05-19T18:20:26.834+0000][342.280s][1668][1784][info ] Entering safepoint region: Cleanup
[2025-05-19T18:20:26.834+0000][342.280s][1668][1784][info ] Leaving safepoint region
[2025-05-19T18:20:26.834+0000][342.280s][1668][1784][info ] Total time for which application threads were stopped: 0.0002250 seconds, Stopping threads took: 0.0000300 seconds
[2025-05-19T18:20:27.834+0000][343.280s][1668][1784][info ] Application time: 1.0001284 seconds
[2025-05-19T18:20:27.834+0000][343.280s][1668][1784][info ] Entering safepoint region: Cleanup
[2025-05-19T18:20:27.834+0000][343.281s][1668][1784][info ] Leaving safepoint region
[2025-05-19T18:20:27.834+0000][343.281s][1668][1784][info ] Total time for which application threads were stopped: 0.0001871 seconds, Stopping threads took: 0.0000252 seconds
[2025-05-19T18:20:28.834+0000][344.281s][1668][1784][info ] Application time: 1.0000642 seconds
[2025-05-19T18:20:28.834+0000][344.281s][1668][1784][info ] Entering safepoint region: Cleanup
[2025-05-19T18:20:28.835+0000][344.281s][1668][1784][info ] Leaving safepoint region
[2025-05-19T18:20:28.835+0000][344.281s][1668][1784][info ] Total time for which application threads were stopped: 0.0002092 seconds, Stopping threads took: 0.0000215 seconds
[2025-05-19T18:20:29.835+0000][345.281s][1668][1784][info ] Application time: 1.0000582 seconds
[2025-05-19T18:20:29.835+0000][345.281s][1668][1784][info ] Entering safepoint region: Cleanup
[2025-05-19T18:20:29.835+0000][345.281s][1668][1784][info ] Leaving safepoint region
[2025-05-19T18:20:29.835+0000][345.281s][1668][1784][info ] Total time for which application threads were stopped: 0.0002427 seconds, Stopping threads took: 0.0000283 seconds
[2025-05-19T18:20:30.835+0000][346.281s][1668][1784][info ] Application time: 1.0000535 seconds
[2025-05-19T18:20:30.835+0000][346.282s][1668][1784][info ] Entering safepoint region: Cleanup
[2025-05-19T18:20:30.835+0000][346.282s][1668][1784][info ] Leaving safepoint region
[2025-05-19T18:20:30.835+0000][346.282s][1668][1784][info ] Total time for which application threads were stopped: 0.0001444 seconds, Stopping threads took: 0.0000159 seconds
[2025-05-19T18:20:31.376+0000][346.823s][1668][1784][info ] Application time: 0.5411421 seconds
[2025-05-19T18:20:31.376+0000][346.823s][1668][1784][info ] Entering safepoint region: Deoptimize
[2025-05-19T18:20:31.378+0000][346.825s][1668][1784][info ] Leaving safepoint region
[2025-05-19T18:20:31.378+0000][346.825s][1668][1784][info ] Total time for which application threads were stopped: 0.0019646 seconds, Stopping threads took: 0.0000128 seconds
[2025-05-19T18:20:32.379+0000][347.825s][1668][1784][info ] Application time: 1.0001335 seconds
[2025-05-19T18:20:32.379+0000][347.825s][1668][1784][info ] Entering safepoint region: Cleanup
[2025-05-19T18:20:32.379+0000][347.825s][1668][1784][info ] Leaving safepoint region
[2025-05-19T18:20:32.379+0000][347.825s][1668][1784][info ] Total time for which application threads were stopped: 0.0001853 seconds, Stopping threads took: 0.0000257 seconds
[2025-05-19T18:20:33.379+0000][348.825s][1668][1784][info ] Application time: 1.0000920 seconds
[2025-05-19T18:20:33.379+0000][348.825s][1668][1784][info ] Entering safepoint region: Cleanup
[2025-05-19T18:20:33.379+0000][348.826s][1668][1784][info ] Leaving safepoint region
[2025-05-19T18:20:33.379+0000][348.826s][1668][1784][info ] Total time for which application threads were stopped: 0.0001902 seconds, Stopping threads took: 0.0000231 seconds
[2025-05-19T18:20:34.379+0000][349.826s][1668][1784][info ] Application time: 1.0001238 seconds
[2025-05-19T18:20:34.379+0000][349.826s][1668][1784][info ] Entering safepoint region: Cleanup
[2025-05-19T18:20:34.380+0000][349.826s][1668][1784][info ] Leaving safepoint region
[2025-05-19T18:20:34.380+0000][349.826s][1668][1784][info ] Total time for which application threads were stopped: 0.0003826 seconds, Stopping threads took: 0.0000235 seconds
[2025-05-19T18:20:35.380+0000][350.826s][1668][1784][info ] Application time: 1.0001326 seconds
[2025-05-19T18:20:35.380+0000][350.826s][1668][1784][info ] Entering safepoint region: Cleanup
[2025-05-19T18:20:35.380+0000][350.827s][1668][1784][info ] Leaving safepoint region
[2025-05-19T18:20:35.380+0000][350.827s][1668][1784][info ] Total time for which application threads were stopped: 0.0002712 seconds, Stopping threads took: 0.0000358 seconds
[2025-05-19T18:20:36.380+0000][351.827s][1668][1784][info ] Application time: 1.0001096 seconds
[2025-05-19T18:20:36.380+0000][351.827s][1668][1784][info ] Entering safepoint region: Cleanup
[2025-05-19T18:20:36.381+0000][351.827s][1668][1784][info ] Leaving safepoint region
[2025-05-19T18:20:36.381+0000][351.827s][1668][1784][info ] Total time for which application threads were stopped: 0.0002809 seconds, Stopping threads took: 0.0000335 seconds
[2025-05-19T18:20:37.381+0000][352.827s][1668][1784][info ] Application time: 1.0000971 seconds
[2025-05-19T18:20:37.381+0000][352.827s][1668][1784][info ] Entering safepoint region: Cleanup
[2025-05-19T18:20:37.381+0000][352.827s][1668][1784][info ] Leaving safepoint region
[2025-05-19T18:20:37.381+0000][352.828s][1668][1784][info ] Total time for which application threads were stopped: 0.0001940 seconds, Stopping threads took: 0.0000213 seconds
[2025-05-19T18:20:38.381+0000][353.828s][1668][1784][info ] Application time: 1.0001093 seconds
[2025-05-19T18:20:38.381+0000][353.828s][1668][1784][info ] Entering safepoint region: Cleanup
[2025-05-19T18:20:38.382+0000][353.828s][1668][1784][info ] Leaving safepoint region
[2025-05-19T18:20:38.382+0000][353.828s][1668][1784][info ] Total time for which application threads were stopped: 0.0002380 seconds, Stopping threads took: 0.0000247 seconds
[2025-05-19T18:20:39.382+0000][354.828s][1668][1784][info ] Application time: 1.0000494 seconds
[2025-05-19T18:20:39.382+0000][354.828s][1668][1784][info ] Entering safepoint region: Cleanup
[2025-05-19T18:20:39.382+0000][354.828s][1668][1784][info ] Leaving safepoint region
[2025-05-19T18:20:39.382+0000][354.828s][1668][1784][info ] Total time for which application threads were stopped: 0.0001945 seconds, Stopping threads took: 0.0000200 seconds
[2025-05-19T18:20:40.382+0000][355.828s][1668][1784][info ] Application time: 1.0000999 seconds
[2025-05-19T18:20:40.382+0000][355.828s][1668][1784][info ] Entering safepoint region: Cleanup
[2025-05-19T18:20:40.382+0000][355.829s][1668][1784][info ] Leaving safepoint region
[2025-05-19T18:20:40.382+0000][355.829s][1668][1784][info ] Total time for which application threads were stopped: 0.0003953 seconds, Stopping threads took: 0.0000464 seconds
[2025-05-19T18:20:41.383+0000][356.829s][1668][1784][info ] Application time: 1.0002704 seconds
[2025-05-19T18:20:41.383+0000][356.829s][1668][1784][info ] Entering safepoint region: Cleanup
[2025-05-19T18:20:41.383+0000][356.829s][1668][1784][info ] Leaving safepoint region
[2025-05-19T18:20:41.383+0000][356.829s][1668][1784][info ] Total time for which application threads were stopped: 0.0002128 seconds, Stopping threads took: 0.0000293 seconds
[2025-05-19T18:20:42.383+0000][357.830s][1668][1784][info ] Application time: 1.0002692 seconds
[2025-05-19T18:20:42.383+0000][357.830s][1668][1784][info ] Entering safepoint region: Cleanup
[2025-05-19T18:20:42.384+0000][357.830s][1668][1784][info ] Leaving safepoint region
[2025-05-19T18:20:42.384+0000][357.830s][1668][1784][info ] Total time for which application threads were stopped: 0.0002313 seconds, Stopping threads took: 0.0000289 seconds
[2025-05-19T18:20:43.384+0000][358.830s][1668][1784][info ] Application time: 1.0002436 seconds
[2025-05-19T18:20:43.384+0000][358.830s][1668][1784][info ] Entering safepoint region: Cleanup
[2025-05-19T18:20:43.384+0000][358.830s][1668][1784][info ] Leaving safepoint region
[2025-05-19T18:20:43.384+0000][358.830s][1668][1784][info ] Total time for which application threads were stopped: 0.0001774 seconds, Stopping threads took: 0.0000216 seconds
[2025-05-19T18:20:44.384+0000][359.831s][1668][1784][info ] Application time: 1.0003002 seconds
[2025-05-19T18:20:44.384+0000][359.831s][1668][1784][info ] Entering safepoint region: Cleanup
[2025-05-19T18:20:44.385+0000][359.831s][1668][1784][info ] Leaving safepoint region
[2025-05-19T18:20:44.385+0000][359.831s][1668][1784][info ] Total time for which application threads were stopped: 0.0002089 seconds, Stopping threads took: 0.0000355 seconds
[2025-05-19T18:20:45.385+0000][360.831s][1668][1784][info ] Application time: 1.0000951 seconds
[2025-05-19T18:20:45.385+0000][360.831s][1668][1784][info ] Entering safepoint region: Cleanup
[2025-05-19T18:20:45.385+0000][360.831s][1668][1784][info ] Leaving safepoint region
[2025-05-19T18:20:45.385+0000][360.831s][1668][1784][info ] Total time for which application threads were stopped: 0.0001802 seconds, Stopping threads took: 0.0000183 seconds
[2025-05-19T18:20:46.385+0000][361.831s][1668][1784][info ] Application time: 1.0000705 seconds
[2025-05-19T18:20:46.385+0000][361.831s][1668][1784][info ] Entering safepoint region: Cleanup
[2025-05-19T18:20:46.385+0000][361.832s][1668][1784][info ] Leaving safepoint region
[2025-05-19T18:20:46.385+0000][361.832s][1668][1784][info ] Total time for which application threads were stopped: 0.0001782 seconds, Stopping threads took: 0.0000213 seconds
[2025-05-19T18:20:47.385+0000][362.832s][1668][1784][info ] Application time: 1.0000826 seconds
[2025-05-19T18:20:47.385+0000][362.832s][1668][1784][info ] Entering safepoint region: Cleanup
[2025-05-19T18:20:47.386+0000][362.832s][1668][1784][info ] Leaving safepoint region
[2025-05-19T18:20:47.386+0000][362.832s][1668][1784][info ] Total time for which application threads were stopped: 0.0002203 seconds, Stopping threads took: 0.0000341 seconds
[2025-05-19T18:20:48.386+0000][363.832s][1668][1784][info ] Application time: 1.0001071 seconds
[2025-05-19T18:20:48.386+0000][363.832s][1668][1784][info ] Entering safepoint region: Cleanup
[2025-05-19T18:20:48.386+0000][363.833s][1668][1784][info ] Leaving safepoint region
[2025-05-19T18:20:48.386+0000][363.833s][1668][1784][info ] Total time for which application threads were stopped: 0.0003483 seconds, Stopping threads took: 0.0000306 seconds
[2025-05-19T18:20:49.386+0000][364.833s][1668][1784][info ] Application time: 1.0002178 seconds
[2025-05-19T18:20:49.387+0000][364.833s][1668][1784][info ] Entering safepoint region: Cleanup
[2025-05-19T18:20:49.387+0000][364.833s][1668][1784][info ] Leaving safepoint region
[2025-05-19T18:20:49.387+0000][364.833s][1668][1784][info ] Total time for which application threads were stopped: 0.0003363 seconds, Stopping threads took: 0.0001564 seconds
[2025-05-19T18:21:21.393+0000][396.840s][1668][1784][info ] Application time: 32.0065916 seconds
[2025-05-19T18:21:21.394+0000][396.840s][1668][1784][info ] Entering safepoint region: Cleanup
[2025-05-19T18:21:21.394+0000][396.840s][1668][1784][info ] Leaving safepoint region
[2025-05-19T18:21:21.394+0000][396.840s][1668][1784][info ] Total time for which application threads were stopped: 0.0001806 seconds, Stopping threads took: 0.0000193 seconds
[2025-05-19T18:21:22.394+0000][397.840s][1668][1784][info ] Application time: 1.0001026 seconds
[2025-05-19T18:21:22.394+0000][397.840s][1668][1784][info ] Entering safepoint region: Cleanup
[2025-05-19T18:21:22.394+0000][397.840s][1668][1784][info ] Leaving safepoint region
[2025-05-19T18:21:22.394+0000][397.840s][1668][1784][info ] Total time for which application threads were stopped: 0.0001881 seconds, Stopping threads took: 0.0000200 seconds
[2025-05-19T18:21:26.394+0000][401.841s][1668][1784][info ] Application time: 4.0004151 seconds
[2025-05-19T18:21:26.395+0000][401.841s][1668][1784][info ] Entering safepoint region: Cleanup
[2025-05-19T18:21:26.395+0000][401.841s][1668][1784][info ] Leaving safepoint region
[2025-05-19T18:21:26.395+0000][401.841s][1668][1784][info ] Total time for which application threads were stopped: 0.0001984 seconds, Stopping threads took: 0.0000214 seconds
[2025-05-19T18:21:27.395+0000][402.841s][1668][1784][info ] Application time: 1.0001090 seconds
[2025-05-19T18:21:27.395+0000][402.841s][1668][1784][info ] Entering safepoint region: Cleanup
[2025-05-19T18:21:27.395+0000][402.841s][1668][1784][info ] Leaving safepoint region
[2025-05-19T18:21:27.395+0000][402.841s][1668][1784][info ] Total time for which application threads were stopped: 0.0002403 seconds, Stopping threads took: 0.0000317 seconds
[2025-05-19T18:21:35.396+0000][410.843s][1668][1784][info ] Application time: 8.0011099 seconds
[2025-05-19T18:21:35.396+0000][410.843s][1668][1784][info ] Entering safepoint region: Cleanup
[2025-05-19T18:21:35.396+0000][410.843s][1668][1784][info ] Leaving safepoint region
[2025-05-19T18:21:35.396+0000][410.843s][1668][1784][info ] Total time for which application threads were stopped: 0.0001899 seconds, Stopping threads took: 0.0000211 seconds
[2025-05-19T18:21:45.398+0000][420.844s][1668][1784][info ] Application time: 10.0011250 seconds
[2025-05-19T18:21:45.398+0000][420.844s][1668][1784][info ] Entering safepoint region: Cleanup
[2025-05-19T18:21:45.398+0000][420.844s][1668][1784][info ] Leaving safepoint region
[2025-05-19T18:21:45.398+0000][420.844s][1668][1784][info ] Total time for which application threads were stopped: 0.0002883 seconds, Stopping threads took: 0.0000410 seconds
[2025-05-19T18:22:04.401+0000][439.847s][1668][1784][info ] Application time: 19.0029163 seconds
[2025-05-19T18:22:04.401+0000][439.847s][1668][1784][info ] Entering safepoint region: Cleanup
[2025-05-19T18:22:04.401+0000][439.848s][1668][1784][info ] Leaving safepoint region
[2025-05-19T18:22:04.401+0000][439.848s][1668][1784][info ] Total time for which application threads were stopped: 0.0002736 seconds, Stopping threads took: 0.0000292 seconds
[2025-05-19T18:22:30.405+0000][465.851s][1668][1784][info ] Application time: 26.0038135 seconds
[2025-05-19T18:22:30.405+0000][465.852s][1668][1784][info ] Entering safepoint region: Cleanup
[2025-05-19T18:22:30.405+0000][465.852s][1668][1784][info ] Leaving safepoint region
[2025-05-19T18:22:30.405+0000][465.852s][1668][1784][info ] Total time for which application threads were stopped: 0.0002948 seconds, Stopping threads took: 0.0000207 seconds
[2025-05-19T18:22:33.406+0000][468.852s][1668][1784][info ] Application time: 3.0003565 seconds
[2025-05-19T18:22:33.406+0000][468.852s][1668][1784][info ] Entering safepoint region: Cleanup
[2025-05-19T18:22:33.406+0000][468.853s][1668][1784][info ] Leaving safepoint region
[2025-05-19T18:22:33.406+0000][468.853s][1668][1784][info ] Total time for which application threads were stopped: 0.0003940 seconds, Stopping threads took: 0.0000782 seconds
[2025-05-19T18:22:35.407+0000][470.853s][1668][1784][info ] Application time: 2.0002967 seconds
[2025-05-19T18:22:35.407+0000][470.853s][1668][1784][info ] Entering safepoint region: Cleanup
[2025-05-19T18:22:35.407+0000][470.853s][1668][1784][info ] Leaving safepoint region
[2025-05-19T18:22:35.407+0000][470.853s][1668][1784][info ] Total time for which application threads were stopped: 0.0002658 seconds, Stopping threads took: 0.0000459 seconds
[2025-05-19T18:22:42.408+0000][477.854s][1668][1784][info ] Application time: 7.0007486 seconds
[2025-05-19T18:22:42.408+0000][477.854s][1668][1784][info ] Entering safepoint region: Cleanup
[2025-05-19T18:22:42.408+0000][477.854s][1668][1784][info ] Leaving safepoint region
[2025-05-19T18:22:42.408+0000][477.854s][1668][1784][info ] Total time for which application threads were stopped: 0.0001731 seconds, Stopping threads took: 0.0000240 seconds
[2025-05-19T18:22:43.408+0000][478.854s][1668][1784][info ] Application time: 1.0001042 seconds
[2025-05-19T18:22:43.408+0000][478.854s][1668][1784][info ] Entering safepoint region: Cleanup
[2025-05-19T18:22:43.408+0000][478.855s][1668][1784][info ] Leaving safepoint region
[2025-05-19T18:22:43.408+0000][478.855s][1668][1784][info ] Total time for which application threads were stopped: 0.0002953 seconds, Stopping threads took: 0.0000321 seconds
[2025-05-19T18:23:05.411+0000][500.858s][1668][1784][info ] Application time: 22.0029639 seconds
[2025-05-19T18:23:05.411+0000][500.858s][1668][1784][info ] Entering safepoint region: Cleanup
[2025-05-19T18:23:05.412+0000][500.858s][1668][1784][info ] Leaving safepoint region
[2025-05-19T18:23:05.412+0000][500.858s][1668][1784][info ] Total time for which application threads were stopped: 0.0002409 seconds, Stopping threads took: 0.0000360 seconds
[2025-05-19T18:23:17.415+0000][512.861s][1668][1784][info ] Application time: 12.0031601 seconds
[2025-05-19T18:23:17.415+0000][512.861s][1668][1784][info ] Entering safepoint region: Cleanup
[2025-05-19T18:23:17.415+0000][512.861s][1668][1784][info ] Leaving safepoint region
[2025-05-19T18:23:17.415+0000][512.861s][1668][1784][info ] Total time for which application threads were stopped: 0.0001988 seconds, Stopping threads took: 0.0000268 seconds
[2025-05-19T18:23:18.415+0000][513.862s][1668][1784][info ] Application time: 1.0001638 seconds
[2025-05-19T18:23:18.415+0000][513.862s][1668][1784][info ] Entering safepoint region: Cleanup
[2025-05-19T18:23:18.416+0000][513.862s][1668][1784][info ] Leaving safepoint region
[2025-05-19T18:23:18.416+0000][513.862s][1668][1784][info ] Total time for which application threads were stopped: 0.0002837 seconds, Stopping threads took: 0.0000340 seconds
[2025-05-19T18:23:19.416+0000][514.862s][1668][1784][info ] Application time: 1.0001448 seconds
[2025-05-19T18:23:19.416+0000][514.862s][1668][1784][info ] Entering safepoint region: Cleanup
[2025-05-19T18:23:19.416+0000][514.862s][1668][1784][info ] Leaving safepoint region
[2025-05-19T18:23:19.416+0000][514.862s][1668][1784][info ] Total time for which application threads were stopped: 0.0002441 seconds, Stopping threads took: 0.0000325 seconds
[2025-05-19T18:23:20.416+0000][515.863s][1668][1784][info ] Application time: 1.0001479 seconds
[2025-05-19T18:23:20.416+0000][515.863s][1668][1784][info ] Entering safepoint region: Cleanup
[2025-05-19T18:23:20.417+0000][515.863s][1668][1784][info ] Leaving safepoint region
[2025-05-19T18:23:20.417+0000][515.863s][1668][1784][info ] Total time for which application threads were stopped: 0.0002348 seconds, Stopping threads took: 0.0000322 seconds
[2025-05-19T18:23:21.417+0000][516.863s][1668][1784][info ] Application time: 1.0000796 seconds
[2025-05-19T18:23:21.417+0000][516.863s][1668][1784][info ] Entering safepoint region: Cleanup
[2025-05-19T18:23:21.417+0000][516.863s][1668][1784][info ] Leaving safepoint region
[2025-05-19T18:23:21.417+0000][516.863s][1668][1784][info ] Total time for which application threads were stopped: 0.0002136 seconds, Stopping threads took: 0.0000216 seconds
[2025-05-19T18:23:22.417+0000][517.863s][1668][1784][info ] Application time: 1.0000777 seconds
[2025-05-19T18:23:22.417+0000][517.863s][1668][1784][info ] Entering safepoint region: Cleanup
[2025-05-19T18:23:22.417+0000][517.864s][1668][1784][info ] Leaving safepoint region
[2025-05-19T18:23:22.417+0000][517.864s][1668][1784][info ] Total time for which application threads were stopped: 0.0002078 seconds, Stopping threads took: 0.0000248 seconds
[2025-05-19T18:23:23.417+0000][518.864s][1668][1784][info ] Application time: 1.0001018 seconds
[2025-05-19T18:23:23.417+0000][518.864s][1668][1784][info ] Entering safepoint region: Cleanup
[2025-05-19T18:23:23.418+0000][518.864s][1668][1784][info ] Leaving safepoint region
[2025-05-19T18:23:23.418+0000][518.864s][1668][1784][info ] Total time for which application threads were stopped: 0.0002270 seconds, Stopping threads took: 0.0000233 seconds
[2025-05-19T18:23:24.418+0000][519.864s][1668][1784][info ] Application time: 1.0001154 seconds
[2025-05-19T18:23:24.418+0000][519.864s][1668][1784][info ] Entering safepoint region: Cleanup
[2025-05-19T18:23:24.418+0000][519.864s][1668][1784][info ] Leaving safepoint region
[2025-05-19T18:23:24.418+0000][519.864s][1668][1784][info ] Total time for which application threads were stopped: 0.0002422 seconds, Stopping threads took: 0.0000341 seconds
[2025-05-19T18:23:25.418+0000][520.865s][1668][1784][info ] Application time: 1.0001363 seconds
[2025-05-19T18:23:25.418+0000][520.865s][1668][1784][info ] Entering safepoint region: Cleanup
[2025-05-19T18:23:25.419+0000][520.865s][1668][1784][info ] Leaving safepoint region
[2025-05-19T18:23:25.419+0000][520.865s][1668][1784][info ] Total time for which application threads were stopped: 0.0003310 seconds, Stopping threads took: 0.0000219 seconds
[2025-05-19T18:23:26.419+0000][521.865s][1668][1784][info ] Application time: 1.0001545 seconds
[2025-05-19T18:23:26.419+0000][521.865s][1668][1784][info ] Entering safepoint region: Cleanup
[2025-05-19T18:23:26.419+0000][521.865s][1668][1784][info ] Leaving safepoint region
[2025-05-19T18:23:26.419+0000][521.865s][1668][1784][info ] Total time for which application threads were stopped: 0.0001948 seconds, Stopping threads took: 0.0000202 seconds
[2025-05-19T18:23:28.419+0000][523.866s][1668][1784][info ] Application time: 2.0003067 seconds
[2025-05-19T18:23:28.419+0000][523.866s][1668][1784][info ] Entering safepoint region: Cleanup
[2025-05-19T18:23:28.420+0000][523.866s][1668][1784][info ] Leaving safepoint region
[2025-05-19T18:23:28.420+0000][523.866s][1668][1784][info ] Total time for which application threads were stopped: 0.0001885 seconds, Stopping threads took: 0.0000203 seconds
[2025-05-19T18:23:30.420+0000][525.866s][1668][1784][info ] Application time: 2.0002598 seconds
[2025-05-19T18:23:30.420+0000][525.866s][1668][1784][info ] Entering safepoint region: Cleanup
[2025-05-19T18:23:30.420+0000][525.867s][1668][1784][info ] Leaving safepoint region
[2025-05-19T18:23:30.420+0000][525.867s][1668][1784][info ] Total time for which application threads were stopped: 0.0002877 seconds, Stopping threads took: 0.0000290 seconds
[2025-05-19T18:23:30.759+0000][526.206s][1668][2037][info ] Heap
[2025-05-19T18:23:30.760+0000][526.206s][1668][2037][info ]  garbage-first heap   total 8060928K, used 1046513K [0x0000000614000000, 0x0000000800000000)
[2025-05-19T18:23:30.760+0000][526.206s][1668][2037][info ]   region size 16384K, 65 young (1064960K), 1 survivors (16384K)
[2025-05-19T18:23:30.760+0000][526.206s][1668][2037][info ]  Metaspace       used 53909K, capacity 56455K, committed 56576K, reserved 1097728K
[2025-05-19T18:23:30.760+0000][526.206s][1668][2037][info ]   class space    used 6477K, capacity 7609K, committed 7680K, reserved 1048576K
[2025-05-19T18:23:30.760+0000][526.206s][1668][1784][info ] Application time: 0.3398217 seconds
[2025-05-19T18:23:30.760+0000][526.207s][1668][1784][info ] Entering safepoint region: Exit
